id,part_number_id,route_id,demand_date,quantity
1,294,1,2026-01-01,5
2,109,1,2026-01-01,3
3,177,1,2026-01-01,6
4,52,1,2026-01-01,4
5,165,1,2026-01-01,6
6,79,1,2026-01-01,1
7,300,1,2026-01-01,2
8,71,1,2026-01-01,2
9,17,1,2026-01-01,1
10,286,1,2026-01-01,5
11,244,1,2026-01-01,1
12,214,1,2026-01-01,1
13,96,1,2026-01-01,4
14,148,1,2026-01-01,5
15,18,1,2026-01-01,3
16,185,1,2026-01-01,3
17,215,1,2026-01-01,4
18,59,1,2026-01-01,2
19,112,1,2026-01-01,2
20,1,1,2026-01-01,5
21,113,1,2026-01-01,1
22,252,1,2026-01-01,2
23,90,1,2026-01-01,4
24,249,1,2026-01-01,7
25,221,1,2026-01-01,6
26,198,1,2026-01-01,4
27,140,1,2026-01-01,4
28,198,1,2026-01-02,1
29,103,1,2026-01-02,6
30,280,1,2026-01-02,2
31,123,1,2026-01-02,3
32,111,1,2026-01-02,2
33,283,1,2026-01-02,4
34,298,1,2026-01-02,8
35,257,1,2026-01-02,4
36,148,1,2026-01-02,2
37,79,1,2026-01-02,7
38,159,1,2026-01-02,4
39,43,1,2026-01-02,1
40,13,1,2026-01-02,2
41,151,1,2026-01-02,3
42,249,1,2026-01-02,3
43,247,1,2026-01-02,3
44,190,1,2026-01-03,2
45,280,1,2026-01-03,2
46,168,1,2026-01-03,1
47,12,1,2026-01-03,1
48,109,1,2026-01-03,3
49,120,1,2026-01-03,2
50,164,1,2026-01-03,2
51,43,1,2026-01-03,2
52,250,1,2026-01-03,3
53,90,1,2026-01-03,1
54,221,1,2026-01-03,2
55,245,1,2026-01-03,3
56,294,1,2026-01-03,4
57,198,1,2026-01-03,1
58,6,1,2026-01-03,1
59,176,1,2026-01-03,1
60,5,1,2026-01-03,2
61,113,1,2026-01-03,2
62,68,1,2026-01-03,5
63,108,1,2026-01-03,3
64,140,1,2026-01-03,2
65,109,1,2026-01-04,4
66,285,1,2026-01-04,1
67,164,1,2026-01-04,1
68,229,1,2026-01-04,2
69,140,1,2026-01-04,1
70,96,1,2026-01-04,3
71,71,1,2026-01-04,1
72,181,1,2026-01-04,3
73,194,1,2026-01-04,3
74,111,1,2026-01-04,1
75,28,1,2026-01-04,1
76,165,1,2026-01-04,1
77,107,1,2026-01-04,2
78,123,1,2026-01-04,1
79,68,1,2026-01-04,1
80,168,1,2026-01-04,2
81,162,1,2026-01-04,1
82,298,1,2026-01-04,2
83,283,1,2026-01-04,1
84,140,1,2026-01-05,1
85,214,1,2026-01-05,3
86,159,1,2026-01-05,3
87,74,1,2026-01-05,5
88,164,1,2026-01-05,6
89,113,1,2026-01-05,2
90,171,1,2026-01-05,7
91,209,1,2026-01-05,7
92,107,1,2026-01-05,4
93,218,1,2026-01-05,3
94,18,1,2026-01-05,1
95,81,1,2026-01-05,4
96,177,1,2026-01-05,2
97,294,1,2026-01-05,1
98,185,1,2026-01-05,1
99,5,1,2026-01-05,3
100,223,1,2026-01-05,1
101,71,1,2026-01-05,2
102,106,1,2026-01-05,3
103,60,1,2026-01-05,5
104,291,1,2026-01-05,3
105,108,1,2026-01-05,1
106,12,1,2026-01-05,1
107,162,1,2026-01-05,6
108,257,1,2026-01-05,3
109,175,1,2026-01-05,3
110,221,1,2026-01-05,4
111,293,1,2026-01-06,6
112,108,1,2026-01-06,5
113,1,1,2026-01-06,2
114,177,1,2026-01-06,1
115,209,1,2026-01-06,4
116,18,1,2026-01-06,4
117,171,1,2026-01-06,3
118,190,1,2026-01-06,1
119,159,1,2026-01-06,1
120,59,1,2026-01-06,3
121,123,1,2026-01-06,3
122,285,1,2026-01-06,3
123,128,1,2026-01-06,3
124,245,1,2026-01-06,3
125,229,1,2026-01-06,2
126,247,1,2026-01-06,7
127,12,1,2026-01-06,2
128,222,1,2026-01-06,2
129,215,1,2026-01-06,5
130,89,1,2026-01-06,1
131,39,1,2026-01-06,3
132,60,1,2026-01-06,5
133,280,1,2026-01-06,4
134,6,1,2026-01-06,3
135,294,1,2026-01-07,3
136,221,1,2026-01-07,2
137,18,1,2026-01-07,1
138,39,1,2026-01-07,1
139,89,1,2026-01-07,2
140,148,1,2026-01-07,3
141,140,1,2026-01-07,5
142,185,1,2026-01-07,7
143,81,1,2026-01-07,2
144,19,1,2026-01-07,4
145,285,1,2026-01-07,4
146,276,1,2026-01-07,2
147,182,1,2026-01-07,3
148,214,1,2026-01-07,4
149,17,1,2026-01-07,3
150,35,1,2026-01-07,2
151,171,1,2026-01-07,7
152,244,1,2026-01-07,4
153,289,1,2026-01-07,4
154,60,1,2026-01-07,2
155,280,1,2026-01-07,3
156,5,1,2026-01-07,4
157,252,1,2026-01-07,3
158,132,1,2026-01-07,5
159,293,1,2026-01-07,3
160,223,1,2026-01-07,3
161,107,1,2026-01-07,3
162,6,1,2026-01-08,7
163,300,1,2026-01-08,8
164,103,1,2026-01-08,4
165,294,1,2026-01-08,8
166,109,1,2026-01-08,6
167,74,1,2026-01-08,4
168,52,1,2026-01-08,6
169,19,1,2026-01-08,2
170,285,1,2026-01-08,9
171,17,1,2026-01-08,5
172,132,1,2026-01-08,5
173,223,1,2026-01-08,2
174,39,1,2026-01-08,5
175,113,1,2026-01-08,7
176,192,1,2026-01-08,3
177,89,1,2026-01-08,6
178,198,1,2026-01-08,1
179,293,1,2026-01-09,2
180,298,1,2026-01-09,2
181,243,1,2026-01-09,2
182,182,1,2026-01-09,3
183,39,1,2026-01-09,3
184,283,1,2026-01-09,5
185,128,1,2026-01-09,6
186,18,1,2026-01-09,1
187,165,1,2026-01-09,1
188,280,1,2026-01-09,2
189,52,1,2026-01-09,4
190,267,1,2026-01-09,6
191,168,1,2026-01-09,7
192,91,1,2026-01-09,3
193,74,1,2026-01-09,1
194,113,1,2026-01-09,7
195,250,1,2026-01-09,2
196,108,1,2026-01-09,3
197,229,1,2026-01-09,5
198,230,1,2026-01-09,5
199,59,1,2026-01-09,1
200,96,1,2026-01-09,3
201,289,1,2026-01-09,1
202,1,1,2026-01-09,5
203,252,1,2026-01-09,3
204,181,1,2026-01-09,6
205,124,1,2026-01-09,4
206,244,1,2026-01-09,6
207,294,1,2026-01-09,1
208,247,1,2026-01-09,2
209,132,1,2026-01-09,2
210,151,1,2026-01-09,4
211,176,1,2026-01-10,1
212,5,1,2026-01-10,1
213,124,1,2026-01-10,1
214,280,1,2026-01-10,1
215,214,1,2026-01-10,2
216,182,1,2026-01-10,1
217,68,1,2026-01-10,1
218,171,1,2026-01-10,3
219,30,1,2026-01-10,1
220,215,1,2026-01-10,2
221,164,1,2026-01-10,3
222,108,1,2026-01-10,3
223,52,1,2026-01-11,1
224,283,1,2026-01-11,1
225,63,1,2026-01-11,3
226,35,1,2026-01-11,1
227,40,1,2026-01-11,5
228,106,1,2026-01-11,2
229,223,1,2026-01-11,1
230,123,1,2026-01-11,1
231,90,1,2026-01-11,2
232,59,1,2026-01-11,1
233,39,1,2026-01-11,1
234,30,1,2026-01-11,1
235,190,1,2026-01-11,3
236,165,1,2026-01-11,1
237,12,1,2026-01-11,5
238,285,1,2026-01-11,2
239,74,1,2026-01-11,2
240,68,1,2026-01-11,2
241,182,1,2026-01-12,3
242,192,1,2026-01-12,4
243,106,1,2026-01-12,5
244,245,1,2026-01-12,5
245,19,1,2026-01-12,4
246,17,1,2026-01-12,3
247,86,1,2026-01-12,2
248,194,1,2026-01-12,2
249,89,1,2026-01-12,4
250,285,1,2026-01-12,3
251,215,1,2026-01-12,2
252,249,1,2026-01-12,3
253,71,1,2026-01-12,3
254,128,1,2026-01-12,3
255,229,1,2026-01-12,4
256,223,1,2026-01-12,1
257,185,1,2026-01-12,3
258,81,1,2026-01-12,8
259,250,1,2026-01-12,1
260,148,1,2026-01-13,8
261,182,1,2026-01-13,1
262,128,1,2026-01-13,1
263,294,1,2026-01-13,3
264,194,1,2026-01-13,1
265,185,1,2026-01-13,1
266,162,1,2026-01-13,4
267,108,1,2026-01-13,2
268,159,1,2026-01-13,7
269,168,1,2026-01-13,6
270,244,1,2026-01-13,1
271,293,1,2026-01-13,3
272,111,1,2026-01-13,2
273,17,1,2026-01-13,2
274,12,1,2026-01-13,4
275,300,1,2026-01-13,5
276,250,1,2026-01-13,2
277,63,1,2026-01-13,2
278,28,1,2026-01-13,2
279,181,1,2026-01-13,2
280,6,1,2026-01-13,1
281,276,1,2026-01-13,2
282,71,1,2026-01-13,1
283,289,1,2026-01-13,1
284,214,1,2026-01-13,3
285,17,1,2026-01-14,3
286,215,1,2026-01-14,2
287,267,1,2026-01-14,2
288,175,1,2026-01-14,2
289,164,1,2026-01-14,5
290,257,1,2026-01-14,4
291,43,1,2026-01-14,1
292,192,1,2026-01-14,1
293,90,1,2026-01-14,3
294,74,1,2026-01-14,2
295,230,1,2026-01-14,5
296,6,1,2026-01-14,3
297,148,1,2026-01-14,4
298,165,1,2026-01-14,3
299,245,1,2026-01-14,2
300,168,1,2026-01-14,2
301,60,1,2026-01-14,8
302,250,1,2026-01-14,2
303,276,1,2026-01-14,1
304,18,1,2026-01-14,4
305,289,1,2026-01-14,4
306,293,1,2026-01-14,2
307,209,1,2026-01-14,4
308,291,1,2026-01-15,4
309,74,1,2026-01-15,6
310,111,1,2026-01-15,4
311,112,1,2026-01-15,3
312,175,1,2026-01-15,3
313,249,1,2026-01-15,4
314,230,1,2026-01-15,2
315,17,1,2026-01-15,8
316,177,1,2026-01-15,1
317,289,1,2026-01-15,4
318,40,1,2026-01-15,8
319,182,1,2026-01-15,1
320,52,1,2026-01-15,3
321,168,1,2026-01-15,6
322,247,1,2026-01-15,4
323,159,1,2026-01-15,3
324,91,1,2026-01-15,2
325,89,1,2026-01-15,3
326,39,1,2026-01-15,2
327,171,1,2026-01-15,4
328,209,1,2026-01-15,1
329,165,1,2026-01-15,2
330,245,1,2026-01-15,3
331,103,1,2026-01-15,3
332,30,1,2026-01-15,4
333,128,1,2026-01-15,2
334,218,1,2026-01-15,2
335,28,1,2026-01-15,2
336,285,1,2026-01-15,5
337,120,1,2026-01-15,1
338,40,1,2026-01-16,2
339,132,1,2026-01-16,1
340,43,1,2026-01-16,1
341,81,1,2026-01-16,4
342,190,1,2026-01-16,1
343,86,1,2026-01-16,2
344,181,1,2026-01-16,5
345,247,1,2026-01-16,3
346,68,1,2026-01-16,2
347,249,1,2026-01-16,1
348,107,1,2026-01-16,3
349,90,1,2026-01-16,4
350,89,1,2026-01-16,6
351,12,1,2026-01-16,2
352,17,1,2026-01-16,2
353,123,1,2026-01-16,1
354,109,1,2026-01-16,2
355,28,1,2026-01-16,2
356,159,1,2026-01-16,3
357,186,1,2026-01-16,7
358,291,1,2026-01-16,1
359,286,1,2026-01-16,1
360,252,1,2026-01-16,1
361,276,1,2026-01-16,3
362,71,1,2026-01-16,1
363,60,1,2026-01-16,4
364,298,1,2026-01-16,4
365,280,1,2026-01-16,5
366,108,1,2026-01-16,1
367,164,1,2026-01-16,2
368,1,1,2026-01-16,4
369,74,1,2026-01-16,2
370,222,1,2026-01-16,1
371,35,1,2026-01-16,7
372,267,1,2026-01-16,3
373,192,1,2026-01-17,1
374,300,1,2026-01-17,2
375,113,1,2026-01-17,1
376,283,1,2026-01-17,1
377,81,1,2026-01-17,2
378,298,1,2026-01-17,1
379,103,1,2026-01-17,1
380,123,1,2026-01-17,3
381,43,1,2026-01-17,3
382,252,1,2026-01-17,3
383,96,1,2026-01-17,2
384,175,1,2026-01-17,2
385,280,1,2026-01-17,2
386,40,1,2026-01-17,5
387,13,1,2026-01-17,1
388,112,1,2026-01-17,1
389,111,1,2026-01-17,1
390,215,1,2026-01-17,1
391,276,1,2026-01-17,2
392,291,1,2026-01-17,2
393,185,1,2026-01-17,1
394,165,1,2026-01-18,1
395,86,1,2026-01-18,2
396,28,1,2026-01-18,4
397,103,1,2026-01-18,3
398,132,1,2026-01-18,1
399,250,1,2026-01-18,2
400,198,1,2026-01-18,2
401,175,1,2026-01-18,1
402,151,1,2026-01-18,1
403,209,1,2026-01-18,4
404,71,1,2026-01-18,2
405,59,1,2026-01-18,3
406,177,1,2026-01-18,1
407,182,1,2026-01-18,2
408,164,1,2026-01-18,2
409,1,1,2026-01-18,3
410,185,1,2026-01-18,2
411,89,1,2026-01-18,2
412,120,1,2026-01-18,2
413,230,1,2026-01-18,1
414,5,1,2026-01-18,6
415,214,1,2026-01-19,5
416,285,1,2026-01-19,6
417,192,1,2026-01-19,4
418,283,1,2026-01-19,3
419,40,1,2026-01-19,3
420,89,1,2026-01-19,7
421,59,1,2026-01-19,5
422,244,1,2026-01-19,2
423,6,1,2026-01-19,4
424,91,1,2026-01-19,3
425,151,1,2026-01-19,1
426,140,1,2026-01-19,2
427,289,1,2026-01-19,5
428,190,1,2026-01-19,3
429,186,1,2026-01-19,4
430,148,1,2026-01-19,4
431,159,1,2026-01-19,4
432,106,1,2026-01-19,4
433,177,1,2026-01-19,2
434,181,1,2026-01-19,3
435,19,1,2026-01-19,3
436,60,1,2026-01-19,2
437,293,1,2026-01-19,3
438,250,1,2026-01-19,4
439,74,1,2026-01-19,2
440,112,1,2026-01-19,4
441,28,1,2026-01-19,5
442,176,1,2026-01-19,1
443,113,1,2026-01-19,2
444,165,1,2026-01-19,1
445,286,1,2026-01-19,4
446,81,1,2026-01-19,2
447,96,1,2026-01-19,3
448,293,1,2026-01-20,3
449,223,1,2026-01-20,4
450,164,1,2026-01-20,2
451,40,1,2026-01-20,4
452,128,1,2026-01-20,2
453,103,1,2026-01-20,3
454,171,1,2026-01-20,4
455,267,1,2026-01-20,1
456,285,1,2026-01-20,2
457,291,1,2026-01-20,8
458,5,1,2026-01-20,3
459,123,1,2026-01-20,3
460,52,1,2026-01-20,4
461,245,1,2026-01-20,3
462,159,1,2026-01-20,3
463,6,1,2026-01-20,3
464,90,1,2026-01-20,2
465,109,1,2026-01-20,5
466,107,1,2026-01-20,2
467,19,1,2026-01-20,3
468,120,1,2026-01-20,5
469,194,1,2026-01-20,3
470,13,1,2026-01-20,5
471,17,1,2026-01-20,3
472,230,1,2026-01-20,5
473,89,1,2026-01-20,5
474,247,1,2026-01-20,3
475,43,1,2026-01-20,4
476,132,1,2026-01-20,1
477,162,1,2026-01-20,4
478,168,1,2026-01-20,3
479,164,1,2026-01-21,5
480,257,1,2026-01-21,2
481,5,1,2026-01-21,4
482,194,1,2026-01-21,8
483,250,1,2026-01-21,3
484,249,1,2026-01-21,4
485,209,1,2026-01-21,5
486,90,1,2026-01-21,4
487,148,1,2026-01-21,3
488,300,1,2026-01-21,2
489,230,1,2026-01-21,1
490,276,1,2026-01-21,3
491,132,1,2026-01-21,2
492,244,1,2026-01-21,4
493,109,1,2026-01-21,4
494,12,1,2026-01-21,2
495,89,1,2026-01-21,2
496,124,1,2026-01-21,2
497,190,1,2026-01-21,2
498,298,1,2026-01-22,2
499,293,1,2026-01-22,2
500,81,1,2026-01-22,2
501,35,1,2026-01-22,3
502,250,1,2026-01-22,2
503,221,1,2026-01-22,5
504,214,1,2026-01-22,5
505,243,1,2026-01-22,2
506,198,1,2026-01-22,4
507,60,1,2026-01-22,4
508,222,1,2026-01-22,2
509,96,1,2026-01-22,7
510,109,1,2026-01-22,5
511,300,1,2026-01-22,3
512,86,1,2026-01-22,4
513,168,1,2026-01-22,2
514,177,1,2026-01-22,3
515,52,1,2026-01-22,3
516,283,1,2026-01-22,5
517,140,1,2026-01-22,1
518,128,1,2026-01-22,3
519,215,1,2026-01-22,5
520,148,1,2026-01-22,4
521,5,1,2026-01-22,7
522,190,1,2026-01-22,4
523,107,1,2026-01-22,6
524,12,1,2026-01-22,6
525,171,1,2026-01-22,2
526,71,1,2026-01-22,6
527,245,1,2026-01-22,3
528,182,1,2026-01-22,3
529,192,1,2026-01-22,4
530,176,1,2026-01-23,8
531,286,1,2026-01-23,3
532,91,1,2026-01-23,2
533,13,1,2026-01-23,1
534,192,1,2026-01-23,2
535,89,1,2026-01-23,3
536,257,1,2026-01-23,2
537,52,1,2026-01-23,2
538,123,1,2026-01-23,4
539,12,1,2026-01-23,3
540,132,1,2026-01-23,2
541,181,1,2026-01-23,2
542,71,1,2026-01-23,3
543,221,1,2026-01-23,2
544,128,1,2026-01-23,4
545,218,1,2026-01-24,3
546,18,1,2026-01-24,4
547,252,1,2026-01-24,2
548,182,1,2026-01-24,2
549,293,1,2026-01-24,1
550,267,1,2026-01-24,1
551,108,1,2026-01-24,1
552,247,1,2026-01-24,1
553,209,1,2026-01-24,2
554,159,1,2026-01-24,2
555,151,1,2026-01-24,1
556,294,1,2026-01-24,2
557,63,1,2026-01-24,2
558,298,1,2026-01-24,1
559,60,1,2026-01-24,3
560,165,1,2026-01-24,1
561,106,1,2026-01-24,4
562,35,1,2026-01-24,3
563,96,1,2026-01-24,1
564,81,1,2026-01-24,3
565,109,1,2026-01-24,1
566,223,1,2026-01-24,2
567,52,1,2026-01-25,1
568,198,1,2026-01-25,1
569,63,1,2026-01-25,1
570,1,1,2026-01-25,1
571,247,1,2026-01-25,1
572,223,1,2026-01-25,1
573,286,1,2026-01-25,3
574,159,1,2026-01-25,2
575,86,1,2026-01-25,2
576,128,1,2026-01-25,1
577,124,1,2026-01-25,1
578,132,1,2026-01-25,3
579,35,1,2026-01-25,2
580,283,1,2026-01-25,2
581,107,1,2026-01-25,1
582,245,1,2026-01-25,1
583,79,1,2026-01-25,2
584,181,1,2026-01-25,1
585,182,1,2026-01-25,1
586,215,1,2026-01-25,1
587,71,1,2026-01-26,2
588,249,1,2026-01-26,5
589,43,1,2026-01-26,1
590,218,1,2026-01-26,4
591,91,1,2026-01-26,1
592,221,1,2026-01-26,4
593,106,1,2026-01-26,6
594,190,1,2026-01-26,2
595,113,1,2026-01-26,4
596,214,1,2026-01-26,3
597,28,1,2026-01-26,2
598,19,1,2026-01-26,3
599,103,1,2026-01-26,2
600,276,1,2026-01-26,5
601,74,1,2026-01-26,1
602,90,1,2026-01-26,3
603,294,1,2026-01-26,1
604,164,1,2026-01-26,6
605,63,1,2026-01-26,5
606,120,1,2026-01-26,3
607,198,1,2026-01-26,1
608,30,1,2026-01-26,5
609,79,1,2026-01-26,2
610,5,1,2026-01-26,1
611,185,1,2026-01-26,5
612,40,1,2026-01-26,4
613,182,1,2026-01-26,3
614,124,1,2026-01-26,4
615,90,1,2026-01-27,6
616,182,1,2026-01-27,2
617,247,1,2026-01-27,5
618,6,1,2026-01-27,1
619,96,1,2026-01-27,3
620,71,1,2026-01-27,4
621,128,1,2026-01-27,3
622,293,1,2026-01-27,2
623,171,1,2026-01-27,2
624,286,1,2026-01-27,3
625,35,1,2026-01-27,1
626,300,1,2026-01-27,1
627,63,1,2026-01-27,4
628,223,1,2026-01-27,3
629,257,1,2026-01-27,3
630,159,1,2026-01-27,2
631,177,1,2026-01-27,3
632,181,1,2026-01-27,5
633,244,1,2026-01-27,2
634,151,1,2026-01-27,2
635,111,1,2026-01-27,1
636,164,1,2026-01-27,3
637,40,1,2026-01-27,5
638,162,1,2026-01-27,6
639,109,1,2026-01-27,6
640,107,1,2026-01-28,2
641,13,1,2026-01-28,2
642,86,1,2026-01-28,3
643,28,1,2026-01-28,2
644,60,1,2026-01-28,5
645,249,1,2026-01-28,6
646,221,1,2026-01-28,4
647,71,1,2026-01-28,1
648,267,1,2026-01-28,1
649,52,1,2026-01-28,1
650,108,1,2026-01-28,1
651,218,1,2026-01-28,7
652,168,1,2026-01-28,3
653,289,1,2026-01-28,3
654,35,1,2026-01-28,4
655,194,1,2026-01-28,1
656,17,1,2026-01-28,5
657,298,1,2026-01-28,6
658,283,1,2026-01-28,3
659,171,1,2026-01-28,4
660,123,1,2026-01-28,2
661,79,1,2026-01-28,6
662,128,1,2026-01-28,2
663,43,1,2026-01-28,1
664,300,1,2026-01-28,4
665,96,1,2026-01-28,2
666,5,1,2026-01-28,2
667,74,1,2026-01-28,3
668,6,1,2026-01-28,3
669,12,1,2026-01-28,3
670,185,1,2026-01-28,3
671,294,1,2026-01-28,3
672,91,1,2026-01-28,4
673,132,1,2026-01-28,3
674,120,1,2026-01-29,2
675,103,1,2026-01-29,3
676,229,1,2026-01-29,3
677,113,1,2026-01-29,5
678,285,1,2026-01-29,3
679,18,1,2026-01-29,2
680,252,1,2026-01-29,7
681,176,1,2026-01-29,3
682,298,1,2026-01-29,3
683,12,1,2026-01-29,2
684,28,1,2026-01-29,2
685,164,1,2026-01-29,2
686,286,1,2026-01-29,2
687,249,1,2026-01-29,4
688,74,1,2026-01-29,4
689,30,1,2026-01-29,2
690,283,1,2026-01-29,2
691,35,1,2026-01-29,2
692,221,1,2026-01-29,4
693,289,1,2026-01-29,2
694,5,1,2026-01-29,4
695,222,1,2026-01-29,1
696,60,1,2026-01-29,4
697,223,1,2026-01-29,3
698,43,1,2026-01-29,4
699,151,1,2026-01-29,7
700,86,1,2026-01-29,1
701,52,1,2026-01-29,1
702,63,1,2026-01-29,4
703,81,1,2026-01-29,3
704,107,1,2026-01-29,2
705,1,1,2026-01-29,3
706,257,1,2026-01-29,4
707,177,1,2026-01-29,5
708,218,1,2026-01-29,1
709,79,1,2026-01-29,2
710,43,1,2026-01-30,2
711,186,1,2026-01-30,4
712,111,1,2026-01-30,5
713,74,1,2026-01-30,4
714,185,1,2026-01-30,1
715,244,1,2026-01-30,4
716,79,1,2026-01-30,1
717,113,1,2026-01-30,3
718,59,1,2026-01-30,4
719,107,1,2026-01-30,6
720,40,1,2026-01-30,2
721,192,1,2026-01-30,1
722,140,1,2026-01-30,3
723,151,1,2026-01-30,4
724,222,1,2026-01-30,3
725,198,1,2026-01-30,4
726,165,1,2026-01-30,1
727,298,1,2026-01-30,1
728,39,1,2026-01-30,4
729,108,1,2026-01-30,1
730,30,1,2026-01-30,1
731,162,1,2026-01-30,5
732,123,1,2026-01-30,6
733,168,1,2026-01-30,2
734,148,1,2026-01-30,2
735,52,1,2026-01-30,2
736,230,1,2026-01-30,1
737,294,1,2026-01-30,4
738,293,1,2026-01-30,1
739,19,1,2026-01-30,1
740,90,1,2026-01-30,2
741,96,1,2026-01-30,2
742,120,1,2026-01-30,1
743,60,1,2026-01-30,2
744,257,1,2026-01-30,5
745,175,1,2026-01-30,2
746,89,1,2026-01-30,1
747,91,1,2026-01-31,3
748,123,1,2026-01-31,2
749,293,1,2026-01-31,1
750,194,1,2026-01-31,2
751,140,1,2026-01-31,3
752,291,1,2026-01-31,2
753,107,1,2026-01-31,1
754,165,1,2026-01-31,2
755,286,1,2026-01-31,1
756,40,1,2026-01-31,1
757,68,1,2026-01-31,1
758,247,1,2026-01-31,2
759,12,1,2026-01-31,2
760,90,1,2026-01-31,2
761,209,1,2026-01-31,1
762,181,1,2026-01-31,1
763,52,1,2026-01-31,1
764,60,1,2026-01-31,3
765,289,1,2026-01-31,1
766,159,1,2026-01-31,2
767,294,1,2026-01-31,3
768,245,1,2026-01-31,4
769,89,1,2026-01-31,2
770,186,1,2026-01-31,2
771,124,1,2026-02-01,1
772,68,1,2026-02-01,1
773,128,1,2026-02-01,1
774,229,1,2026-02-01,2
775,245,1,2026-02-01,1
776,285,1,2026-02-01,1
777,186,1,2026-02-01,2
778,112,1,2026-02-01,1
779,35,1,2026-02-01,1
780,59,1,2026-02-01,2
781,71,1,2026-02-01,5
782,267,1,2026-02-01,1
783,223,1,2026-02-01,2
784,132,1,2026-02-01,1
785,19,1,2026-02-01,1
786,175,1,2026-02-01,4
787,89,1,2026-02-01,2
788,43,1,2026-02-01,1
789,91,1,2026-02-01,2
790,298,1,2026-02-01,2
791,280,1,2026-02-01,1
792,221,1,2026-02-01,1
793,151,1,2026-02-01,1
794,90,1,2026-02-01,2
795,257,1,2026-02-01,1
796,106,1,2026-02-01,1
797,214,1,2026-02-02,3
798,124,1,2026-02-02,3
799,132,1,2026-02-02,2
800,190,1,2026-02-02,2
801,223,1,2026-02-02,3
802,182,1,2026-02-02,5
803,176,1,2026-02-02,5
804,181,1,2026-02-02,2
805,18,1,2026-02-02,5
806,286,1,2026-02-02,5
807,71,1,2026-02-02,3
808,283,1,2026-02-02,3
809,300,1,2026-02-02,2
810,222,1,2026-02-02,2
811,257,1,2026-02-02,2
812,298,1,2026-02-02,2
813,40,1,2026-02-02,3
814,148,1,2026-02-02,6
815,74,1,2026-02-02,5
816,294,1,2026-02-02,4
817,28,1,2026-02-02,5
818,164,1,2026-02-02,1
819,120,1,2026-02-02,4
820,59,1,2026-02-02,3
821,185,1,2026-02-02,4
822,244,1,2026-02-02,3
823,86,1,2026-02-02,4
824,52,1,2026-02-02,3
825,175,1,2026-02-02,2
826,177,1,2026-02-02,1
827,108,1,2026-02-02,2
828,186,1,2026-02-02,1
829,89,1,2026-02-02,5
830,81,1,2026-02-02,2
831,109,1,2026-02-03,5
832,86,1,2026-02-03,5
833,71,1,2026-02-03,2
834,230,1,2026-02-03,1
835,293,1,2026-02-03,3
836,243,1,2026-02-03,4
837,59,1,2026-02-03,3
838,123,1,2026-02-03,1
839,148,1,2026-02-03,5
840,181,1,2026-02-03,5
841,198,1,2026-02-03,3
842,91,1,2026-02-03,2
843,12,1,2026-02-03,4
844,40,1,2026-02-03,3
845,245,1,2026-02-03,6
846,171,1,2026-02-03,7
847,103,1,2026-02-03,4
848,280,1,2026-02-03,3
849,289,1,2026-02-03,3
850,300,1,2026-02-03,1
851,252,1,2026-02-03,6
852,294,1,2026-02-03,5
853,177,1,2026-02-04,5
854,90,1,2026-02-04,3
855,267,1,2026-02-04,2
856,286,1,2026-02-04,5
857,293,1,2026-02-04,5
858,244,1,2026-02-04,2
859,81,1,2026-02-04,4
860,245,1,2026-02-04,3
861,186,1,2026-02-04,4
862,113,1,2026-02-04,3
863,280,1,2026-02-04,3
864,123,1,2026-02-04,3
865,17,1,2026-02-04,1
866,18,1,2026-02-04,4
867,298,1,2026-02-04,1
868,171,1,2026-02-04,6
869,250,1,2026-02-04,2
870,198,1,2026-02-04,1
871,165,1,2026-02-04,3
872,185,1,2026-02-04,3
873,291,1,2026-02-04,3
874,5,1,2026-02-04,2
875,28,1,2026-02-04,3
876,74,1,2026-02-04,1
877,276,1,2026-02-05,3
878,300,1,2026-02-05,3
879,218,1,2026-02-05,3
880,81,1,2026-02-05,3
881,293,1,2026-02-05,2
882,186,1,2026-02-05,5
883,230,1,2026-02-05,1
884,192,1,2026-02-05,1
885,209,1,2026-02-05,4
886,13,1,2026-02-05,1
887,63,1,2026-02-05,3
888,107,1,2026-02-05,2
889,79,1,2026-02-05,2
890,243,1,2026-02-05,3
891,113,1,2026-02-05,3
892,244,1,2026-02-05,5
893,198,1,2026-02-05,3
894,194,1,2026-02-05,4
895,40,1,2026-02-05,3
896,18,1,2026-02-05,9
897,148,1,2026-02-05,2
898,68,1,2026-02-05,1
899,283,1,2026-02-06,1
900,18,1,2026-02-06,3
901,68,1,2026-02-06,2
902,40,1,2026-02-06,4
903,6,1,2026-02-06,2
904,176,1,2026-02-06,3
905,190,1,2026-02-06,1
906,181,1,2026-02-06,2
907,293,1,2026-02-06,4
908,112,1,2026-02-06,2
909,175,1,2026-02-06,2
910,86,1,2026-02-06,3
911,214,1,2026-02-06,2
912,245,1,2026-02-06,4
913,222,1,2026-02-06,3
914,243,1,2026-02-06,6
915,90,1,2026-02-06,2
916,244,1,2026-02-06,3
917,63,1,2026-02-06,2
918,249,1,2026-02-06,1
919,194,1,2026-02-06,1
920,286,1,2026-02-06,2
921,120,1,2026-02-06,2
922,71,1,2026-02-06,2
923,59,1,2026-02-06,3
924,128,1,2026-02-06,3
925,182,1,2026-02-06,2
926,132,1,2026-02-06,2
927,28,1,2026-02-06,7
928,267,1,2026-02-06,2
929,89,1,2026-02-06,1
930,215,1,2026-02-06,7
931,35,1,2026-02-06,5
932,165,1,2026-02-06,5
933,17,1,2026-02-06,1
934,39,1,2026-02-06,5
935,89,1,2026-02-07,1
936,5,1,2026-02-07,1
937,109,1,2026-02-07,1
938,293,1,2026-02-07,1
939,140,1,2026-02-07,1
940,108,1,2026-02-07,3
941,214,1,2026-02-07,1
942,19,1,2026-02-07,2
943,194,1,2026-02-07,2
944,175,1,2026-02-07,1
945,298,1,2026-02-07,3
946,40,1,2026-02-07,1
947,6,1,2026-02-07,1
948,276,1,2026-02-07,3
949,59,1,2026-02-07,1
950,74,1,2026-02-07,1
951,229,1,2026-02-07,2
952,148,1,2026-02-07,1
953,96,1,2026-02-07,1
954,107,1,2026-02-07,1
955,165,1,2026-02-07,1
956,17,1,2026-02-07,2
957,176,1,2026-02-07,1
958,90,1,2026-02-07,1
959,192,1,2026-02-07,2
960,286,1,2026-02-07,3
961,175,1,2026-02-08,1
962,300,1,2026-02-08,2
963,17,1,2026-02-08,2
964,164,1,2026-02-08,1
965,218,1,2026-02-08,4
966,63,1,2026-02-08,1
967,214,1,2026-02-08,3
968,39,1,2026-02-08,3
969,40,1,2026-02-08,1
970,171,1,2026-02-08,2
971,128,1,2026-02-08,1
972,6,1,2026-02-08,1
973,223,1,2026-02-08,2
974,123,1,2026-02-08,3
975,229,1,2026-02-08,2
976,194,1,2026-02-08,1
977,96,1,2026-02-08,1
978,181,1,2026-02-08,4
979,1,1,2026-02-08,1
980,140,1,2026-02-08,1
981,209,1,2026-02-08,1
982,108,1,2026-02-08,3
983,74,1,2026-02-08,2
984,176,1,2026-02-08,1
985,257,1,2026-02-08,2
986,247,1,2026-02-08,1
987,151,1,2026-02-09,5
988,298,1,2026-02-09,5
989,91,1,2026-02-09,4
990,252,1,2026-02-09,5
991,175,1,2026-02-09,3
992,176,1,2026-02-09,7
993,250,1,2026-02-09,1
994,89,1,2026-02-09,2
995,243,1,2026-02-09,7
996,192,1,2026-02-09,4
997,209,1,2026-02-09,1
998,186,1,2026-02-09,5
999,247,1,2026-02-09,3
1000,120,1,2026-02-09,2
1001,249,1,2026-02-09,3
1002,164,1,2026-02-09,3
1003,177,1,2026-02-09,3
1004,182,1,2026-02-09,1
1005,283,1,2026-02-09,3
1006,291,1,2026-02-09,2
1007,108,1,2026-02-09,2
1008,276,1,2026-02-09,2
1009,19,1,2026-02-09,6
1010,123,1,2026-02-09,2
1011,267,1,2026-02-09,4
1012,52,1,2026-02-09,2
1013,120,1,2026-02-10,3
1014,280,1,2026-02-10,1
1015,250,1,2026-02-10,5
1016,222,1,2026-02-10,4
1017,209,1,2026-02-10,1
1018,35,1,2026-02-10,1
1019,229,1,2026-02-10,2
1020,60,1,2026-02-10,2
1021,6,1,2026-02-10,3
1022,112,1,2026-02-10,4
1023,243,1,2026-02-10,3
1024,71,1,2026-02-10,1
1025,162,1,2026-02-10,5
1026,89,1,2026-02-10,2
1027,151,1,2026-02-10,2
1028,276,1,2026-02-10,3
1029,257,1,2026-02-10,3
1030,298,1,2026-02-10,1
1031,17,1,2026-02-10,6
1032,12,1,2026-02-10,5
1033,40,1,2026-02-10,3
1034,181,1,2026-02-10,5
1035,91,1,2026-02-11,3
1036,182,1,2026-02-11,3
1037,245,1,2026-02-11,3
1038,218,1,2026-02-11,6
1039,283,1,2026-02-11,2
1040,74,1,2026-02-11,2
1041,140,1,2026-02-11,6
1042,223,1,2026-02-11,2
1043,250,1,2026-02-11,4
1044,214,1,2026-02-11,1
1045,186,1,2026-02-11,1
1046,17,1,2026-02-11,4
1047,244,1,2026-02-11,4
1048,229,1,2026-02-11,4
1049,249,1,2026-02-11,6
1050,13,1,2026-02-11,4
1051,243,1,2026-02-11,5
1052,221,1,2026-02-11,4
1053,1,1,2026-02-11,6
1054,86,1,2026-02-11,5
1055,71,1,2026-02-11,2
1056,185,1,2026-02-11,5
1057,148,1,2026-02-11,4
1058,108,1,2026-02-11,2
1059,52,1,2026-02-11,3
1060,280,1,2026-02-11,4
1061,109,1,2026-02-11,2
1062,164,1,2026-02-11,5
1063,291,1,2026-02-11,3
1064,209,1,2026-02-12,2
1065,221,1,2026-02-12,3
1066,285,1,2026-02-12,5
1067,168,1,2026-02-12,2
1068,165,1,2026-02-12,2
1069,89,1,2026-02-12,2
1070,28,1,2026-02-12,6
1071,267,1,2026-02-12,2
1072,164,1,2026-02-12,1
1073,103,1,2026-02-12,2
1074,289,1,2026-02-12,5
1075,177,1,2026-02-12,7
1076,40,1,2026-02-12,6
1077,151,1,2026-02-12,5
1078,1,1,2026-02-12,2
1079,132,1,2026-02-12,4
1080,291,1,2026-02-12,5
1081,17,1,2026-02-12,4
1082,298,1,2026-02-12,8
1083,182,1,2026-02-12,4
1084,35,1,2026-02-12,3
1085,52,1,2026-02-12,2
1086,74,1,2026-02-12,3
1087,30,1,2026-02-13,4
1088,252,1,2026-02-13,1
1089,280,1,2026-02-13,1
1090,182,1,2026-02-13,4
1091,91,1,2026-02-13,5
1092,6,1,2026-02-13,5
1093,17,1,2026-02-13,2
1094,165,1,2026-02-13,2
1095,120,1,2026-02-13,5
1096,79,1,2026-02-13,4
1097,250,1,2026-02-13,3
1098,214,1,2026-02-13,2
1099,112,1,2026-02-13,3
1100,151,1,2026-02-13,2
1101,245,1,2026-02-13,1
1102,109,1,2026-02-13,7
1103,123,1,2026-02-13,4
1104,124,1,2026-02-13,6
1105,176,1,2026-02-13,4
1106,293,1,2026-02-13,5
1107,190,1,2026-02-13,3
1108,35,1,2026-02-13,3
1109,192,1,2026-02-13,1
1110,230,1,2026-02-13,3
1111,168,1,2026-02-13,7
1112,215,1,2026-02-13,3
1113,71,1,2026-02-13,5
1114,111,1,2026-02-13,4
1115,286,1,2026-02-13,3
1116,113,1,2026-02-13,2
1117,192,1,2026-02-14,3
1118,294,1,2026-02-14,1
1119,148,1,2026-02-14,1
1120,194,1,2026-02-14,2
1121,91,1,2026-02-14,3
1122,177,1,2026-02-14,2
1123,298,1,2026-02-14,1
1124,168,1,2026-02-14,1
1125,182,1,2026-02-14,2
1126,181,1,2026-02-14,1
1127,19,1,2026-02-14,2
1128,186,1,2026-02-14,3
1129,35,1,2026-02-14,1
1130,164,1,2026-02-14,2
1131,175,1,2026-02-14,1
1132,1,1,2026-02-14,2
1133,280,1,2026-02-14,3
1134,151,1,2026-02-14,2
1135,276,1,2026-02-15,2
1136,289,1,2026-02-15,2
1137,243,1,2026-02-15,1
1138,35,1,2026-02-15,3
1139,89,1,2026-02-15,3
1140,300,1,2026-02-15,1
1141,90,1,2026-02-15,1
1142,175,1,2026-02-15,3
1143,176,1,2026-02-15,2
1144,267,1,2026-02-15,3
1145,250,1,2026-02-15,3
1146,168,1,2026-02-15,1
1147,280,1,2026-02-15,1
1148,106,1,2026-02-15,1
1149,221,1,2026-02-15,3
1150,74,1,2026-02-15,2
1151,182,1,2026-02-15,2
1152,19,1,2026-02-15,1
1153,103,1,2026-02-15,1
1154,112,1,2026-02-16,4
1155,140,1,2026-02-16,3
1156,250,1,2026-02-16,4
1157,86,1,2026-02-16,3
1158,215,1,2026-02-16,1
1159,28,1,2026-02-16,4
1160,19,1,2026-02-16,2
1161,222,1,2026-02-16,5
1162,243,1,2026-02-16,1
1163,289,1,2026-02-16,7
1164,218,1,2026-02-16,1
1165,59,1,2026-02-16,4
1166,185,1,2026-02-16,2
1167,257,1,2026-02-16,3
1168,162,1,2026-02-16,2
1169,106,1,2026-02-16,5
1170,221,1,2026-02-16,4
1171,186,1,2026-02-16,2
1172,91,1,2026-02-16,5
1173,192,1,2026-02-17,2
1174,276,1,2026-02-17,1
1175,181,1,2026-02-17,5
1176,91,1,2026-02-17,1
1177,182,1,2026-02-17,4
1178,165,1,2026-02-17,2
1179,12,1,2026-02-17,5
1180,164,1,2026-02-17,3
1181,19,1,2026-02-17,2
1182,223,1,2026-02-17,1
1183,52,1,2026-02-17,4
1184,250,1,2026-02-17,4
1185,148,1,2026-02-17,6
1186,245,1,2026-02-17,2
1187,243,1,2026-02-17,1
1188,168,1,2026-02-17,6
1189,17,1,2026-02-17,2
1190,283,1,2026-02-17,3
1191,300,1,2026-02-17,7
1192,52,1,2026-02-18,3
1193,132,1,2026-02-18,1
1194,229,1,2026-02-18,3
1195,107,1,2026-02-18,7
1196,96,1,2026-02-18,2
1197,267,1,2026-02-18,1
1198,79,1,2026-02-18,5
1199,249,1,2026-02-18,1
1200,230,1,2026-02-18,2
1201,17,1,2026-02-18,3
1202,124,1,2026-02-18,3
1203,13,1,2026-02-18,7
1204,283,1,2026-02-18,7
1205,171,1,2026-02-18,4
1206,223,1,2026-02-18,6
1207,19,1,2026-02-18,5
1208,186,1,2026-02-18,2
1209,113,1,2026-02-18,1
1210,181,1,2026-02-18,3
1211,30,1,2026-02-18,4
1212,222,1,2026-02-18,4
1213,103,1,2026-02-18,4
1214,164,1,2026-02-18,1
1215,71,1,2026-02-18,3
1216,245,1,2026-02-18,1
1217,209,1,2026-02-18,4
1218,59,1,2026-02-18,5
1219,214,1,2026-02-18,6
1220,159,1,2026-02-18,4
1221,164,1,2026-02-19,2
1222,215,1,2026-02-19,5
1223,124,1,2026-02-19,4
1224,68,1,2026-02-19,2
1225,194,1,2026-02-19,1
1226,89,1,2026-02-19,5
1227,192,1,2026-02-19,3
1228,283,1,2026-02-19,2
1229,294,1,2026-02-19,3
1230,18,1,2026-02-19,4
1231,86,1,2026-02-19,6
1232,43,1,2026-02-19,5
1233,185,1,2026-02-19,4
1234,165,1,2026-02-19,4
1235,291,1,2026-02-19,2
1236,113,1,2026-02-19,4
1237,285,1,2026-02-19,1
1238,280,1,2026-02-19,5
1239,5,1,2026-02-19,4
1240,12,1,2026-02-20,4
1241,63,1,2026-02-20,3
1242,230,1,2026-02-20,4
1243,19,1,2026-02-20,4
1244,79,1,2026-02-20,2
1245,300,1,2026-02-20,2
1246,182,1,2026-02-20,2
1247,74,1,2026-02-20,5
1248,148,1,2026-02-20,2
1249,222,1,2026-02-20,3
1250,68,1,2026-02-20,3
1251,252,1,2026-02-20,3
1252,140,1,2026-02-20,1
1253,103,1,2026-02-20,2
1254,209,1,2026-02-20,5
1255,250,1,2026-02-20,2
1256,60,1,2026-02-20,2
1257,215,1,2026-02-20,4
1258,124,1,2026-02-20,2
1259,221,1,2026-02-20,3
1260,218,1,2026-02-20,5
1261,112,1,2026-02-20,5
1262,176,1,2026-02-20,5
1263,214,1,2026-02-20,6
1264,291,1,2026-02-20,1
1265,6,1,2026-02-20,1
1266,13,1,2026-02-20,3
1267,120,1,2026-02-20,2
1268,244,1,2026-02-20,2
1269,185,1,2026-02-20,2
1270,107,1,2026-02-20,5
1271,90,1,2026-02-20,5
1272,151,1,2026-02-20,4
1273,181,1,2026-02-20,2
1274,18,1,2026-02-20,4
1275,81,1,2026-02-21,3
1276,283,1,2026-02-21,4
1277,60,1,2026-02-21,1
1278,215,1,2026-02-21,2
1279,176,1,2026-02-21,1
1280,12,1,2026-02-21,2
1281,190,1,2026-02-21,1
1282,159,1,2026-02-21,3
1283,148,1,2026-02-21,1
1284,289,1,2026-02-21,1
1285,252,1,2026-02-21,2
1286,286,1,2026-02-21,1
1287,198,1,2026-02-21,2
1288,107,1,2026-02-21,1
1289,250,1,2026-02-21,3
1290,165,1,2026-02-21,2
1291,140,1,2026-02-21,3
1292,186,1,2026-02-21,1
1293,243,1,2026-02-21,2
1294,52,1,2026-02-21,3
1295,103,1,2026-02-21,1
1296,300,1,2026-02-21,2
1297,162,1,2026-02-21,2
1298,108,1,2026-02-21,2
1299,293,1,2026-02-21,1
1300,171,1,2026-02-21,1
1301,6,1,2026-02-21,2
1302,165,1,2026-02-22,1
1303,86,1,2026-02-22,2
1304,140,1,2026-02-22,2
1305,190,1,2026-02-22,2
1306,267,1,2026-02-22,2
1307,109,1,2026-02-22,2
1308,250,1,2026-02-22,2
1309,107,1,2026-02-22,4
1310,280,1,2026-02-22,1
1311,90,1,2026-02-22,1
1312,74,1,2026-02-22,1
1313,214,1,2026-02-22,1
1314,28,1,2026-02-22,2
1315,18,1,2026-02-22,1
1316,289,1,2026-02-22,1
1317,177,1,2026-02-22,4
1318,250,1,2026-02-23,3
1319,222,1,2026-02-23,4
1320,230,1,2026-02-23,6
1321,89,1,2026-02-23,3
1322,108,1,2026-02-23,4
1323,17,1,2026-02-23,4
1324,123,1,2026-02-23,4
1325,168,1,2026-02-23,5
1326,6,1,2026-02-23,3
1327,140,1,2026-02-23,4
1328,106,1,2026-02-23,4
1329,181,1,2026-02-23,4
1330,13,1,2026-02-23,5
1331,294,1,2026-02-23,1
1332,112,1,2026-02-23,1
1333,229,1,2026-02-23,4
1334,120,1,2026-02-23,4
1335,247,1,2026-02-23,5
1336,198,1,2026-02-23,3
1337,90,1,2026-02-23,3
1338,230,1,2026-02-24,2
1339,107,1,2026-02-24,4
1340,293,1,2026-02-24,1
1341,300,1,2026-02-24,6
1342,294,1,2026-02-24,2
1343,218,1,2026-02-24,4
1344,28,1,2026-02-24,3
1345,247,1,2026-02-24,5
1346,140,1,2026-02-24,2
1347,223,1,2026-02-24,5
1348,194,1,2026-02-24,2
1349,35,1,2026-02-24,5
1350,222,1,2026-02-24,2
1351,128,1,2026-02-24,3
1352,298,1,2026-02-24,5
1353,243,1,2026-02-24,2
1354,81,1,2026-02-24,2
1355,289,1,2026-02-24,5
1356,267,1,2026-02-24,2
1357,215,1,2026-02-24,6
1358,71,1,2026-02-24,7
1359,283,1,2026-02-24,4
1360,280,1,2026-02-24,4
1361,39,1,2026-02-24,5
1362,192,1,2026-02-24,4
1363,190,1,2026-02-24,7
1364,185,1,2026-02-24,3
1365,162,1,2026-02-24,1
1366,109,1,2026-02-24,2
1367,151,1,2026-02-24,3
1368,52,1,2026-02-24,2
1369,175,1,2026-02-24,9
1370,91,1,2026-02-24,3
1371,43,1,2026-02-25,5
1372,165,1,2026-02-25,2
1373,244,1,2026-02-25,4
1374,6,1,2026-02-25,4
1375,124,1,2026-02-25,6
1376,140,1,2026-02-25,2
1377,63,1,2026-02-25,3
1378,111,1,2026-02-25,6
1379,257,1,2026-02-25,3
1380,243,1,2026-02-25,2
1381,283,1,2026-02-25,2
1382,222,1,2026-02-25,4
1383,198,1,2026-02-25,8
1384,148,1,2026-02-25,4
1385,221,1,2026-02-25,3
1386,128,1,2026-02-25,7
1387,13,1,2026-02-25,3
1388,113,1,2026-02-25,2
1389,132,1,2026-02-25,3
1390,60,1,2026-02-26,3
1391,109,1,2026-02-26,4
1392,182,1,2026-02-26,2
1393,177,1,2026-02-26,5
1394,294,1,2026-02-26,2
1395,168,1,2026-02-26,3
1396,19,1,2026-02-26,2
1397,276,1,2026-02-26,2
1398,96,1,2026-02-26,4
1399,245,1,2026-02-26,3
1400,128,1,2026-02-26,1
1401,120,1,2026-02-26,3
1402,165,1,2026-02-26,3
1403,252,1,2026-02-26,5
1404,79,1,2026-02-26,3
1405,89,1,2026-02-26,5
1406,283,1,2026-02-26,4
1407,214,1,2026-02-26,2
1408,43,1,2026-02-26,3
1409,68,1,2026-02-26,3
1410,71,1,2026-02-26,1
1411,40,1,2026-02-26,2
1412,218,1,2026-02-26,3
1413,91,1,2026-02-26,2
1414,181,1,2026-02-26,2
1415,249,1,2026-02-27,2
1416,218,1,2026-02-27,11
1417,159,1,2026-02-27,4
1418,243,1,2026-02-27,5
1419,192,1,2026-02-27,6
1420,175,1,2026-02-27,8
1421,18,1,2026-02-27,10
1422,109,1,2026-02-27,7
1423,13,1,2026-02-27,5
1424,291,1,2026-02-27,16
1425,90,1,2026-02-27,8
1426,108,1,2026-02-27,5
1427,181,1,2026-02-27,3
1428,120,1,2026-02-27,9
1429,247,1,2026-02-27,6
1430,186,1,2026-02-27,4
1431,293,1,2026-02-27,5
1432,252,1,2026-02-27,3
1433,59,1,2026-02-27,8
1434,165,1,2026-02-27,3
1435,214,1,2026-02-27,5
1436,52,1,2026-02-27,4
1437,194,1,2026-02-27,6
1438,177,1,2026-02-27,7
1439,190,1,2026-02-28,1
1440,229,1,2026-02-28,2
1441,120,1,2026-02-28,1
1442,60,1,2026-02-28,1
1443,132,1,2026-02-28,1
1444,283,1,2026-02-28,1
1445,71,1,2026-02-28,3
1446,294,1,2026-02-28,1
1447,289,1,2026-02-28,1
1448,86,1,2026-02-28,3
1449,148,1,2026-02-28,3
1450,19,1,2026-02-28,1
1451,244,1,2026-02-28,1
1452,124,1,2026-02-28,2
1453,162,1,2026-02-28,1
1454,198,1,2026-02-28,4
1455,107,1,2026-02-28,1
1456,112,1,2026-02-28,1
1457,1,1,2026-02-28,1
1458,165,1,2026-02-28,2
1459,250,1,2026-02-28,2
1460,185,1,2026-02-28,2
1461,90,1,2026-02-28,1
1462,285,1,2026-02-28,2
1463,108,1,2026-02-28,4
1464,39,1,2026-02-28,2
1465,168,1,2026-02-28,2
1466,5,1,2026-02-28,2
1467,59,1,2026-02-28,2
1468,35,1,2026-02-28,1
1469,140,1,2026-02-28,1
1470,249,1,2026-03-01,1
1471,5,1,2026-03-01,2
1472,171,1,2026-03-01,1
1473,165,1,2026-03-01,2
1474,132,1,2026-03-01,2
1475,74,1,2026-03-01,1
1476,124,1,2026-03-01,1
1477,13,1,2026-03-01,2
1478,1,1,2026-03-01,2
1479,52,1,2026-03-02,3
1480,28,1,2026-03-02,4
1481,19,1,2026-03-02,4
1482,293,1,2026-03-02,3
1483,86,1,2026-03-02,1
1484,177,1,2026-03-02,5
1485,164,1,2026-03-02,1
1486,257,1,2026-03-02,5
1487,148,1,2026-03-02,2
1488,176,1,2026-03-02,2
1489,13,1,2026-03-02,1
1490,40,1,2026-03-02,4
1491,159,1,2026-03-02,1
1492,230,1,2026-03-02,2
1493,192,1,2026-03-02,8
1494,106,1,2026-03-02,3
1495,132,1,2026-03-02,2
1496,291,1,2026-03-02,3
1497,283,1,2026-03-02,1
1498,43,1,2026-03-02,4
1499,12,1,2026-03-02,3
1500,5,1,2026-03-02,6
1501,113,1,2026-03-02,2
1502,79,1,2026-03-02,5
1503,286,1,2026-03-02,4
1504,249,1,2026-03-02,5
1505,124,1,2026-03-02,3
1506,182,1,2026-03-02,4
1507,60,1,2026-03-02,6
1508,63,1,2026-03-02,3
1509,168,1,2026-03-02,4
1510,1,1,2026-03-02,3
1511,252,1,2026-03-02,3
1512,229,1,2026-03-03,3
1513,132,1,2026-03-03,3
1514,96,1,2026-03-03,5
1515,176,1,2026-03-03,3
1516,291,1,2026-03-03,4
1517,214,1,2026-03-03,2
1518,192,1,2026-03-03,4
1519,221,1,2026-03-03,1
1520,39,1,2026-03-03,1
1521,12,1,2026-03-03,5
1522,283,1,2026-03-03,2
1523,90,1,2026-03-03,4
1524,13,1,2026-03-03,2
1525,43,1,2026-03-03,5
1526,243,1,2026-03-03,3
1527,218,1,2026-03-03,3
1528,185,1,2026-03-03,7
1529,91,1,2026-03-04,5
1530,5,1,2026-03-04,7
1531,6,1,2026-03-04,2
1532,249,1,2026-03-04,4
1533,12,1,2026-03-04,7
1534,218,1,2026-03-04,4
1535,267,1,2026-03-04,4
1536,247,1,2026-03-04,4
1537,245,1,2026-03-04,3
1538,35,1,2026-03-04,4
1539,132,1,2026-03-04,3
1540,148,1,2026-03-04,5
1541,90,1,2026-03-04,1
1542,283,1,2026-03-04,3
1543,222,1,2026-03-04,3
1544,124,1,2026-03-04,3
1545,123,1,2026-03-04,2
1546,257,1,2026-03-05,3
1547,5,1,2026-03-05,4
1548,106,1,2026-03-05,2
1549,103,1,2026-03-05,2
1550,30,1,2026-03-05,2
1551,52,1,2026-03-05,5
1552,222,1,2026-03-05,4
1553,79,1,2026-03-05,5
1554,223,1,2026-03-05,3
1555,109,1,2026-03-05,3
1556,245,1,2026-03-05,1
1557,81,1,2026-03-05,5
1558,90,1,2026-03-05,1
1559,151,1,2026-03-05,4
1560,96,1,2026-03-05,3
1561,244,1,2026-03-05,1
1562,267,1,2026-03-05,3
1563,18,1,2026-03-05,2
1564,113,1,2026-03-05,5
1565,164,1,2026-03-05,3
1566,59,1,2026-03-05,4
1567,39,1,2026-03-05,4
1568,108,1,2026-03-05,4
1569,285,1,2026-03-05,6
1570,250,1,2026-03-05,1
1571,120,1,2026-03-05,2
1572,229,1,2026-03-05,6
1573,276,1,2026-03-05,5
1574,165,1,2026-03-05,2
1575,1,1,2026-03-05,5
1576,286,1,2026-03-05,3
1577,249,1,2026-03-05,3
1578,289,1,2026-03-05,6
1579,293,1,2026-03-05,2
1580,132,1,2026-03-05,4
1581,247,1,2026-03-05,9
1582,243,1,2026-03-06,3
1583,106,1,2026-03-06,1
1584,249,1,2026-03-06,2
1585,190,1,2026-03-06,1
1586,52,1,2026-03-06,8
1587,111,1,2026-03-06,2
1588,285,1,2026-03-06,1
1589,6,1,2026-03-06,6
1590,186,1,2026-03-06,4
1591,140,1,2026-03-06,2
1592,300,1,2026-03-06,1
1593,198,1,2026-03-06,3
1594,192,1,2026-03-06,8
1595,221,1,2026-03-06,3
1596,90,1,2026-03-06,4
1597,293,1,2026-03-06,2
1598,175,1,2026-03-06,4
1599,286,1,2026-03-06,2
1600,223,1,2026-03-06,5
1601,209,1,2026-03-07,1
1602,140,1,2026-03-07,3
1603,81,1,2026-03-07,2
1604,60,1,2026-03-07,2
1605,5,1,2026-03-07,1
1606,243,1,2026-03-07,1
1607,185,1,2026-03-07,3
1608,250,1,2026-03-07,1
1609,107,1,2026-03-07,1
1610,215,1,2026-03-07,2
1611,245,1,2026-03-07,2
1612,13,1,2026-03-07,3
1613,289,1,2026-03-07,3
1614,222,1,2026-03-07,1
1615,276,1,2026-03-08,3
1616,229,1,2026-03-08,2
1617,106,1,2026-03-08,3
1618,291,1,2026-03-08,3
1619,79,1,2026-03-08,2
1620,108,1,2026-03-08,3
1621,218,1,2026-03-08,1
1622,249,1,2026-03-08,2
1623,151,1,2026-03-08,1
1624,168,1,2026-03-08,1
1625,177,1,2026-03-08,1
1626,40,1,2026-03-08,2
1627,182,1,2026-03-08,2
1628,267,1,2026-03-08,2
1629,128,1,2026-03-08,2
1630,162,1,2026-03-08,1
1631,71,1,2026-03-08,1
1632,120,1,2026-03-08,3
1633,74,1,2026-03-08,2
1634,186,1,2026-03-08,1
1635,96,1,2026-03-08,2
1636,159,1,2026-03-08,3
1637,280,1,2026-03-08,2
1638,6,1,2026-03-08,1
1639,19,1,2026-03-08,1
1640,175,1,2026-03-08,1
1641,190,1,2026-03-08,1
1642,39,1,2026-03-08,2
1643,81,1,2026-03-08,2
1644,223,1,2026-03-08,2
1645,63,1,2026-03-09,3
1646,5,1,2026-03-09,3
1647,91,1,2026-03-09,2
1648,109,1,2026-03-09,4
1649,247,1,2026-03-09,3
1650,60,1,2026-03-09,2
1651,120,1,2026-03-09,5
1652,162,1,2026-03-09,6
1653,250,1,2026-03-09,4
1654,192,1,2026-03-09,4
1655,222,1,2026-03-09,4
1656,244,1,2026-03-09,6
1657,257,1,2026-03-09,5
1658,286,1,2026-03-09,4
1659,190,1,2026-03-09,4
1660,280,1,2026-03-09,2
1661,298,1,2026-03-09,6
1662,221,1,2026-03-09,2
1663,140,1,2026-03-09,3
1664,19,1,2026-03-09,2
1665,112,1,2026-03-09,6
1666,71,1,2026-03-09,4
1667,106,1,2026-03-09,2
1668,113,1,2026-03-09,4
1669,128,1,2026-03-10,3
1670,214,1,2026-03-10,2
1671,209,1,2026-03-10,4
1672,35,1,2026-03-10,3
1673,289,1,2026-03-10,6
1674,175,1,2026-03-10,2
1675,18,1,2026-03-10,3
1676,243,1,2026-03-10,4
1677,43,1,2026-03-10,1
1678,13,1,2026-03-10,3
1679,229,1,2026-03-10,2
1680,28,1,2026-03-10,1
1681,132,1,2026-03-10,3
1682,276,1,2026-03-10,6
1683,291,1,2026-03-10,2
1684,1,1,2026-03-10,1
1685,148,1,2026-03-10,1
1686,294,1,2026-03-10,4
1687,112,1,2026-03-10,2
1688,123,1,2026-03-10,6
1689,257,1,2026-03-10,1
1690,12,1,2026-03-10,3
1691,252,1,2026-03-10,3
1692,140,1,2026-03-10,3
1693,190,1,2026-03-10,2
1694,164,1,2026-03-10,1
1695,111,1,2026-03-10,1
1696,19,1,2026-03-10,7
1697,39,1,2026-03-11,1
1698,181,1,2026-03-11,4
1699,175,1,2026-03-11,3
1700,6,1,2026-03-11,5
1701,5,1,2026-03-11,6
1702,198,1,2026-03-11,2
1703,245,1,2026-03-11,6
1704,107,1,2026-03-11,4
1705,13,1,2026-03-11,2
1706,221,1,2026-03-11,2
1707,171,1,2026-03-11,4
1708,106,1,2026-03-11,4
1709,257,1,2026-03-11,3
1710,111,1,2026-03-11,5
1711,285,1,2026-03-11,5
1712,164,1,2026-03-11,7
1713,30,1,2026-03-11,2
1714,151,1,2026-03-11,4
1715,81,1,2026-03-11,1
1716,124,1,2026-03-11,5
1717,276,1,2026-03-11,2
1718,86,1,2026-03-11,5
1719,60,1,2026-03-11,4
1720,1,1,2026-03-11,2
1721,291,1,2026-03-11,4
1722,17,1,2026-03-12,3
1723,86,1,2026-03-12,2
1724,181,1,2026-03-12,4
1725,190,1,2026-03-12,3
1726,175,1,2026-03-12,4
1727,107,1,2026-03-12,4
1728,223,1,2026-03-12,2
1729,60,1,2026-03-12,4
1730,293,1,2026-03-12,3
1731,159,1,2026-03-12,2
1732,286,1,2026-03-12,3
1733,257,1,2026-03-12,3
1734,148,1,2026-03-12,6
1735,165,1,2026-03-12,3
1736,96,1,2026-03-12,4
1737,120,1,2026-03-12,1
1738,177,1,2026-03-12,4
1739,222,1,2026-03-12,2
1740,294,1,2026-03-12,5
1741,128,1,2026-03-12,5
1742,13,1,2026-03-12,2
1743,209,1,2026-03-12,2
1744,68,1,2026-03-12,6
1745,140,1,2026-03-12,2
1746,185,1,2026-03-12,6
1747,108,1,2026-03-12,1
1748,132,1,2026-03-12,3
1749,103,1,2026-03-12,5
1750,168,1,2026-03-12,3
1751,43,1,2026-03-12,4
1752,243,1,2026-03-12,5
1753,74,1,2026-03-12,2
1754,123,1,2026-03-12,6
1755,124,1,2026-03-12,1
1756,1,1,2026-03-12,5
1757,81,1,2026-03-12,1
1758,12,1,2026-03-12,6
1759,151,1,2026-03-12,5
1760,252,1,2026-03-12,3
1761,159,1,2026-03-13,9
1762,194,1,2026-03-13,3
1763,165,1,2026-03-13,3
1764,192,1,2026-03-13,4
1765,17,1,2026-03-13,4
1766,190,1,2026-03-13,3
1767,71,1,2026-03-13,1
1768,108,1,2026-03-13,3
1769,120,1,2026-03-13,4
1770,18,1,2026-03-13,7
1771,43,1,2026-03-13,5
1772,151,1,2026-03-13,2
1773,79,1,2026-03-13,6
1774,89,1,2026-03-13,4
1775,175,1,2026-03-13,5
1776,111,1,2026-03-13,4
1777,283,1,2026-03-13,2
1778,35,1,2026-03-13,7
1779,81,1,2026-03-14,6
1780,91,1,2026-03-14,3
1781,289,1,2026-03-14,1
1782,285,1,2026-03-14,3
1783,215,1,2026-03-14,2
1784,52,1,2026-03-14,1
1785,198,1,2026-03-14,4
1786,244,1,2026-03-14,2
1787,17,1,2026-03-14,3
1788,249,1,2026-03-14,3
1789,89,1,2026-03-14,2
1790,90,1,2026-03-14,1
1791,186,1,2026-03-14,2
1792,221,1,2026-03-14,2
1793,140,1,2026-03-14,2
1794,171,1,2026-03-14,1
1795,6,1,2026-03-14,3
1796,250,1,2026-03-14,1
1797,182,1,2026-03-14,3
1798,86,1,2026-03-14,2
1799,293,1,2026-03-15,2
1800,103,1,2026-03-15,2
1801,192,1,2026-03-15,1
1802,176,1,2026-03-15,3
1803,214,1,2026-03-15,1
1804,81,1,2026-03-15,2
1805,244,1,2026-03-15,1
1806,162,1,2026-03-15,1
1807,276,1,2026-03-15,4
1808,123,1,2026-03-15,2
1809,164,1,2026-03-15,1
1810,252,1,2026-03-15,2
1811,257,1,2026-03-15,2
1812,222,1,2026-03-15,1
1813,132,1,2026-03-15,1
1814,177,1,2026-03-15,1
1815,267,1,2026-03-15,4
1816,30,1,2026-03-15,3
1817,12,1,2026-03-15,2
1818,182,1,2026-03-15,2
1819,39,1,2026-03-15,1
1820,165,1,2026-03-15,3
1821,230,1,2026-03-15,3
1822,68,1,2026-03-16,2
1823,52,1,2026-03-16,3
1824,280,1,2026-03-16,1
1825,60,1,2026-03-16,2
1826,71,1,2026-03-16,6
1827,175,1,2026-03-16,7
1828,96,1,2026-03-16,5
1829,6,1,2026-03-16,5
1830,190,1,2026-03-16,4
1831,244,1,2026-03-16,6
1832,111,1,2026-03-16,4
1833,39,1,2026-03-16,9
1834,218,1,2026-03-16,6
1835,140,1,2026-03-16,1
1836,294,1,2026-03-16,4
1837,30,1,2026-03-16,3
1838,198,1,2026-03-16,3
1839,12,1,2026-03-16,3
1840,176,1,2026-03-16,3
1841,247,1,2026-03-16,4
1842,108,1,2026-03-16,4
1843,171,1,2026-03-16,4
1844,35,1,2026-03-16,4
1845,177,1,2026-03-16,2
1846,293,1,2026-03-16,2
1847,89,1,2026-03-16,3
1848,243,1,2026-03-16,5
1849,186,1,2026-03-16,3
1850,182,1,2026-03-16,2
1851,151,1,2026-03-16,2
1852,257,1,2026-03-16,5
1853,103,1,2026-03-16,3
1854,164,1,2026-03-16,2
1855,181,1,2026-03-16,3
1856,250,1,2026-03-16,5
1857,159,1,2026-03-16,2
1858,245,1,2026-03-16,2
1859,285,1,2026-03-16,1
1860,182,1,2026-03-17,2
1861,43,1,2026-03-17,4
1862,243,1,2026-03-17,2
1863,190,1,2026-03-17,3
1864,291,1,2026-03-17,1
1865,175,1,2026-03-17,2
1866,17,1,2026-03-17,2
1867,39,1,2026-03-17,4
1868,247,1,2026-03-17,3
1869,19,1,2026-03-17,1
1870,209,1,2026-03-17,5
1871,123,1,2026-03-17,1
1872,59,1,2026-03-17,1
1873,79,1,2026-03-17,4
1874,109,1,2026-03-17,3
1875,68,1,2026-03-17,4
1876,159,1,2026-03-17,2
1877,106,1,2026-03-17,4
1878,113,1,2026-03-17,4
1879,289,1,2026-03-17,2
1880,112,1,2026-03-17,2
1881,218,1,2026-03-17,4
1882,286,1,2026-03-17,1
1883,186,1,2026-03-17,2
1884,6,1,2026-03-17,2
1885,111,1,2026-03-17,2
1886,108,1,2026-03-17,2
1887,28,1,2026-03-17,2
1888,276,1,2026-03-17,2
1889,86,1,2026-03-17,5
1890,120,1,2026-03-18,2
1891,198,1,2026-03-18,2
1892,293,1,2026-03-18,3
1893,90,1,2026-03-18,3
1894,222,1,2026-03-18,1
1895,28,1,2026-03-18,6
1896,19,1,2026-03-18,3
1897,132,1,2026-03-18,2
1898,68,1,2026-03-18,4
1899,215,1,2026-03-18,2
1900,151,1,2026-03-18,1
1901,165,1,2026-03-18,2
1902,40,1,2026-03-18,3
1903,17,1,2026-03-18,6
1904,18,1,2026-03-18,4
1905,148,1,2026-03-18,2
1906,71,1,2026-03-18,2
1907,106,1,2026-03-18,3
1908,218,1,2026-03-18,3
1909,63,1,2026-03-18,2
1910,59,1,2026-03-19,3
1911,91,1,2026-03-19,2
1912,230,1,2026-03-19,5
1913,159,1,2026-03-19,4
1914,30,1,2026-03-19,1
1915,123,1,2026-03-19,6
1916,63,1,2026-03-19,2
1917,151,1,2026-03-19,1
1918,39,1,2026-03-19,1
1919,283,1,2026-03-19,3
1920,89,1,2026-03-19,6
1921,286,1,2026-03-19,1
1922,52,1,2026-03-19,1
1923,198,1,2026-03-19,5
1924,244,1,2026-03-19,2
1925,90,1,2026-03-19,5
1926,285,1,2026-03-19,3
1927,108,1,2026-03-19,5
1928,112,1,2026-03-19,4
1929,68,1,2026-03-19,5
1930,35,1,2026-03-19,3
1931,175,1,2026-03-19,3
1932,192,1,2026-03-19,1
1933,106,1,2026-03-19,3
1934,1,1,2026-03-19,3
1935,298,1,2026-03-19,2
1936,267,1,2026-03-19,2
1937,40,1,2026-03-19,3
1938,181,1,2026-03-19,5
1939,89,1,2026-03-20,5
1940,63,1,2026-03-20,3
1941,215,1,2026-03-20,5
1942,285,1,2026-03-20,2
1943,223,1,2026-03-20,2
1944,276,1,2026-03-20,4
1945,13,1,2026-03-20,2
1946,186,1,2026-03-20,2
1947,168,1,2026-03-20,2
1948,164,1,2026-03-20,2
1949,198,1,2026-03-20,2
1950,230,1,2026-03-20,3
1951,243,1,2026-03-20,2
1952,176,1,2026-03-20,5
1953,244,1,2026-03-20,4
1954,91,1,2026-03-20,2
1955,43,1,2026-03-20,7
1956,19,1,2026-03-20,3
1957,257,1,2026-03-20,4
1958,5,1,2026-03-20,3
1959,162,1,2026-03-21,1
1960,194,1,2026-03-21,3
1961,176,1,2026-03-21,2
1962,109,1,2026-03-21,1
1963,91,1,2026-03-21,1
1964,124,1,2026-03-21,2
1965,214,1,2026-03-21,2
1966,165,1,2026-03-21,1
1967,276,1,2026-03-21,2
1968,285,1,2026-03-21,2
1969,222,1,2026-03-21,2
1970,96,1,2026-03-21,3
1971,43,1,2026-03-21,4
1972,190,1,2026-03-21,2
1973,112,1,2026-03-21,2
1974,221,1,2026-03-21,1
1975,106,1,2026-03-21,1
1976,81,1,2026-03-21,1
1977,71,1,2026-03-21,2
1978,291,1,2026-03-21,2
1979,89,1,2026-03-21,1
1980,148,1,2026-03-21,1
1981,13,1,2026-03-21,1
1982,298,1,2026-03-21,2
1983,289,1,2026-03-21,1
1984,18,1,2026-03-21,1
1985,124,1,2026-03-22,2
1986,186,1,2026-03-22,1
1987,257,1,2026-03-22,5
1988,214,1,2026-03-22,2
1989,289,1,2026-03-22,2
1990,35,1,2026-03-22,3
1991,106,1,2026-03-22,1
1992,40,1,2026-03-22,1
1993,59,1,2026-03-22,3
1994,17,1,2026-03-22,3
1995,176,1,2026-03-22,1
1996,285,1,2026-03-22,2
1997,294,1,2026-03-22,2
1998,293,1,2026-03-22,1
1999,91,1,2026-03-22,2
2000,6,1,2026-03-22,4
2001,245,1,2026-03-22,1
2002,68,1,2026-03-22,1
2003,293,1,2026-03-23,3
2004,1,1,2026-03-23,5
2005,185,1,2026-03-23,7
2006,250,1,2026-03-23,15
2007,222,1,2026-03-23,8
2008,214,1,2026-03-23,9
2009,218,1,2026-03-23,5
2010,5,1,2026-03-23,7
2011,6,1,2026-03-23,5
2012,112,1,2026-03-23,4
2013,286,1,2026-03-23,5
2014,79,1,2026-03-23,3
2015,107,1,2026-03-23,5
2016,190,1,2026-03-23,6
2017,123,1,2026-03-23,4
2018,159,1,2026-03-23,5
2019,18,1,2026-03-23,8
2020,113,1,2026-03-23,3
2021,90,1,2026-03-23,7
2022,176,1,2026-03-23,8
2023,289,1,2026-03-24,3
2024,96,1,2026-03-24,5
2025,6,1,2026-03-24,3
2026,223,1,2026-03-24,2
2027,128,1,2026-03-24,4
2028,247,1,2026-03-24,7
2029,218,1,2026-03-24,1
2030,60,1,2026-03-24,3
2031,267,1,2026-03-24,3
2032,111,1,2026-03-24,3
2033,159,1,2026-03-24,5
2034,63,1,2026-03-24,1
2035,291,1,2026-03-24,3
2036,112,1,2026-03-24,4
2037,107,1,2026-03-24,3
2038,35,1,2026-03-24,5
2039,164,1,2026-03-24,3
2040,298,1,2026-03-24,7
2041,286,1,2026-03-24,3
2042,257,1,2026-03-24,1
2043,120,1,2026-03-24,3
2044,43,1,2026-03-24,4
2045,103,1,2026-03-25,5
2046,286,1,2026-03-25,5
2047,176,1,2026-03-25,1
2048,68,1,2026-03-25,1
2049,186,1,2026-03-25,2
2050,6,1,2026-03-25,1
2051,177,1,2026-03-25,1
2052,90,1,2026-03-25,1
2053,108,1,2026-03-25,8
2054,243,1,2026-03-25,2
2055,28,1,2026-03-25,2
2056,86,1,2026-03-25,2
2057,123,1,2026-03-25,5
2058,124,1,2026-03-25,2
2059,5,1,2026-03-25,1
2060,218,1,2026-03-25,5
2061,19,1,2026-03-26,1
2062,113,1,2026-03-26,4
2063,209,1,2026-03-26,2
2064,223,1,2026-03-26,2
2065,291,1,2026-03-26,2
2066,164,1,2026-03-26,1
2067,108,1,2026-03-26,6
2068,112,1,2026-03-26,4
2069,18,1,2026-03-26,6
2070,89,1,2026-03-26,4
2071,257,1,2026-03-26,1
2072,63,1,2026-03-26,3
2073,293,1,2026-03-26,5
2074,285,1,2026-03-26,4
2075,276,1,2026-03-26,5
2076,5,1,2026-03-26,2
2077,43,1,2026-03-26,3
2078,230,1,2026-03-26,2
2079,106,1,2026-03-26,3
2080,159,1,2026-03-26,2
2081,221,1,2026-03-26,4
2082,289,1,2026-03-26,4
2083,68,1,2026-03-27,5
2084,215,1,2026-03-27,1
2085,18,1,2026-03-27,2
2086,79,1,2026-03-27,7
2087,12,1,2026-03-27,5
2088,198,1,2026-03-27,4
2089,229,1,2026-03-27,2
2090,164,1,2026-03-27,2
2091,162,1,2026-03-27,1
2092,223,1,2026-03-27,6
2093,209,1,2026-03-27,3
2094,151,1,2026-03-27,5
2095,103,1,2026-03-27,3
2096,175,1,2026-03-27,6
2097,214,1,2026-03-27,4
2098,86,1,2026-03-27,2
2099,222,1,2026-03-27,3
2100,59,1,2026-03-27,1
2101,190,1,2026-03-27,2
2102,39,1,2026-03-27,1
2103,17,1,2026-03-27,7
2104,91,1,2026-03-27,2
2105,81,1,2026-03-27,4
2106,221,1,2026-03-27,5
2107,35,1,2026-03-27,2
2108,243,1,2026-03-27,2
2109,113,1,2026-03-27,2
2110,300,1,2026-03-27,4
2111,140,1,2026-03-27,2
2112,294,1,2026-03-27,4
2113,43,1,2026-03-27,4
2114,298,1,2026-03-27,3
2115,6,1,2026-03-27,2
2116,109,1,2026-03-27,3
2117,13,1,2026-03-27,5
2118,165,1,2026-03-27,2
2119,111,1,2026-03-27,4
2120,128,1,2026-03-28,1
2121,280,1,2026-03-28,2
2122,283,1,2026-03-28,1
2123,109,1,2026-03-28,3
2124,5,1,2026-03-28,1
2125,229,1,2026-03-28,4
2126,1,1,2026-03-28,3
2127,177,1,2026-03-28,1
2128,111,1,2026-03-28,3
2129,245,1,2026-03-28,3
2130,140,1,2026-03-28,2
2131,96,1,2026-03-28,1
2132,89,1,2026-03-28,2
2133,249,1,2026-03-28,4
2134,52,1,2026-03-28,3
2135,39,1,2026-03-28,1
2136,13,1,2026-03-28,1
2137,71,1,2026-03-28,2
2138,218,1,2026-03-28,1
2139,52,1,2026-03-29,1
2140,106,1,2026-03-29,1
2141,214,1,2026-03-29,1
2142,43,1,2026-03-29,2
2143,280,1,2026-03-29,2
2144,12,1,2026-03-29,1
2145,176,1,2026-03-29,2
2146,185,1,2026-03-29,3
2147,267,1,2026-03-29,2
2148,86,1,2026-03-29,3
2149,190,1,2026-03-29,1
2150,90,1,2026-03-29,1
2151,60,1,2026-03-29,1
2152,244,1,2026-03-29,2
2153,89,1,2026-03-29,2
2154,222,1,2026-03-29,1
2155,1,1,2026-03-29,1
2156,218,1,2026-03-29,2
2157,215,1,2026-03-29,2
2158,250,1,2026-03-29,3
2159,140,1,2026-03-29,2
2160,52,1,2026-03-30,2
2161,6,1,2026-03-30,5
2162,223,1,2026-03-30,4
2163,218,1,2026-03-30,1
2164,280,1,2026-03-30,3
2165,267,1,2026-03-30,4
2166,243,1,2026-03-30,2
2167,221,1,2026-03-30,6
2168,106,1,2026-03-30,2
2169,60,1,2026-03-30,4
2170,175,1,2026-03-30,1
2171,120,1,2026-03-30,5
2172,1,1,2026-03-30,2
2173,107,1,2026-03-30,1
2174,109,1,2026-03-30,1
2175,300,1,2026-03-30,5
2176,113,1,2026-03-30,2
2177,285,1,2026-03-30,3
2178,159,1,2026-03-30,4
2179,30,1,2026-03-30,2
2180,293,1,2026-03-30,2
2181,148,1,2026-03-30,3
2182,96,1,2026-03-30,4
2183,286,1,2026-03-30,2
2184,257,1,2026-03-30,4
2185,43,1,2026-03-30,2
2186,5,1,2026-03-30,6
2187,252,1,2026-03-30,5
2188,90,1,2026-03-30,5
2189,19,1,2026-03-30,4
2190,40,1,2026-03-30,4
2191,74,1,2026-03-30,3
2192,244,1,2026-03-30,4
2193,294,1,2026-03-30,4
2194,140,1,2026-03-31,1
2195,177,1,2026-03-31,3
2196,71,1,2026-03-31,4
2197,81,1,2026-03-31,5
2198,132,1,2026-03-31,1
2199,218,1,2026-03-31,1
2200,159,1,2026-03-31,2
2201,300,1,2026-03-31,2
2202,128,1,2026-03-31,2
2203,192,1,2026-03-31,2
2204,185,1,2026-03-31,3
2205,291,1,2026-03-31,3
2206,289,1,2026-03-31,3
2207,5,1,2026-03-31,5
2208,257,1,2026-03-31,5
2209,294,1,2026-03-31,5
2210,198,1,2026-03-31,2
2211,229,1,2026-03-31,2
2212,107,1,2026-03-31,3
2213,245,1,2026-03-31,1
2214,215,1,2026-03-31,3
2215,171,1,2026-03-31,2
2216,13,1,2026-03-31,3
2217,276,1,2026-03-31,4
2218,244,1,2026-04-01,1
2219,182,1,2026-04-01,2
2220,106,1,2026-04-01,3
2221,245,1,2026-04-01,1
2222,60,1,2026-04-01,7
2223,19,1,2026-04-01,4
2224,293,1,2026-04-01,6
2225,128,1,2026-04-01,1
2226,250,1,2026-04-01,3
2227,286,1,2026-04-01,3
2228,291,1,2026-04-01,4
2229,176,1,2026-04-01,1
2230,300,1,2026-04-01,1
2231,91,1,2026-04-01,4
2232,186,1,2026-04-01,3
2233,63,1,2026-04-01,5
2234,12,1,2026-04-01,3
2235,109,1,2026-04-01,3
2236,107,1,2026-04-01,3
2237,68,1,2026-04-02,5
2238,159,1,2026-04-02,3
2239,1,1,2026-04-02,4
2240,39,1,2026-04-02,5
2241,218,1,2026-04-02,2
2242,109,1,2026-04-02,8
2243,168,1,2026-04-02,8
2244,250,1,2026-04-02,8
2245,230,1,2026-04-02,7
2246,19,1,2026-04-02,3
2247,185,1,2026-04-02,6
2248,243,1,2026-04-02,3
2249,209,1,2026-04-02,3
2250,229,1,2026-04-02,5
2251,128,1,2026-04-02,5
2252,148,1,2026-04-02,10
2253,214,1,2026-04-02,2
2254,252,1,2026-04-02,12
2255,140,1,2026-04-02,9
2256,164,1,2026-04-02,4
2257,81,1,2026-04-02,4
2258,151,1,2026-04-02,4
2259,6,1,2026-04-02,4
2260,108,1,2026-04-02,5
2261,63,1,2026-04-02,5
2262,286,1,2026-04-02,3
2263,257,1,2026-04-02,2
2264,91,1,2026-04-02,12
2265,192,1,2026-04-02,3
2266,165,1,2026-04-02,3
2267,13,1,2026-04-02,5
2268,247,1,2026-04-02,5
2269,52,1,2026-04-02,6
2270,124,1,2026-04-02,9
2271,18,1,2026-04-02,4
2272,267,1,2026-04-02,5
2273,13,1,2026-04-03,3
2274,63,1,2026-04-03,2
2275,28,1,2026-04-03,3
2276,74,1,2026-04-03,3
2277,12,1,2026-04-03,4
2278,86,1,2026-04-03,3
2279,175,1,2026-04-03,1
2280,109,1,2026-04-03,4
2281,209,1,2026-04-03,2
2282,90,1,2026-04-03,3
2283,52,1,2026-04-03,2
2284,243,1,2026-04-03,5
2285,298,1,2026-04-03,1
2286,221,1,2026-04-03,3
2287,182,1,2026-04-03,5
2288,164,1,2026-04-03,3
2289,68,1,2026-04-03,3
2290,112,1,2026-04-03,2
2291,267,1,2026-04-03,3
2292,59,1,2026-04-03,5
2293,81,1,2026-04-03,2
2294,176,1,2026-04-03,5
2295,252,1,2026-04-03,1
2296,289,1,2026-04-03,3
2297,162,1,2026-04-03,2
2298,291,1,2026-04-03,6
2299,140,1,2026-04-03,2
2300,60,1,2026-04-03,1
2301,6,1,2026-04-03,4
2302,249,1,2026-04-04,3
2303,177,1,2026-04-04,2
2304,209,1,2026-04-04,1
2305,112,1,2026-04-04,2
2306,63,1,2026-04-04,3
2307,108,1,2026-04-04,1
2308,289,1,2026-04-04,2
2309,244,1,2026-04-04,2
2310,243,1,2026-04-04,2
2311,111,1,2026-04-04,1
2312,283,1,2026-04-04,1
2313,107,1,2026-04-04,1
2314,257,1,2026-04-04,2
2315,124,1,2026-04-04,2
2316,59,1,2026-04-04,2
2317,175,1,2026-04-04,1
2318,103,1,2026-04-04,2
2319,247,1,2026-04-04,2
2320,229,1,2026-04-04,2
2321,182,1,2026-04-04,2
2322,96,1,2026-04-05,1
2323,113,1,2026-04-05,3
2324,214,1,2026-04-05,3
2325,190,1,2026-04-05,1
2326,247,1,2026-04-05,3
2327,244,1,2026-04-05,2
2328,12,1,2026-04-05,2
2329,35,1,2026-04-05,1
2330,28,1,2026-04-05,1
2331,59,1,2026-04-05,1
2332,177,1,2026-04-05,1
2333,74,1,2026-04-05,1
2334,230,1,2026-04-05,1
2335,113,1,2026-04-06,2
2336,6,1,2026-04-06,7
2337,222,1,2026-04-06,6
2338,107,1,2026-04-06,4
2339,245,1,2026-04-06,4
2340,132,1,2026-04-06,4
2341,165,1,2026-04-06,3
2342,168,1,2026-04-06,4
2343,176,1,2026-04-06,4
2344,194,1,2026-04-06,5
2345,79,1,2026-04-06,4
2346,59,1,2026-04-06,4
2347,283,1,2026-04-06,4
2348,177,1,2026-04-06,2
2349,90,1,2026-04-06,3
2350,5,1,2026-04-06,3
2351,71,1,2026-04-06,3
2352,243,1,2026-04-06,7
2353,214,1,2026-04-06,5
2354,247,1,2026-04-06,4
2355,111,1,2026-04-06,1
2356,294,1,2026-04-06,6
2357,215,1,2026-04-06,2
2358,81,1,2026-04-06,3
2359,124,1,2026-04-06,3
2360,249,1,2026-04-06,3
2361,13,1,2026-04-07,5
2362,276,1,2026-04-07,2
2363,81,1,2026-04-07,3
2364,5,1,2026-04-07,6
2365,112,1,2026-04-07,6
2366,12,1,2026-04-07,3
2367,222,1,2026-04-07,3
2368,19,1,2026-04-07,4
2369,109,1,2026-04-07,1
2370,291,1,2026-04-07,4
2371,300,1,2026-04-07,5
2372,267,1,2026-04-07,5
2373,18,1,2026-04-07,6
2374,229,1,2026-04-07,6
2375,132,1,2026-04-07,1
2376,59,1,2026-04-08,5
2377,40,1,2026-04-08,3
2378,18,1,2026-04-08,1
2379,181,1,2026-04-08,3
2380,245,1,2026-04-08,2
2381,109,1,2026-04-08,4
2382,103,1,2026-04-08,11
2383,159,1,2026-04-08,4
2384,215,1,2026-04-08,4
2385,300,1,2026-04-08,5
2386,293,1,2026-04-08,6
2387,91,1,2026-04-08,8
2388,294,1,2026-04-08,1
2389,176,1,2026-04-08,4
2390,250,1,2026-04-08,2
2391,198,1,2026-04-08,1
2392,140,1,2026-04-08,3
2393,124,1,2026-04-08,8
2394,60,1,2026-04-08,3
2395,285,1,2026-04-08,3
2396,291,1,2026-04-08,3
2397,286,1,2026-04-08,2
2398,229,1,2026-04-08,4
2399,162,1,2026-04-08,4
2400,96,1,2026-04-08,1
2401,247,1,2026-04-08,6
2402,6,1,2026-04-08,4
2403,35,1,2026-04-08,1
2404,298,1,2026-04-08,1
2405,257,1,2026-04-08,3
2406,168,1,2026-04-08,5
2407,112,1,2026-04-08,7
2408,164,1,2026-04-09,2
2409,181,1,2026-04-09,5
2410,63,1,2026-04-09,3
2411,18,1,2026-04-09,3
2412,106,1,2026-04-09,5
2413,12,1,2026-04-09,4
2414,182,1,2026-04-09,6
2415,244,1,2026-04-09,7
2416,86,1,2026-04-09,2
2417,140,1,2026-04-09,3
2418,289,1,2026-04-09,2
2419,171,1,2026-04-09,3
2420,71,1,2026-04-09,6
2421,128,1,2026-04-09,4
2422,300,1,2026-04-09,2
2423,151,1,2026-04-09,4
2424,249,1,2026-04-09,1
2425,1,1,2026-04-09,3
2426,148,1,2026-04-09,2
2427,186,1,2026-04-09,4
2428,252,1,2026-04-09,2
2429,6,1,2026-04-09,5
2430,89,1,2026-04-09,2
2431,17,1,2026-04-09,10
2432,109,1,2026-04-09,3
2433,124,1,2026-04-09,4
2434,177,1,2026-04-10,4
2435,148,1,2026-04-10,7
2436,247,1,2026-04-10,3
2437,185,1,2026-04-10,3
2438,128,1,2026-04-10,1
2439,249,1,2026-04-10,1
2440,276,1,2026-04-10,4
2441,96,1,2026-04-10,3
2442,198,1,2026-04-10,1
2443,43,1,2026-04-10,3
2444,222,1,2026-04-10,2
2445,298,1,2026-04-10,4
2446,123,1,2026-04-10,2
2447,109,1,2026-04-10,9
2448,230,1,2026-04-10,2
2449,140,1,2026-04-10,4
2450,111,1,2026-04-10,3
2451,52,1,2026-04-10,1
2452,291,1,2026-04-10,3
2453,250,1,2026-04-10,5
2454,244,1,2026-04-10,2
2455,13,1,2026-04-10,2
2456,120,1,2026-04-11,2
2457,1,1,2026-04-11,3
2458,276,1,2026-04-11,1
2459,285,1,2026-04-11,1
2460,79,1,2026-04-11,1
2461,168,1,2026-04-11,1
2462,181,1,2026-04-11,1
2463,17,1,2026-04-11,3
2464,171,1,2026-04-11,2
2465,68,1,2026-04-11,2
2466,13,1,2026-04-11,1
2467,221,1,2026-04-11,2
2468,164,1,2026-04-11,2
2469,190,1,2026-04-11,2
2470,159,1,2026-04-12,5
2471,107,1,2026-04-12,2
2472,40,1,2026-04-12,6
2473,109,1,2026-04-12,7
2474,81,1,2026-04-12,1
2475,35,1,2026-04-12,2
2476,247,1,2026-04-12,3
2477,171,1,2026-04-12,3
2478,221,1,2026-04-12,1
2479,164,1,2026-04-12,3
2480,194,1,2026-04-12,8
2481,215,1,2026-04-12,2
2482,214,1,2026-04-12,1
2483,5,1,2026-04-12,4
2484,52,1,2026-04-12,2
2485,289,1,2026-04-13,3
2486,300,1,2026-04-13,5
2487,109,1,2026-04-13,7
2488,43,1,2026-04-13,2
2489,280,1,2026-04-13,1
2490,298,1,2026-04-13,3
2491,177,1,2026-04-13,6
2492,181,1,2026-04-13,3
2493,267,1,2026-04-13,1
2494,162,1,2026-04-13,4
2495,79,1,2026-04-13,6
2496,230,1,2026-04-13,6
2497,229,1,2026-04-13,2
2498,39,1,2026-04-13,2
2499,132,1,2026-04-13,3
2500,209,1,2026-04-13,2
2501,175,1,2026-04-13,1
2502,30,1,2026-04-13,2
2503,257,1,2026-04-13,3
2504,18,1,2026-04-13,3
2505,186,1,2026-04-13,5
2506,223,1,2026-04-13,4
2507,35,1,2026-04-13,4
2508,182,1,2026-04-13,4
2509,89,1,2026-04-13,4
2510,19,1,2026-04-13,1
2511,123,1,2026-04-13,4
2512,128,1,2026-04-13,4
2513,291,1,2026-04-13,2
2514,124,1,2026-04-13,4
2515,6,1,2026-04-13,3
2516,159,1,2026-04-13,4
2517,28,1,2026-04-14,5
2518,218,1,2026-04-14,4
2519,177,1,2026-04-14,2
2520,298,1,2026-04-14,2
2521,17,1,2026-04-14,3
2522,30,1,2026-04-14,3
2523,113,1,2026-04-14,1
2524,91,1,2026-04-14,4
2525,151,1,2026-04-14,8
2526,223,1,2026-04-14,3
2527,285,1,2026-04-14,2
2528,43,1,2026-04-14,2
2529,63,1,2026-04-14,3
2530,103,1,2026-04-14,1
2531,209,1,2026-04-14,3
2532,300,1,2026-04-14,2
2533,5,1,2026-04-14,3
2534,86,1,2026-04-14,6
2535,89,1,2026-04-14,5
2536,168,1,2026-04-15,1
2537,214,1,2026-04-15,1
2538,113,1,2026-04-15,6
2539,140,1,2026-04-15,3
2540,106,1,2026-04-15,1
2541,293,1,2026-04-15,2
2542,68,1,2026-04-15,7
2543,19,1,2026-04-15,4
2544,40,1,2026-04-15,1
2545,111,1,2026-04-15,3
2546,243,1,2026-04-15,4
2547,35,1,2026-04-15,3
2548,107,1,2026-04-15,2
2549,245,1,2026-04-15,3
2550,124,1,2026-04-15,4
2551,59,1,2026-04-15,2
2552,247,1,2026-04-15,4
2553,300,1,2026-04-15,3
2554,249,1,2026-04-15,1
2555,1,1,2026-04-15,5
2556,91,1,2026-04-15,2
2557,89,1,2026-04-15,6
2558,39,1,2026-04-15,3
2559,198,1,2026-04-15,3
2560,108,1,2026-04-15,2
2561,177,1,2026-04-15,7
2562,165,1,2026-04-15,3
2563,17,1,2026-04-15,3
2564,182,1,2026-04-15,8
2565,243,1,2026-04-16,4
2566,132,1,2026-04-16,5
2567,168,1,2026-04-16,1
2568,209,1,2026-04-16,7
2569,214,1,2026-04-16,5
2570,164,1,2026-04-16,2
2571,257,1,2026-04-16,2
2572,123,1,2026-04-16,3
2573,148,1,2026-04-16,3
2574,218,1,2026-04-16,7
2575,59,1,2026-04-16,5
2576,91,1,2026-04-16,4
2577,229,1,2026-04-16,2
2578,280,1,2026-04-16,1
2579,291,1,2026-04-16,4
2580,19,1,2026-04-17,3
2581,91,1,2026-04-17,2
2582,81,1,2026-04-17,1
2583,182,1,2026-04-17,4
2584,250,1,2026-04-17,3
2585,96,1,2026-04-17,2
2586,171,1,2026-04-17,2
2587,13,1,2026-04-17,4
2588,289,1,2026-04-17,5
2589,148,1,2026-04-17,2
2590,79,1,2026-04-17,4
2591,165,1,2026-04-17,5
2592,106,1,2026-04-17,2
2593,285,1,2026-04-17,1
2594,249,1,2026-04-17,3
2595,252,1,2026-04-17,2
2596,35,1,2026-04-17,5
2597,71,1,2026-04-17,2
2598,192,1,2026-04-17,4
2599,291,1,2026-04-17,3
2600,243,1,2026-04-17,2
2601,112,1,2026-04-17,1
2602,30,1,2026-04-17,5
2603,113,1,2026-04-17,2
2604,18,1,2026-04-17,3
2605,108,1,2026-04-17,6
2606,128,1,2026-04-17,4
2607,63,1,2026-04-17,1
2608,103,1,2026-04-17,3
2609,59,1,2026-04-17,3
2610,151,1,2026-04-17,5
2611,59,1,2026-04-18,1
2612,19,1,2026-04-18,3
2613,63,1,2026-04-18,4
2614,221,1,2026-04-18,2
2615,289,1,2026-04-18,1
2616,247,1,2026-04-18,2
2617,177,1,2026-04-18,3
2618,194,1,2026-04-18,1
2619,13,1,2026-04-18,1
2620,128,1,2026-04-18,1
2621,39,1,2026-04-18,2
2622,89,1,2026-04-18,2
2623,244,1,2026-04-18,2
2624,245,1,2026-04-18,1
2625,109,1,2026-04-18,1
2626,280,1,2026-04-18,2
2627,132,1,2026-04-18,2
2628,252,1,2026-04-18,1
2629,162,1,2026-04-18,2
2630,283,1,2026-04-18,1
2631,190,1,2026-04-18,1
2632,285,1,2026-04-18,2
2633,165,1,2026-04-18,2
2634,123,1,2026-04-18,2
2635,293,1,2026-04-18,1
2636,223,1,2026-04-18,1
2637,113,1,2026-04-18,3
2638,229,1,2026-04-19,2
2639,68,1,2026-04-19,1
2640,19,1,2026-04-19,1
2641,162,1,2026-04-19,3
2642,103,1,2026-04-19,1
2643,107,1,2026-04-19,4
2644,39,1,2026-04-19,2
2645,43,1,2026-04-19,1
2646,112,1,2026-04-19,1
2647,18,1,2026-04-19,1
2648,175,1,2026-04-19,2
2649,283,1,2026-04-19,5
2650,5,1,2026-04-19,1
2651,165,1,2026-04-19,3
2652,252,1,2026-04-19,2
2653,215,1,2026-04-19,2
2654,247,1,2026-04-19,2
2655,12,1,2026-04-19,1
2656,124,1,2026-04-19,1
2657,190,1,2026-04-19,2
2658,113,1,2026-04-19,1
2659,181,1,2026-04-19,3
2660,286,1,2026-04-19,1
2661,289,1,2026-04-19,1
2662,168,1,2026-04-19,1
2663,192,1,2026-04-19,2
2664,1,1,2026-04-19,1
2665,222,1,2026-04-19,1
2666,280,1,2026-04-19,1
2667,106,1,2026-04-20,2
2668,108,1,2026-04-20,4
2669,249,1,2026-04-20,2
2670,221,1,2026-04-20,5
2671,300,1,2026-04-20,5
2672,120,1,2026-04-20,1
2673,293,1,2026-04-20,4
2674,285,1,2026-04-20,4
2675,103,1,2026-04-20,6
2676,30,1,2026-04-20,3
2677,74,1,2026-04-20,3
2678,164,1,2026-04-20,6
2679,291,1,2026-04-20,4
2680,192,1,2026-04-20,2
2681,86,1,2026-04-20,2
2682,107,1,2026-04-20,2
2683,175,1,2026-04-20,3
2684,177,1,2026-04-20,3
2685,230,1,2026-04-20,3
2686,286,1,2026-04-20,4
2687,298,1,2026-04-20,1
2688,289,1,2026-04-20,3
2689,151,1,2026-04-20,2
2690,12,1,2026-04-20,2
2691,6,1,2026-04-20,4
2692,182,1,2026-04-20,3
2693,222,1,2026-04-20,1
2694,186,1,2026-04-21,7
2695,39,1,2026-04-21,5
2696,250,1,2026-04-21,1
2697,247,1,2026-04-21,2
2698,162,1,2026-04-21,1
2699,291,1,2026-04-21,4
2700,148,1,2026-04-21,2
2701,60,1,2026-04-21,4
2702,218,1,2026-04-21,4
2703,249,1,2026-04-21,1
2704,18,1,2026-04-21,4
2705,181,1,2026-04-21,3
2706,168,1,2026-04-21,2
2707,5,1,2026-04-21,5
2708,128,1,2026-04-21,2
2709,81,1,2026-04-21,2
2710,86,1,2026-04-21,5
2711,192,1,2026-04-21,4
2712,111,1,2026-04-21,5
2713,176,1,2026-04-21,5
2714,230,1,2026-04-21,3
2715,214,1,2026-04-21,1
2716,63,1,2026-04-21,4
2717,108,1,2026-04-21,1
2718,103,1,2026-04-21,4
2719,28,1,2026-04-21,3
2720,280,1,2026-04-21,4
2721,91,1,2026-04-21,2
2722,106,1,2026-04-21,3
2723,96,1,2026-04-21,1
2724,243,1,2026-04-21,3
2725,113,1,2026-04-22,5
2726,79,1,2026-04-22,4
2727,13,1,2026-04-22,9
2728,294,1,2026-04-22,5
2729,177,1,2026-04-22,7
2730,289,1,2026-04-22,7
2731,214,1,2026-04-22,10
2732,267,1,2026-04-22,4
2733,6,1,2026-04-22,8
2734,35,1,2026-04-22,5
2735,43,1,2026-04-22,6
2736,230,1,2026-04-22,7
2737,186,1,2026-04-22,3
2738,215,1,2026-04-22,3
2739,286,1,2026-04-22,6
2740,185,1,2026-04-22,5
2741,5,1,2026-04-22,1
2742,109,1,2026-04-22,8
2743,181,1,2026-04-22,5
2744,194,1,2026-04-22,7
2745,52,1,2026-04-22,2
2746,171,1,2026-04-22,5
2747,244,1,2026-04-22,6
2748,291,1,2026-04-23,1
2749,283,1,2026-04-23,2
2750,177,1,2026-04-23,3
2751,5,1,2026-04-23,5
2752,250,1,2026-04-23,3
2753,182,1,2026-04-23,1
2754,285,1,2026-04-23,5
2755,192,1,2026-04-23,3
2756,175,1,2026-04-23,1
2757,230,1,2026-04-23,6
2758,159,1,2026-04-23,8
2759,107,1,2026-04-23,3
2760,18,1,2026-04-23,2
2761,221,1,2026-04-23,3
2762,81,1,2026-04-23,6
2763,111,1,2026-04-23,8
2764,19,1,2026-04-23,3
2765,113,1,2026-04-23,4
2766,74,1,2026-04-23,4
2767,6,1,2026-04-23,1
2768,151,1,2026-04-23,1
2769,151,1,2026-04-24,1
2770,186,1,2026-04-24,4
2771,293,1,2026-04-24,2
2772,181,1,2026-04-24,7
2773,176,1,2026-04-24,5
2774,106,1,2026-04-24,1
2775,300,1,2026-04-24,4
2776,35,1,2026-04-24,2
2777,71,1,2026-04-24,3
2778,298,1,2026-04-24,3
2779,286,1,2026-04-24,3
2780,194,1,2026-04-24,3
2781,190,1,2026-04-24,2
2782,214,1,2026-04-24,1
2783,294,1,2026-04-24,4
2784,86,1,2026-04-24,4
2785,276,1,2026-04-25,1
2786,60,1,2026-04-25,2
2787,96,1,2026-04-25,2
2788,291,1,2026-04-25,2
2789,186,1,2026-04-25,3
2790,176,1,2026-04-25,2
2791,6,1,2026-04-25,1
2792,209,1,2026-04-25,2
2793,221,1,2026-04-25,2
2794,223,1,2026-04-25,1
2795,293,1,2026-04-25,1
2796,107,1,2026-04-25,2
2797,120,1,2026-04-25,2
2798,267,1,2026-04-25,4
2799,68,1,2026-04-25,1
2800,79,1,2026-04-25,2
2801,91,1,2026-04-25,2
2802,185,1,2026-04-25,1
2803,132,1,2026-04-25,2
2804,40,1,2026-04-25,2
2805,124,1,2026-04-25,1
2806,86,1,2026-04-25,1
2807,181,1,2026-04-25,4
2808,194,1,2026-04-25,1
2809,52,1,2026-04-25,2
2810,13,1,2026-04-25,2
2811,128,1,2026-04-25,2
2812,222,1,2026-04-25,1
2813,60,1,2026-04-26,1
2814,81,1,2026-04-26,4
2815,30,1,2026-04-26,3
2816,1,1,2026-04-26,1
2817,257,1,2026-04-26,2
2818,215,1,2026-04-26,4
2819,108,1,2026-04-26,1
2820,12,1,2026-04-26,2
2821,151,1,2026-04-26,3
2822,293,1,2026-04-26,1
2823,250,1,2026-04-26,4
2824,113,1,2026-04-26,3
2825,132,1,2026-04-26,3
2826,13,1,2026-04-26,2
2827,35,1,2026-04-26,3
2828,300,1,2026-04-26,2
2829,171,1,2026-04-26,2
2830,90,1,2026-04-26,4
2831,17,1,2026-04-26,1
2832,89,1,2026-04-26,3
2833,291,1,2026-04-26,2
2834,39,1,2026-04-26,4
2835,12,1,2026-04-27,4
2836,18,1,2026-04-27,5
2837,148,1,2026-04-27,3
2838,250,1,2026-04-27,2
2839,109,1,2026-04-27,1
2840,176,1,2026-04-27,4
2841,111,1,2026-04-27,5
2842,107,1,2026-04-27,2
2843,30,1,2026-04-27,5
2844,124,1,2026-04-27,4
2845,215,1,2026-04-27,7
2846,132,1,2026-04-27,6
2847,267,1,2026-04-27,1
2848,19,1,2026-04-27,2
2849,247,1,2026-04-27,4
2850,103,1,2026-04-27,2
2851,249,1,2026-04-27,4
2852,165,1,2026-04-27,2
2853,190,1,2026-04-27,2
2854,71,1,2026-04-27,3
2855,106,1,2026-04-27,4
2856,59,1,2026-04-27,1
2857,13,1,2026-04-27,2
2858,52,1,2026-04-27,1
2859,35,1,2026-04-27,4
2860,283,1,2026-04-27,3
2861,96,1,2026-04-27,3
2862,86,1,2026-04-27,5
2863,159,1,2026-04-27,6
2864,113,1,2026-04-27,2
2865,168,1,2026-04-27,2
2866,244,1,2026-04-27,4
2867,222,1,2026-04-27,2
2868,229,1,2026-04-27,4
2869,214,1,2026-04-27,1
2870,245,1,2026-04-27,1
2871,59,1,2026-04-28,1
2872,159,1,2026-04-28,3
2873,106,1,2026-04-28,3
2874,68,1,2026-04-28,7
2875,244,1,2026-04-28,3
2876,18,1,2026-04-28,3
2877,19,1,2026-04-28,1
2878,181,1,2026-04-28,2
2879,74,1,2026-04-28,4
2880,6,1,2026-04-28,4
2881,40,1,2026-04-28,5
2882,247,1,2026-04-28,2
2883,164,1,2026-04-28,4
2884,293,1,2026-04-28,2
2885,194,1,2026-04-28,2
2886,5,1,2026-04-28,6
2887,140,1,2026-04-28,6
2888,186,1,2026-04-28,3
2889,39,1,2026-04-29,2
2890,17,1,2026-04-29,6
2891,79,1,2026-04-29,7
2892,108,1,2026-04-29,5
2893,5,1,2026-04-29,3
2894,109,1,2026-04-29,3
2895,71,1,2026-04-29,4
2896,289,1,2026-04-29,5
2897,177,1,2026-04-29,4
2898,91,1,2026-04-29,4
2899,151,1,2026-04-29,5
2900,90,1,2026-04-29,2
2901,249,1,2026-04-29,3
2902,222,1,2026-04-29,4
2903,18,1,2026-04-29,5
2904,276,1,2026-04-29,3
2905,59,1,2026-04-29,4
2906,112,1,2026-04-29,9
2907,164,1,2026-04-29,6
2908,230,1,2026-04-29,2
2909,214,1,2026-04-29,4
2910,223,1,2026-04-29,5
2911,175,1,2026-04-29,3
2912,6,1,2026-04-29,3
2913,283,1,2026-04-29,1
2914,257,1,2026-04-29,3
2915,81,1,2026-04-29,4
2916,35,1,2026-04-29,4
2917,267,1,2026-04-29,4
2918,285,1,2026-04-29,6
2919,40,1,2026-04-29,1
2920,176,1,2026-04-29,3
2921,291,1,2026-04-29,3
2922,250,1,2026-04-29,4
2923,128,1,2026-04-30,3
2924,106,1,2026-04-30,1
2925,162,1,2026-04-30,7
2926,132,1,2026-04-30,2
2927,151,1,2026-04-30,5
2928,6,1,2026-04-30,3
2929,35,1,2026-04-30,6
2930,123,1,2026-04-30,6
2931,90,1,2026-04-30,3
2932,108,1,2026-04-30,6
2933,276,1,2026-04-30,1
2934,148,1,2026-04-30,4
2935,109,1,2026-04-30,2
2936,96,1,2026-04-30,5
2937,185,1,2026-04-30,1
2938,5,1,2026-04-30,2
2939,218,1,2026-04-30,4
2940,181,1,2026-04-30,2
2941,267,1,2026-04-30,5
2942,198,1,2026-04-30,3
2943,190,1,2026-04-30,4
2944,68,1,2026-05-01,2
2945,17,1,2026-05-01,3
2946,164,1,2026-05-01,4
2947,6,1,2026-05-01,4
2948,176,1,2026-05-01,3
2949,257,1,2026-05-01,3
2950,289,1,2026-05-01,3
2951,140,1,2026-05-01,4
2952,109,1,2026-05-01,5
2953,35,1,2026-05-01,2
2954,250,1,2026-05-01,5
2955,90,1,2026-05-01,7
2956,19,1,2026-05-01,2
2957,252,1,2026-05-01,4
2958,243,1,2026-05-01,4
2959,86,1,2026-05-01,6
2960,43,1,2026-05-01,4
2961,223,1,2026-05-01,3
2962,96,1,2026-05-01,3
2963,148,1,2026-05-01,3
2964,293,1,2026-05-01,1
2965,214,1,2026-05-01,5
2966,132,1,2026-05-01,3
2967,103,1,2026-05-01,8
2968,159,1,2026-05-01,2
2969,230,1,2026-05-01,1
2970,285,1,2026-05-01,4
2971,124,1,2026-05-01,2
2972,71,1,2026-05-01,3
2973,108,1,2026-05-01,3
2974,186,1,2026-05-01,4
2975,28,1,2026-05-01,3
2976,215,1,2026-05-01,3
2977,280,1,2026-05-01,4
2978,198,1,2026-05-02,4
2979,128,1,2026-05-02,2
2980,30,1,2026-05-02,1
2981,168,1,2026-05-02,2
2982,293,1,2026-05-02,2
2983,289,1,2026-05-02,2
2984,120,1,2026-05-02,2
2985,5,1,2026-05-02,1
2986,107,1,2026-05-02,2
2987,243,1,2026-05-02,2
2988,229,1,2026-05-02,1
2989,181,1,2026-05-02,1
2990,90,1,2026-05-02,1
2991,151,1,2026-05-02,1
2992,291,1,2026-05-02,2
2993,35,1,2026-05-02,1
2994,164,1,2026-05-02,2
2995,294,1,2026-05-02,1
2996,59,1,2026-05-02,2
2997,245,1,2026-05-02,2
2998,89,1,2026-05-02,1
2999,249,1,2026-05-03,3
3000,71,1,2026-05-03,1
3001,175,1,2026-05-03,2
3002,106,1,2026-05-03,3
3003,108,1,2026-05-03,1
3004,74,1,2026-05-03,1
3005,124,1,2026-05-03,1
3006,267,1,2026-05-03,4
3007,218,1,2026-05-03,2
3008,171,1,2026-05-03,1
3009,68,1,2026-05-03,2
3010,186,1,2026-05-03,1
3011,230,1,2026-05-03,2
3012,111,1,2026-05-03,1
3013,176,1,2026-05-03,6
3014,194,1,2026-05-03,1
3015,30,1,2026-05-03,1
3016,6,1,2026-05-03,1
3017,90,1,2026-05-03,2
3018,159,1,2026-05-04,2
3019,89,1,2026-05-04,3
3020,148,1,2026-05-04,1
3021,177,1,2026-05-04,4
3022,223,1,2026-05-04,3
3023,247,1,2026-05-04,2
3024,294,1,2026-05-04,1
3025,63,1,2026-05-04,3
3026,250,1,2026-05-04,3
3027,74,1,2026-05-04,4
3028,162,1,2026-05-04,3
3029,257,1,2026-05-04,1
3030,17,1,2026-05-04,2
3031,71,1,2026-05-04,4
3032,230,1,2026-05-04,4
3033,285,1,2026-05-04,2
3034,35,1,2026-05-04,4
3035,214,1,2026-05-04,6
3036,5,1,2026-05-04,1
3037,103,1,2026-05-04,3
3038,106,1,2026-05-04,5
3039,91,1,2026-05-04,2
3040,1,1,2026-05-04,3
3041,175,1,2026-05-04,3
3042,186,1,2026-05-04,4
3043,132,1,2026-05-04,3
3044,280,1,2026-05-04,3
3045,113,1,2026-05-04,1
3046,18,1,2026-05-04,5
3047,39,1,2026-05-04,6
3048,12,1,2026-05-04,2
3049,52,1,2026-05-04,3
3050,209,1,2026-05-04,4
3051,218,1,2026-05-04,2
3052,249,1,2026-05-04,3
3053,171,1,2026-05-04,2
3054,164,1,2026-05-04,2
3055,190,1,2026-05-04,2
3056,229,1,2026-05-05,3
3057,151,1,2026-05-05,2
3058,52,1,2026-05-05,3
3059,267,1,2026-05-05,1
3060,132,1,2026-05-05,3
3061,280,1,2026-05-05,1
3062,289,1,2026-05-05,3
3063,112,1,2026-05-05,4
3064,68,1,2026-05-05,1
3065,165,1,2026-05-05,10
3066,96,1,2026-05-05,4
3067,291,1,2026-05-05,7
3068,162,1,2026-05-05,4
3069,107,1,2026-05-05,3
3070,140,1,2026-05-05,4
3071,17,1,2026-05-05,2
3072,214,1,2026-05-05,2
3073,171,1,2026-05-05,4
3074,123,1,2026-05-05,3
3075,40,1,2026-05-05,6
3076,285,1,2026-05-05,4
3077,243,1,2026-05-05,3
3078,120,1,2026-05-05,7
3079,209,1,2026-05-05,3
3080,19,1,2026-05-05,3
3081,222,1,2026-05-05,8
3082,43,1,2026-05-05,3
3083,128,1,2026-05-05,3
3084,108,1,2026-05-05,4
3085,247,1,2026-05-05,2
3086,177,1,2026-05-06,3
3087,18,1,2026-05-06,3
3088,182,1,2026-05-06,4
3089,165,1,2026-05-06,3
3090,113,1,2026-05-06,1
3091,267,1,2026-05-06,4
3092,176,1,2026-05-06,2
3093,280,1,2026-05-06,3
3094,120,1,2026-05-06,2
3095,81,1,2026-05-06,3
3096,1,1,2026-05-06,5
3097,17,1,2026-05-06,3
3098,71,1,2026-05-06,7
3099,86,1,2026-05-06,2
3100,247,1,2026-05-06,4
3101,162,1,2026-05-06,4
3102,276,1,2026-05-06,3
3103,171,1,2026-05-06,2
3104,218,1,2026-05-06,3
3105,175,1,2026-05-06,6
3106,107,1,2026-05-06,2
3107,59,1,2026-05-06,2
3108,60,1,2026-05-06,4
3109,252,1,2026-05-06,3
3110,123,1,2026-05-06,4
3111,90,1,2026-05-06,6
3112,39,1,2026-05-07,1
3113,91,1,2026-05-07,5
3114,52,1,2026-05-07,4
3115,250,1,2026-05-07,6
3116,283,1,2026-05-07,4
3117,71,1,2026-05-07,5
3118,222,1,2026-05-07,6
3119,81,1,2026-05-07,1
3120,128,1,2026-05-07,3
3121,291,1,2026-05-07,4
3122,89,1,2026-05-07,4
3123,190,1,2026-05-07,4
3124,6,1,2026-05-07,6
3125,159,1,2026-05-07,7
3126,17,1,2026-05-07,1
3127,148,1,2026-05-07,9
3128,89,1,2026-05-08,2
3129,120,1,2026-05-08,3
3130,6,1,2026-05-08,1
3131,111,1,2026-05-08,6
3132,215,1,2026-05-08,5
3133,13,1,2026-05-08,3
3134,168,1,2026-05-08,2
3135,40,1,2026-05-08,4
3136,186,1,2026-05-08,4
3137,283,1,2026-05-08,2
3138,244,1,2026-05-08,4
3139,252,1,2026-05-08,1
3140,286,1,2026-05-08,1
3141,107,1,2026-05-08,3
3142,285,1,2026-05-08,4
3143,190,1,2026-05-08,5
3144,223,1,2026-05-08,4
3145,63,1,2026-05-08,7
3146,19,1,2026-05-08,3
3147,247,1,2026-05-08,4
3148,18,1,2026-05-08,1
3149,289,1,2026-05-08,5
3150,68,1,2026-05-08,3
3151,151,1,2026-05-08,6
3152,71,1,2026-05-08,1
3153,91,1,2026-05-08,1
3154,249,1,2026-05-09,3
3155,6,1,2026-05-09,2
3156,175,1,2026-05-09,5
3157,280,1,2026-05-09,3
3158,52,1,2026-05-09,3
3159,289,1,2026-05-09,1
3160,215,1,2026-05-09,2
3161,71,1,2026-05-09,1
3162,109,1,2026-05-09,3
3163,59,1,2026-05-09,1
3164,165,1,2026-05-09,1
3165,5,1,2026-05-09,1
3166,43,1,2026-05-09,1
3167,294,1,2026-05-09,1
3168,140,1,2026-05-09,2
3169,283,1,2026-05-09,1
3170,190,1,2026-05-09,3
3171,298,1,2026-05-09,1
3172,221,1,2026-05-09,2
3173,245,1,2026-05-09,3
3174,176,1,2026-05-09,1
3175,223,1,2026-05-09,1
3176,39,1,2026-05-09,1
3177,185,1,2026-05-09,3
3178,171,1,2026-05-09,1
3179,229,1,2026-05-09,1
3180,123,1,2026-05-09,1
3181,120,1,2026-05-09,4
3182,35,1,2026-05-10,2
3183,86,1,2026-05-10,2
3184,283,1,2026-05-10,2
3185,165,1,2026-05-10,4
3186,43,1,2026-05-10,1
3187,81,1,2026-05-10,1
3188,247,1,2026-05-10,2
3189,243,1,2026-05-10,1
3190,198,1,2026-05-10,1
3191,252,1,2026-05-10,1
3192,176,1,2026-05-10,1
3193,286,1,2026-05-10,2
3194,245,1,2026-05-10,3
3195,5,1,2026-05-10,1
3196,103,1,2026-05-10,1
3197,209,1,2026-05-10,1
3198,192,1,2026-05-10,1
3199,68,1,2026-05-10,1
3200,63,1,2026-05-10,1
3201,60,1,2026-05-10,2
3202,120,1,2026-05-10,1
3203,128,1,2026-05-10,2
3204,300,1,2026-05-10,2
3205,168,1,2026-05-10,1
3206,244,1,2026-05-10,2
3207,230,1,2026-05-11,1
3208,63,1,2026-05-11,3
3209,91,1,2026-05-11,4
3210,162,1,2026-05-11,3
3211,17,1,2026-05-11,6
3212,124,1,2026-05-11,1
3213,132,1,2026-05-11,3
3214,214,1,2026-05-11,3
3215,5,1,2026-05-11,1
3216,182,1,2026-05-11,4
3217,198,1,2026-05-11,1
3218,223,1,2026-05-11,3
3219,181,1,2026-05-11,7
3220,245,1,2026-05-11,4
3221,52,1,2026-05-11,2
3222,276,1,2026-05-11,3
3223,300,1,2026-05-11,1
3224,12,1,2026-05-11,2
3225,164,1,2026-05-11,9
3226,171,1,2026-05-11,4
3227,250,1,2026-05-11,1
3228,43,1,2026-05-11,6
3229,190,1,2026-05-11,4
3230,28,1,2026-05-11,5
3231,252,1,2026-05-12,3
3232,109,1,2026-05-12,3
3233,247,1,2026-05-12,1
3234,39,1,2026-05-12,1
3235,285,1,2026-05-12,4
3236,113,1,2026-05-12,1
3237,250,1,2026-05-12,6
3238,103,1,2026-05-12,4
3239,190,1,2026-05-12,3
3240,52,1,2026-05-12,5
3241,286,1,2026-05-12,4
3242,128,1,2026-05-12,5
3243,249,1,2026-05-12,5
3244,106,1,2026-05-12,3
3245,89,1,2026-05-12,2
3246,86,1,2026-05-12,3
3247,175,1,2026-05-12,1
3248,5,1,2026-05-12,3
3249,159,1,2026-05-12,1
3250,43,1,2026-05-12,2
3251,244,1,2026-05-12,3
3252,30,1,2026-05-12,2
3253,291,1,2026-05-12,9
3254,293,1,2026-05-12,4
3255,74,1,2026-05-12,3
3256,68,1,2026-05-12,2
3257,214,1,2026-05-12,3
3258,243,1,2026-05-12,7
3259,252,1,2026-05-13,5
3260,30,1,2026-05-13,3
3261,113,1,2026-05-13,2
3262,209,1,2026-05-13,3
3263,59,1,2026-05-13,4
3264,18,1,2026-05-13,5
3265,1,1,2026-05-13,4
3266,6,1,2026-05-13,2
3267,13,1,2026-05-13,4
3268,111,1,2026-05-13,1
3269,128,1,2026-05-13,5
3270,194,1,2026-05-13,5
3271,249,1,2026-05-13,3
3272,190,1,2026-05-13,3
3273,108,1,2026-05-13,1
3274,300,1,2026-05-13,5
3275,280,1,2026-05-13,1
3276,243,1,2026-05-13,3
3277,168,1,2026-05-13,2
3278,244,1,2026-05-13,2
3279,12,1,2026-05-13,1
3280,162,1,2026-05-13,4
3281,74,1,2026-05-13,5
3282,17,1,2026-05-13,3
3283,289,1,2026-05-13,1
3284,165,1,2026-05-13,3
3285,221,1,2026-05-13,1
3286,19,1,2026-05-13,2
3287,106,1,2026-05-13,8
3288,215,1,2026-05-13,3
3289,190,1,2026-05-14,4
3290,19,1,2026-05-14,6
3291,294,1,2026-05-14,2
3292,6,1,2026-05-14,1
3293,222,1,2026-05-14,4
3294,229,1,2026-05-14,5
3295,18,1,2026-05-14,5
3296,249,1,2026-05-14,5
3297,124,1,2026-05-14,4
3298,280,1,2026-05-14,2
3299,159,1,2026-05-14,1
3300,209,1,2026-05-14,2
3301,247,1,2026-05-14,1
3302,244,1,2026-05-14,1
3303,113,1,2026-05-14,4
3304,28,1,2026-05-14,3
3305,164,1,2026-05-14,2
3306,86,1,2026-05-14,4
3307,267,1,2026-05-14,6
3308,171,1,2026-05-14,3
3309,175,1,2026-05-15,4
3310,283,1,2026-05-15,4
3311,162,1,2026-05-15,4
3312,221,1,2026-05-15,4
3313,182,1,2026-05-15,1
3314,132,1,2026-05-15,3
3315,151,1,2026-05-15,2
3316,103,1,2026-05-15,2
3317,106,1,2026-05-15,5
3318,19,1,2026-05-15,2
3319,148,1,2026-05-15,2
3320,140,1,2026-05-15,2
3321,124,1,2026-05-15,3
3322,63,1,2026-05-15,2
3323,108,1,2026-05-15,2
3324,276,1,2026-05-15,6
3325,128,1,2026-05-15,3
3326,159,1,2026-05-15,7
3327,280,1,2026-05-15,3
3328,214,1,2026-05-15,3
3329,267,1,2026-05-15,2
3330,181,1,2026-05-15,6
3331,81,1,2026-05-15,1
3332,298,1,2026-05-16,2
3333,159,1,2026-05-16,1
3334,30,1,2026-05-16,2
3335,247,1,2026-05-16,2
3336,276,1,2026-05-16,3
3337,293,1,2026-05-16,4
3338,43,1,2026-05-16,2
3339,132,1,2026-05-16,1
3340,52,1,2026-05-16,1
3341,198,1,2026-05-16,2
3342,244,1,2026-05-16,1
3343,71,1,2026-05-16,2
3344,186,1,2026-05-16,1
3345,91,1,2026-05-16,1
3346,1,1,2026-05-16,1
3347,164,1,2026-05-16,1
3348,286,1,2026-05-16,1
3349,74,1,2026-05-17,5
3350,243,1,2026-05-17,2
3351,300,1,2026-05-17,5
3352,162,1,2026-05-17,1
3353,19,1,2026-05-17,1
3354,60,1,2026-05-17,3
3355,28,1,2026-05-17,3
3356,177,1,2026-05-17,2
3357,285,1,2026-05-17,1
3358,91,1,2026-05-17,1
3359,13,1,2026-05-17,2
3360,108,1,2026-05-17,4
3361,148,1,2026-05-17,3
3362,96,1,2026-05-17,3
3363,209,1,2026-05-17,2
3364,171,1,2026-05-17,2
3365,182,1,2026-05-17,1
3366,168,1,2026-05-17,1
3367,286,1,2026-05-17,1
3368,175,1,2026-05-17,2
3369,294,1,2026-05-17,2
3370,229,1,2026-05-17,4
3371,128,1,2026-05-17,1
3372,124,1,2026-05-17,1
3373,252,1,2026-05-17,1
3374,215,1,2026-05-17,3
3375,230,1,2026-05-17,1
3376,35,1,2026-05-17,1
3377,113,1,2026-05-18,2
3378,223,1,2026-05-18,4
3379,124,1,2026-05-18,4
3380,111,1,2026-05-18,2
3381,6,1,2026-05-18,2
3382,192,1,2026-05-18,2
3383,190,1,2026-05-18,8
3384,79,1,2026-05-18,1
3385,30,1,2026-05-18,2
3386,96,1,2026-05-18,4
3387,39,1,2026-05-18,3
3388,285,1,2026-05-18,3
3389,286,1,2026-05-18,1
3390,151,1,2026-05-18,1
3391,267,1,2026-05-18,5
3392,109,1,2026-05-18,6
3393,52,1,2026-05-18,5
3394,60,1,2026-05-18,2
3395,175,1,2026-05-18,1
3396,293,1,2026-05-18,3
3397,276,1,2026-05-18,1
3398,168,1,2026-05-18,6
3399,214,1,2026-05-18,8
3400,209,1,2026-05-18,5
3401,289,1,2026-05-18,3
3402,177,1,2026-05-18,4
3403,283,1,2026-05-18,1
3404,222,1,2026-05-18,4
3405,218,1,2026-05-18,2
3406,300,1,2026-05-19,7
3407,113,1,2026-05-19,3
3408,283,1,2026-05-19,4
3409,68,1,2026-05-19,5
3410,280,1,2026-05-19,2
3411,194,1,2026-05-19,2
3412,120,1,2026-05-19,4
3413,35,1,2026-05-19,4
3414,79,1,2026-05-19,3
3415,244,1,2026-05-19,2
3416,28,1,2026-05-19,2
3417,192,1,2026-05-19,5
3418,18,1,2026-05-19,1
3419,164,1,2026-05-19,4
3420,186,1,2026-05-19,4
3421,19,1,2026-05-20,5
3422,244,1,2026-05-20,3
3423,267,1,2026-05-20,2
3424,182,1,2026-05-20,3
3425,229,1,2026-05-20,1
3426,40,1,2026-05-20,4
3427,298,1,2026-05-20,5
3428,164,1,2026-05-20,4
3429,198,1,2026-05-20,1
3430,35,1,2026-05-20,5
3431,18,1,2026-05-20,2
3432,43,1,2026-05-20,2
3433,194,1,2026-05-20,1
3434,68,1,2026-05-20,1
3435,112,1,2026-05-20,2
3436,209,1,2026-05-20,2
3437,89,1,2026-05-20,2
3438,96,1,2026-05-20,9
3439,79,1,2026-05-21,3
3440,39,1,2026-05-21,4
3441,107,1,2026-05-21,3
3442,209,1,2026-05-21,3
3443,175,1,2026-05-21,5
3444,198,1,2026-05-21,1
3445,243,1,2026-05-21,6
3446,148,1,2026-05-21,6
3447,294,1,2026-05-21,2
3448,286,1,2026-05-21,4
3449,162,1,2026-05-21,4
3450,13,1,2026-05-21,3
3451,218,1,2026-05-21,3
3452,28,1,2026-05-21,2
3453,291,1,2026-05-21,3
3454,214,1,2026-05-21,1
3455,108,1,2026-05-21,3
3456,59,1,2026-05-21,4
3457,86,1,2026-05-21,4
3458,192,1,2026-05-21,2
3459,140,1,2026-05-21,6
3460,293,1,2026-05-21,1
3461,221,1,2026-05-22,3
3462,81,1,2026-05-22,6
3463,63,1,2026-05-22,2
3464,13,1,2026-05-22,2
3465,176,1,2026-05-22,4
3466,280,1,2026-05-22,4
3467,5,1,2026-05-22,1
3468,91,1,2026-05-22,6
3469,291,1,2026-05-22,4
3470,300,1,2026-05-22,1
3471,190,1,2026-05-22,2
3472,283,1,2026-05-22,2
3473,43,1,2026-05-22,1
3474,185,1,2026-05-22,4
3475,229,1,2026-05-22,5
3476,103,1,2026-05-22,3
3477,112,1,2026-05-22,2
3478,107,1,2026-05-22,4
3479,111,1,2026-05-22,2
3480,171,1,2026-05-22,2
3481,192,1,2026-05-22,4
3482,108,1,2026-05-22,2
3483,71,1,2026-05-22,5
3484,123,1,2026-05-22,4
3485,74,1,2026-05-22,5
3486,68,1,2026-05-22,6
3487,40,1,2026-05-22,9
3488,165,1,2026-05-22,4
3489,298,1,2026-05-22,4
3490,1,1,2026-05-22,6
3491,19,1,2026-05-23,3
3492,91,1,2026-05-23,1
3493,13,1,2026-05-23,2
3494,168,1,2026-05-23,3
3495,109,1,2026-05-23,2
3496,40,1,2026-05-23,1
3497,247,1,2026-05-23,1
3498,120,1,2026-05-23,1
3499,124,1,2026-05-23,1
3500,111,1,2026-05-23,1
3501,148,1,2026-05-23,3
3502,223,1,2026-05-23,2
3503,298,1,2026-05-23,4
3504,289,1,2026-05-23,3
3505,74,1,2026-05-23,1
3506,63,1,2026-05-23,2
3507,198,1,2026-05-23,1
3508,285,1,2026-05-23,2
3509,221,1,2026-05-23,2
3510,245,1,2026-05-23,2
3511,294,1,2026-05-23,2
3512,300,1,2026-05-23,2
3513,96,1,2026-05-23,2
3514,182,1,2026-05-24,2
3515,286,1,2026-05-24,1
3516,79,1,2026-05-24,3
3517,215,1,2026-05-24,2
3518,90,1,2026-05-24,1
3519,192,1,2026-05-24,1
3520,291,1,2026-05-24,4
3521,190,1,2026-05-24,2
3522,223,1,2026-05-24,1
3523,81,1,2026-05-24,2
3524,177,1,2026-05-24,2
3525,176,1,2026-05-24,1
3526,181,1,2026-05-24,2
3527,194,1,2026-05-24,1
3528,294,1,2026-05-24,1
3529,257,1,2026-05-24,1
3530,96,1,2026-05-24,1
3531,91,1,2026-05-24,2
3532,120,1,2026-05-24,1
3533,140,1,2026-05-24,5
3534,293,1,2026-05-24,2
3535,43,1,2026-05-24,2
3536,300,1,2026-05-24,2
3537,6,1,2026-05-25,3
3538,63,1,2026-05-25,1
3539,103,1,2026-05-25,4
3540,190,1,2026-05-25,4
3541,96,1,2026-05-25,1
3542,298,1,2026-05-25,4
3543,79,1,2026-05-25,1
3544,230,1,2026-05-25,2
3545,223,1,2026-05-25,2
3546,267,1,2026-05-25,3
3547,276,1,2026-05-25,7
3548,107,1,2026-05-25,4
3549,293,1,2026-05-25,4
3550,40,1,2026-05-25,2
3551,164,1,2026-05-25,8
3552,35,1,2026-05-25,5
3553,124,1,2026-05-25,3
3554,291,1,2026-05-25,5
3555,244,1,2026-05-25,2
3556,171,1,2026-05-25,3
3557,112,1,2026-05-25,7
3558,280,1,2026-05-25,2
3559,109,1,2026-05-25,7
3560,215,1,2026-05-25,7
3561,300,1,2026-05-25,2
3562,192,1,2026-05-25,4
3563,108,1,2026-05-25,5
3564,286,1,2026-05-25,2
3565,140,1,2026-05-25,2
3566,221,1,2026-05-25,4
3567,182,1,2026-05-25,2
3568,91,1,2026-05-25,3
3569,165,1,2026-05-25,4
3570,12,1,2026-05-25,2
3571,229,1,2026-05-25,2
3572,186,1,2026-05-25,2
3573,192,1,2026-05-26,3
3574,276,1,2026-05-26,6
3575,109,1,2026-05-26,3
3576,185,1,2026-05-26,4
3577,181,1,2026-05-26,4
3578,59,1,2026-05-26,5
3579,128,1,2026-05-26,3
3580,68,1,2026-05-26,2
3581,194,1,2026-05-26,2
3582,107,1,2026-05-26,2
3583,148,1,2026-05-26,6
3584,63,1,2026-05-26,2
3585,164,1,2026-05-26,3
3586,124,1,2026-05-26,1
3587,39,1,2026-05-26,4
3588,108,1,2026-05-26,3
3589,245,1,2026-05-26,2
3590,280,1,2026-05-26,3
3591,289,1,2026-05-26,3
3592,223,1,2026-05-27,4
3593,1,1,2026-05-27,3
3594,132,1,2026-05-27,1
3595,96,1,2026-05-27,3
3596,5,1,2026-05-27,3
3597,151,1,2026-05-27,3
3598,177,1,2026-05-27,7
3599,109,1,2026-05-27,6
3600,148,1,2026-05-27,5
3601,194,1,2026-05-27,3
3602,162,1,2026-05-27,4
3603,71,1,2026-05-27,2
3604,247,1,2026-05-27,4
3605,60,1,2026-05-27,2
3606,291,1,2026-05-27,8
3607,113,1,2026-05-28,4
3608,165,1,2026-05-28,2
3609,181,1,2026-05-28,5
3610,247,1,2026-05-28,2
3611,245,1,2026-05-28,4
3612,252,1,2026-05-28,6
3613,43,1,2026-05-28,3
3614,244,1,2026-05-28,4
3615,291,1,2026-05-28,3
3616,12,1,2026-05-28,2
3617,103,1,2026-05-28,1
3618,214,1,2026-05-28,3
3619,175,1,2026-05-28,4
3620,109,1,2026-05-28,3
3621,285,1,2026-05-28,1
3622,159,1,2026-05-28,8
3623,294,1,2026-05-28,5
3624,124,1,2026-05-28,3
3625,192,1,2026-05-28,2
3626,194,1,2026-05-28,2
3627,71,1,2026-05-28,1
3628,6,1,2026-05-28,2
3629,112,1,2026-05-28,1
3630,289,1,2026-05-28,4
3631,123,1,2026-05-28,7
3632,280,1,2026-05-28,4
3633,186,1,2026-05-28,2
3634,90,1,2026-05-28,3
3635,175,1,2026-05-29,6
3636,164,1,2026-05-29,3
3637,168,1,2026-05-29,4
3638,257,1,2026-05-29,3
3639,291,1,2026-05-29,3
3640,17,1,2026-05-29,6
3641,177,1,2026-05-29,1
3642,63,1,2026-05-29,1
3643,209,1,2026-05-29,5
3644,247,1,2026-05-29,4
3645,194,1,2026-05-29,4
3646,182,1,2026-05-29,3
3647,123,1,2026-05-29,5
3648,18,1,2026-05-29,7
3649,190,1,2026-05-29,7
3650,298,1,2026-05-29,3
3651,90,1,2026-05-29,2
3652,162,1,2026-05-29,5
3653,186,1,2026-05-29,5
3654,60,1,2026-05-29,4
3655,245,1,2026-05-29,2
3656,71,1,2026-05-29,2
3657,132,1,2026-05-30,1
3658,294,1,2026-05-30,2
3659,43,1,2026-05-30,1
3660,229,1,2026-05-30,5
3661,214,1,2026-05-30,1
3662,286,1,2026-05-30,3
3663,96,1,2026-05-30,2
3664,194,1,2026-05-30,2
3665,192,1,2026-05-30,3
3666,293,1,2026-05-30,1
3667,176,1,2026-05-30,1
3668,159,1,2026-05-31,1
3669,176,1,2026-05-31,4
3670,198,1,2026-05-31,1
3671,5,1,2026-05-31,1
3672,285,1,2026-05-31,2
3673,214,1,2026-05-31,1
3674,86,1,2026-05-31,3
3675,192,1,2026-05-31,1
3676,123,1,2026-05-31,1
3677,68,1,2026-05-31,2
3678,298,1,2026-05-31,1
3679,6,1,2026-05-31,1
3680,13,1,2026-05-31,3
3681,177,1,2026-05-31,1
3682,109,1,2026-05-31,1
3683,108,1,2026-05-31,1
3684,1,1,2026-06-01,4
3685,294,1,2026-06-01,3
3686,257,1,2026-06-01,5
3687,63,1,2026-06-01,3
3688,168,1,2026-06-01,4
3689,79,1,2026-06-01,8
3690,113,1,2026-06-01,3
3691,186,1,2026-06-01,4
3692,286,1,2026-06-01,2
3693,289,1,2026-06-01,4
3694,222,1,2026-06-01,3
3695,214,1,2026-06-01,2
3696,112,1,2026-06-01,6
3697,43,1,2026-06-01,7
3698,182,1,2026-06-01,4
3699,28,1,2026-06-01,2
3700,192,1,2026-06-01,6
3701,250,1,2026-06-01,5
3702,229,1,2026-06-01,7
3703,81,1,2026-06-01,4
3704,276,1,2026-06-01,3
3705,106,1,2026-06-01,6
3706,175,1,2026-06-01,4
3707,124,1,2026-06-01,3
3708,247,1,2026-06-01,4
3709,59,1,2026-06-01,4
3710,40,1,2026-06-02,2
3711,194,1,2026-06-02,4
3712,71,1,2026-06-02,4
3713,81,1,2026-06-02,7
3714,209,1,2026-06-02,4
3715,283,1,2026-06-02,2
3716,28,1,2026-06-02,1
3717,257,1,2026-06-02,4
3718,13,1,2026-06-02,4
3719,107,1,2026-06-02,2
3720,63,1,2026-06-02,1
3721,291,1,2026-06-02,5
3722,91,1,2026-06-02,2
3723,192,1,2026-06-02,5
3724,74,1,2026-06-02,2
3725,79,1,2026-06-02,6
3726,103,1,2026-06-02,1
3727,89,1,2026-06-02,1
3728,280,1,2026-06-02,5
3729,252,1,2026-06-02,4
3730,223,1,2026-06-02,2
3731,185,1,2026-06-02,2
3732,175,1,2026-06-02,5
3733,151,1,2026-06-02,2
3734,218,1,2026-06-02,2
3735,91,1,2026-06-03,2
3736,86,1,2026-06-03,5
3737,276,1,2026-06-03,2
3738,5,1,2026-06-03,2
3739,17,1,2026-06-03,5
3740,12,1,2026-06-03,1
3741,164,1,2026-06-03,3
3742,140,1,2026-06-03,2
3743,123,1,2026-06-03,2
3744,124,1,2026-06-03,3
3745,192,1,2026-06-03,4
3746,198,1,2026-06-03,3
3747,74,1,2026-06-03,5
3748,215,1,2026-06-03,4
3749,285,1,2026-06-03,2
3750,96,1,2026-06-03,3
3751,132,1,2026-06-03,3
3752,222,1,2026-06-03,3
3753,19,1,2026-06-03,5
3754,280,1,2026-06-04,1
3755,68,1,2026-06-04,5
3756,123,1,2026-06-04,5
3757,243,1,2026-06-04,7
3758,13,1,2026-06-04,3
3759,221,1,2026-06-04,5
3760,198,1,2026-06-04,8
3761,103,1,2026-06-04,4
3762,215,1,2026-06-04,4
3763,267,1,2026-06-04,3
3764,28,1,2026-06-04,3
3765,229,1,2026-06-04,4
3766,148,1,2026-06-04,3
3767,43,1,2026-06-04,5
3768,96,1,2026-06-04,4
3769,162,1,2026-06-04,3
3770,293,1,2026-06-04,5
3771,209,1,2026-06-04,2
3772,223,1,2026-06-04,2
3773,151,1,2026-06-04,1
3774,192,1,2026-06-04,2
3775,298,1,2026-06-05,1
3776,249,1,2026-06-05,5
3777,291,1,2026-06-05,2
3778,113,1,2026-06-05,7
3779,120,1,2026-06-05,2
3780,280,1,2026-06-05,2
3781,209,1,2026-06-05,4
3782,257,1,2026-06-05,4
3783,286,1,2026-06-05,3
3784,190,1,2026-06-05,3
3785,283,1,2026-06-05,4
3786,35,1,2026-06-05,5
3787,247,1,2026-06-05,3
3788,39,1,2026-06-05,3
3789,300,1,2026-06-05,2
3790,1,1,2026-06-05,7
3791,68,1,2026-06-05,6
3792,276,1,2026-06-05,8
3793,267,1,2026-06-05,4
3794,79,1,2026-06-05,3
3795,40,1,2026-06-05,2
3796,223,1,2026-06-05,1
3797,89,1,2026-06-05,2
3798,19,1,2026-06-05,2
3799,52,1,2026-06-05,3
3800,5,1,2026-06-05,2
3801,165,1,2026-06-05,4
3802,252,1,2026-06-05,5
3803,176,1,2026-06-05,4
3804,182,1,2026-06-05,5
3805,289,1,2026-06-05,4
3806,86,1,2026-06-05,2
3807,159,1,2026-06-05,4
3808,171,1,2026-06-05,4
3809,90,1,2026-06-05,5
3810,91,1,2026-06-05,6
3811,140,1,2026-06-05,2
3812,186,1,2026-06-05,2
3813,280,1,2026-06-06,3
3814,168,1,2026-06-06,1
3815,293,1,2026-06-06,1
3816,52,1,2026-06-06,2
3817,250,1,2026-06-06,3
3818,223,1,2026-06-06,1
3819,6,1,2026-06-06,2
3820,12,1,2026-06-06,2
3821,159,1,2026-06-06,1
3822,103,1,2026-06-06,2
3823,182,1,2026-06-06,1
3824,286,1,2026-06-06,1
3825,283,1,2026-06-06,2
3826,192,1,2026-06-07,2
3827,111,1,2026-06-07,2
3828,63,1,2026-06-07,4
3829,198,1,2026-06-07,2
3830,68,1,2026-06-07,1
3831,148,1,2026-06-07,2
3832,162,1,2026-06-07,1
3833,247,1,2026-06-07,3
3834,12,1,2026-06-07,3
3835,96,1,2026-06-07,2
3836,159,1,2026-06-07,3
3837,164,1,2026-06-07,3
3838,280,1,2026-06-07,2
3839,229,1,2026-06-07,3
3840,177,1,2026-06-07,3
3841,221,1,2026-06-07,2
3842,106,1,2026-06-08,7
3843,293,1,2026-06-08,3
3844,68,1,2026-06-08,4
3845,221,1,2026-06-08,2
3846,1,1,2026-06-08,4
3847,289,1,2026-06-08,5
3848,280,1,2026-06-08,2
3849,223,1,2026-06-08,2
3850,249,1,2026-06-08,1
3851,89,1,2026-06-08,1
3852,81,1,2026-06-08,2
3853,252,1,2026-06-08,4
3854,6,1,2026-06-08,10
3855,250,1,2026-06-08,1
3856,298,1,2026-06-08,3
3857,185,1,2026-06-08,4
3858,128,1,2026-06-08,5
3859,40,1,2026-06-08,4
3860,230,1,2026-06-08,5
3861,120,1,2026-06-08,5
3862,52,1,2026-06-08,4
3863,12,1,2026-06-08,4
3864,294,1,2026-06-08,2
3865,59,1,2026-06-08,6
3866,107,1,2026-06-08,3
3867,243,1,2026-06-09,2
3868,107,1,2026-06-09,1
3869,181,1,2026-06-09,1
3870,162,1,2026-06-09,4
3871,132,1,2026-06-09,4
3872,186,1,2026-06-09,4
3873,6,1,2026-06-09,2
3874,283,1,2026-06-09,3
3875,39,1,2026-06-09,2
3876,230,1,2026-06-09,3
3877,300,1,2026-06-09,2
3878,71,1,2026-06-09,2
3879,60,1,2026-06-09,3
3880,165,1,2026-06-09,4
3881,250,1,2026-06-09,1
3882,96,1,2026-06-09,2
3883,89,1,2026-06-09,1
3884,175,1,2026-06-09,1
3885,13,1,2026-06-09,4
3886,103,1,2026-06-09,3
3887,124,1,2026-06-09,7
3888,192,1,2026-06-09,2
3889,190,1,2026-06-09,1
3890,192,1,2026-06-10,6
3891,132,1,2026-06-10,2
3892,230,1,2026-06-10,5
3893,124,1,2026-06-10,2
3894,291,1,2026-06-10,8
3895,103,1,2026-06-10,4
3896,171,1,2026-06-10,1
3897,59,1,2026-06-10,7
3898,298,1,2026-06-10,4
3899,229,1,2026-06-10,4
3900,18,1,2026-06-10,2
3901,6,1,2026-06-10,2
3902,1,1,2026-06-10,3
3903,120,1,2026-06-10,6
3904,112,1,2026-06-10,2
3905,252,1,2026-06-10,5
3906,151,1,2026-06-10,1
3907,13,1,2026-06-10,2
3908,257,1,2026-06-10,5
3909,283,1,2026-06-10,3
3910,148,1,2026-06-10,6
3911,5,1,2026-06-10,1
3912,198,1,2026-06-10,1
3913,276,1,2026-06-10,3
3914,185,1,2026-06-10,3
3915,181,1,2026-06-10,6
3916,285,1,2026-06-10,2
3917,39,1,2026-06-10,5
3918,267,1,2026-06-10,2
3919,215,1,2026-06-10,4
3920,244,1,2026-06-10,1
3921,96,1,2026-06-10,3
3922,177,1,2026-06-10,5
3923,17,1,2026-06-10,3
3924,71,1,2026-06-11,7
3925,106,1,2026-06-11,3
3926,164,1,2026-06-11,3
3927,168,1,2026-06-11,6
3928,74,1,2026-06-11,1
3929,43,1,2026-06-11,2
3930,267,1,2026-06-11,3
3931,175,1,2026-06-11,6
3932,186,1,2026-06-11,1
3933,214,1,2026-06-11,3
3934,123,1,2026-06-11,4
3935,107,1,2026-06-11,3
3936,194,1,2026-06-11,3
3937,79,1,2026-06-11,4
3938,81,1,2026-06-11,6
3939,192,1,2026-06-11,3
3940,103,1,2026-06-11,2
3941,17,1,2026-06-11,7
3942,162,1,2026-06-11,4
3943,215,1,2026-06-11,2
3944,294,1,2026-06-11,3
3945,108,1,2026-06-11,6
3946,39,1,2026-06-11,5
3947,111,1,2026-06-11,5
3948,298,1,2026-06-11,3
3949,159,1,2026-06-11,3
3950,218,1,2026-06-11,2
3951,177,1,2026-06-11,5
3952,198,1,2026-06-11,4
3953,300,1,2026-06-11,2
3954,285,1,2026-06-11,4
3955,276,1,2026-06-11,4
3956,90,1,2026-06-11,4
3957,13,1,2026-06-11,5
3958,293,1,2026-06-11,6
3959,148,1,2026-06-11,1
3960,19,1,2026-06-12,3
3961,181,1,2026-06-12,1
3962,13,1,2026-06-12,5
3963,165,1,2026-06-12,2
3964,293,1,2026-06-12,2
3965,229,1,2026-06-12,2
3966,43,1,2026-06-12,5
3967,230,1,2026-06-12,5
3968,286,1,2026-06-12,3
3969,164,1,2026-06-12,1
3970,113,1,2026-06-12,7
3971,223,1,2026-06-12,2
3972,298,1,2026-06-12,7
3973,247,1,2026-06-12,4
3974,128,1,2026-06-12,3
3975,244,1,2026-06-12,3
3976,12,1,2026-06-12,4
3977,300,1,2026-06-12,4
3978,176,1,2026-06-12,6
3979,214,1,2026-06-12,3
3980,190,1,2026-06-12,2
3981,140,1,2026-06-12,6
3982,182,1,2026-06-12,6
3983,89,1,2026-06-12,2
3984,280,1,2026-06-12,1
3985,106,1,2026-06-12,3
3986,186,1,2026-06-12,2
3987,52,1,2026-06-12,4
3988,177,1,2026-06-12,3
3989,215,1,2026-06-12,1
3990,194,1,2026-06-12,4
3991,52,1,2026-06-13,1
3992,89,1,2026-06-13,3
3993,6,1,2026-06-13,1
3994,40,1,2026-06-13,2
3995,162,1,2026-06-13,1
3996,124,1,2026-06-13,1
3997,111,1,2026-06-13,2
3998,286,1,2026-06-13,1
3999,293,1,2026-06-13,1
4000,140,1,2026-06-13,2
4001,218,1,2026-06-13,1
4002,148,1,2026-06-13,4
4003,222,1,2026-06-14,2
4004,18,1,2026-06-14,3
4005,168,1,2026-06-14,2
4006,221,1,2026-06-14,2
4007,215,1,2026-06-14,3
4008,182,1,2026-06-14,2
4009,280,1,2026-06-14,1
4010,132,1,2026-06-14,2
4011,194,1,2026-06-14,1
4012,39,1,2026-06-14,1
4013,175,1,2026-06-14,2
4014,96,1,2026-06-14,1
4015,60,1,2026-06-14,1
4016,223,1,2026-06-14,1
4017,230,1,2026-06-14,2
4018,40,1,2026-06-14,1
4019,107,1,2026-06-14,4
4020,244,1,2026-06-14,1
4021,249,1,2026-06-14,2
4022,176,1,2026-06-14,1
4023,257,1,2026-06-14,1
4024,13,1,2026-06-14,2
4025,190,1,2026-06-15,2
4026,192,1,2026-06-15,1
4027,171,1,2026-06-15,3
4028,222,1,2026-06-15,4
4029,108,1,2026-06-15,2
4030,81,1,2026-06-15,4
4031,30,1,2026-06-15,4
4032,151,1,2026-06-15,7
4033,176,1,2026-06-15,4
4034,39,1,2026-06-15,5
4035,6,1,2026-06-15,2
4036,40,1,2026-06-15,1
4037,294,1,2026-06-15,2
4038,74,1,2026-06-15,4
4039,249,1,2026-06-15,5
4040,218,1,2026-06-15,6
4041,230,1,2026-06-15,3
4042,63,1,2026-06-16,3
4043,103,1,2026-06-16,4
4044,1,1,2026-06-16,1
4045,229,1,2026-06-16,2
4046,113,1,2026-06-16,3
4047,221,1,2026-06-16,3
4048,12,1,2026-06-16,2
4049,194,1,2026-06-16,3
4050,148,1,2026-06-16,1
4051,257,1,2026-06-16,2
4052,52,1,2026-06-16,4
4053,111,1,2026-06-16,3
4054,186,1,2026-06-16,5
4055,162,1,2026-06-16,2
4056,17,1,2026-06-16,3
4057,59,1,2026-06-16,8
4058,68,1,2026-06-16,3
4059,218,1,2026-06-16,2
4060,291,1,2026-06-16,2
4061,222,1,2026-06-16,3
4062,91,1,2026-06-16,1
4063,250,1,2026-06-16,2
4064,283,1,2026-06-16,4
4065,171,1,2026-06-16,6
4066,71,1,2026-06-16,2
4067,209,1,2026-06-16,3
4068,108,1,2026-06-16,2
4069,106,1,2026-06-16,4
4070,214,1,2026-06-17,5
4071,140,1,2026-06-17,2
4072,109,1,2026-06-17,5
4073,103,1,2026-06-17,2
4074,175,1,2026-06-17,2
4075,74,1,2026-06-17,3
4076,40,1,2026-06-17,5
4077,30,1,2026-06-17,5
4078,230,1,2026-06-17,3
4079,28,1,2026-06-17,5
4080,17,1,2026-06-17,3
4081,285,1,2026-06-17,5
4082,194,1,2026-06-17,6
4083,243,1,2026-06-17,1
4084,71,1,2026-06-17,1
4085,276,1,2026-06-18,2
4086,298,1,2026-06-18,3
4087,109,1,2026-06-18,2
4088,192,1,2026-06-18,6
4089,245,1,2026-06-18,1
4090,120,1,2026-06-18,3
4091,107,1,2026-06-18,3
4092,81,1,2026-06-18,5
4093,243,1,2026-06-18,3
4094,244,1,2026-06-18,2
4095,185,1,2026-06-18,3
4096,17,1,2026-06-18,2
4097,52,1,2026-06-18,1
4098,140,1,2026-06-18,5
4099,283,1,2026-06-18,1
4100,300,1,2026-06-18,4
4101,106,1,2026-06-18,4
4102,285,1,2026-06-18,5
4103,257,1,2026-06-18,2
4104,162,1,2026-06-18,3
4105,91,1,2026-06-18,3
4106,293,1,2026-06-18,7
4107,90,1,2026-06-18,4
4108,230,1,2026-06-18,3
4109,252,1,2026-06-18,3
4110,223,1,2026-06-18,2
4111,89,1,2026-06-18,2
4112,229,1,2026-06-18,4
4113,164,1,2026-06-18,8
4114,247,1,2026-06-18,7
4115,43,1,2026-06-18,3
4116,123,1,2026-06-18,6
4117,40,1,2026-06-18,1
4118,113,1,2026-06-19,1
4119,35,1,2026-06-19,4
4120,171,1,2026-06-19,3
4121,13,1,2026-06-19,4
4122,109,1,2026-06-19,3
4123,103,1,2026-06-19,4
4124,43,1,2026-06-19,5
4125,148,1,2026-06-19,2
4126,71,1,2026-06-19,4
4127,257,1,2026-06-19,2
4128,120,1,2026-06-19,4
4129,124,1,2026-06-19,2
4130,244,1,2026-06-19,2
4131,177,1,2026-06-19,2
4132,40,1,2026-06-19,3
4133,164,1,2026-06-19,2
4134,283,1,2026-06-19,1
4135,165,1,2026-06-19,1
4136,12,1,2026-06-19,4
4137,218,1,2026-06-19,8
4138,43,1,2026-06-20,1
4139,230,1,2026-06-20,1
4140,30,1,2026-06-20,1
4141,132,1,2026-06-20,1
4142,244,1,2026-06-20,1
4143,298,1,2026-06-20,2
4144,90,1,2026-06-20,2
4145,128,1,2026-06-20,4
4146,112,1,2026-06-20,1
4147,159,1,2026-06-20,1
4148,13,1,2026-06-20,1
4149,215,1,2026-06-20,3
4150,52,1,2026-06-20,1
4151,185,1,2026-06-20,1
4152,222,1,2026-06-20,3
4153,286,1,2026-06-21,1
4154,106,1,2026-06-21,2
4155,221,1,2026-06-21,1
4156,168,1,2026-06-21,2
4157,182,1,2026-06-21,1
4158,214,1,2026-06-21,1
4159,215,1,2026-06-21,1
4160,113,1,2026-06-21,1
4161,140,1,2026-06-21,1
4162,112,1,2026-06-21,3
4163,123,1,2026-06-21,1
4164,171,1,2026-06-21,3
4165,293,1,2026-06-21,1
4166,107,1,2026-06-21,1
4167,250,1,2026-06-21,2
4168,124,1,2026-06-21,2
4169,120,1,2026-06-21,2
4170,68,1,2026-06-21,3
4171,79,1,2026-06-21,3
4172,151,1,2026-06-21,3
4173,90,1,2026-06-21,4
4174,245,1,2026-06-21,2
4175,171,1,2026-06-22,2
4176,190,1,2026-06-22,3
4177,250,1,2026-06-22,3
4178,111,1,2026-06-22,4
4179,247,1,2026-06-22,5
4180,124,1,2026-06-22,2
4181,71,1,2026-06-22,4
4182,257,1,2026-06-22,8
4183,230,1,2026-06-22,2
4184,40,1,2026-06-22,2
4185,60,1,2026-06-22,1
4186,30,1,2026-06-22,4
4187,298,1,2026-06-22,3
4188,81,1,2026-06-22,2
4189,132,1,2026-06-22,2
4190,140,1,2026-06-22,4
4191,52,1,2026-06-22,1
4192,291,1,2026-06-22,4
4193,252,1,2026-06-22,6
4194,112,1,2026-06-22,1
4195,276,1,2026-06-22,5
4196,113,1,2026-06-22,3
4197,12,1,2026-06-22,3
4198,5,1,2026-06-22,2
4199,128,1,2026-06-22,3
4200,222,1,2026-06-22,6
4201,107,1,2026-06-22,3
4202,223,1,2026-06-22,4
4203,177,1,2026-06-22,2
4204,13,1,2026-06-22,2
4205,39,1,2026-06-23,3
4206,12,1,2026-06-23,4
4207,181,1,2026-06-23,4
4208,106,1,2026-06-23,3
4209,257,1,2026-06-23,2
4210,182,1,2026-06-23,3
4211,159,1,2026-06-23,2
4212,81,1,2026-06-23,1
4213,165,1,2026-06-23,1
4214,293,1,2026-06-23,2
4215,148,1,2026-06-23,2
4216,218,1,2026-06-23,6
4217,113,1,2026-06-23,2
4218,111,1,2026-06-23,1
4219,229,1,2026-06-23,4
4220,28,1,2026-06-23,2
4221,294,1,2026-06-23,3
4222,107,1,2026-06-23,2
4223,40,1,2026-06-23,3
4224,60,1,2026-06-23,2
4225,90,1,2026-06-23,5
4226,247,1,2026-06-23,1
4227,221,1,2026-06-23,5
4228,285,1,2026-06-23,2
4229,252,1,2026-06-23,1
4230,230,1,2026-06-23,4
4231,59,1,2026-06-23,4
4232,63,1,2026-06-23,2
4233,175,1,2026-06-23,2
4234,124,1,2026-06-23,3
4235,5,1,2026-06-23,5
4236,194,1,2026-06-23,6
4237,168,1,2026-06-23,5
4238,71,1,2026-06-23,7
4239,176,1,2026-06-23,3
4240,96,1,2026-06-24,8
4241,221,1,2026-06-24,4
4242,298,1,2026-06-24,3
4243,243,1,2026-06-24,2
4244,252,1,2026-06-24,2
4245,247,1,2026-06-24,1
4246,218,1,2026-06-24,3
4247,175,1,2026-06-24,4
4248,89,1,2026-06-24,4
4249,128,1,2026-06-24,4
4250,30,1,2026-06-24,5
4251,190,1,2026-06-24,2
4252,90,1,2026-06-24,6
4253,52,1,2026-06-24,5
4254,293,1,2026-06-24,4
4255,194,1,2026-06-24,5
4256,244,1,2026-06-24,2
4257,162,1,2026-06-24,2
4258,286,1,2026-06-24,5
4259,17,1,2026-06-24,4
4260,222,1,2026-06-24,4
4261,276,1,2026-06-24,3
4262,185,1,2026-06-24,4
4263,86,1,2026-06-24,2
4264,120,1,2026-06-24,4
4265,109,1,2026-06-24,3
4266,140,1,2026-06-24,2
4267,74,1,2026-06-24,3
4268,164,1,2026-06-24,2
4269,267,1,2026-06-24,1
4270,28,1,2026-06-24,2
4271,285,1,2026-06-24,3
4272,111,1,2026-06-24,3
4273,91,1,2026-06-24,3
4274,291,1,2026-06-24,2
4275,257,1,2026-06-24,3
4276,148,1,2026-06-24,3
4277,12,1,2026-06-24,4
4278,106,1,2026-06-25,3
4279,19,1,2026-06-25,2
4280,165,1,2026-06-25,1
4281,280,1,2026-06-25,2
4282,63,1,2026-06-25,6
4283,300,1,2026-06-25,4
4284,18,1,2026-06-25,2
4285,68,1,2026-06-25,3
4286,30,1,2026-06-25,4
4287,250,1,2026-06-25,1
4288,229,1,2026-06-25,2
4289,151,1,2026-06-25,4
4290,221,1,2026-06-25,2
4291,267,1,2026-06-25,1
4292,60,1,2026-06-25,6
4293,209,1,2026-06-25,2
4294,294,1,2026-06-25,5
4295,289,1,2026-06-25,6
4296,182,1,2026-06-25,3
4297,71,1,2026-06-25,1
4298,285,1,2026-06-25,4
4299,230,1,2026-06-25,4
4300,109,1,2026-06-25,2
4301,113,1,2026-06-25,1
4302,298,1,2026-06-25,6
4303,164,1,2026-06-25,2
4304,59,1,2026-06-25,4
4305,79,1,2026-06-25,5
4306,198,1,2026-06-25,1
4307,96,1,2026-06-25,5
4308,252,1,2026-06-25,5
4309,86,1,2026-06-25,3
4310,112,1,2026-06-26,3
4311,52,1,2026-06-26,2
4312,89,1,2026-06-26,5
4313,68,1,2026-06-26,2
4314,120,1,2026-06-26,1
4315,106,1,2026-06-26,1
4316,140,1,2026-06-26,6
4317,283,1,2026-06-26,4
4318,28,1,2026-06-26,3
4319,223,1,2026-06-26,2
4320,59,1,2026-06-26,4
4321,5,1,2026-06-26,3
4322,81,1,2026-06-26,3
4323,185,1,2026-06-26,3
4324,249,1,2026-06-26,4
4325,194,1,2026-06-26,3
4326,192,1,2026-06-26,4
4327,289,1,2026-06-26,4
4328,91,1,2026-06-26,2
4329,128,1,2026-06-26,2
4330,86,1,2026-06-26,4
4331,175,1,2026-06-26,2
4332,63,1,2026-06-26,1
4333,250,1,2026-06-26,2
4334,230,1,2026-06-26,2
4335,171,1,2026-06-27,1
4336,28,1,2026-06-27,3
4337,39,1,2026-06-27,3
4338,79,1,2026-06-27,1
4339,229,1,2026-06-27,4
4340,289,1,2026-06-27,1
4341,13,1,2026-06-27,1
4342,294,1,2026-06-27,3
4343,168,1,2026-06-27,1
4344,59,1,2026-06-27,2
4345,214,1,2026-06-27,1
4346,90,1,2026-06-27,1
4347,291,1,2026-06-27,2
4348,298,1,2026-06-27,6
4349,243,1,2026-06-27,4
4350,1,1,2026-06-27,2
4351,289,1,2026-06-28,4
4352,162,1,2026-06-28,3
4353,192,1,2026-06-28,3
4354,300,1,2026-06-28,4
4355,165,1,2026-06-28,2
4356,140,1,2026-06-28,2
4357,249,1,2026-06-28,1
4358,291,1,2026-06-28,2
4359,39,1,2026-06-28,3
4360,175,1,2026-06-28,1
4361,89,1,2026-06-28,1
4362,60,1,2026-06-28,1
4363,106,1,2026-06-28,1
4364,223,1,2026-06-28,1
4365,250,1,2026-06-28,1
4366,186,1,2026-06-28,1
4367,222,1,2026-06-28,1
4368,159,1,2026-06-28,2
4369,5,1,2026-06-28,1
4370,243,1,2026-06-28,1
4371,19,1,2026-06-28,3
4372,107,1,2026-06-28,2
4373,194,1,2026-06-28,2
4374,40,1,2026-06-28,2
4375,181,1,2026-06-28,1
4376,257,1,2026-06-28,1
4377,6,1,2026-06-28,1
4378,28,1,2026-06-28,2
4379,91,1,2026-06-28,2
4380,71,1,2026-06-28,1
4381,285,1,2026-06-28,3
4382,124,1,2026-06-28,2
4383,68,1,2026-06-29,3
4384,71,1,2026-06-29,2
4385,112,1,2026-06-29,2
4386,182,1,2026-06-29,2
4387,283,1,2026-06-29,1
4388,243,1,2026-06-29,5
4389,74,1,2026-06-29,4
4390,244,1,2026-06-29,5
4391,13,1,2026-06-29,5
4392,162,1,2026-06-29,6
4393,280,1,2026-06-29,3
4394,86,1,2026-06-29,1
4395,81,1,2026-06-29,3
4396,19,1,2026-06-29,5
4397,17,1,2026-06-29,2
4398,5,2,2026-01-01,5
4399,134,2,2026-01-01,3
4400,247,2,2026-01-01,9
4401,204,2,2026-01-01,4
4402,148,2,2026-01-01,6
4403,225,2,2026-01-01,5
4404,152,2,2026-01-01,5
4405,12,2,2026-01-01,2
4406,285,2,2026-01-01,3
4407,236,2,2026-01-01,3
4408,280,2,2026-01-01,3
4409,114,2,2026-01-01,3
4410,72,2,2026-01-01,6
4411,29,2,2026-01-01,3
4412,202,2,2026-01-01,5
4413,194,2,2026-01-01,6
4414,15,2,2026-01-01,9
4415,66,2,2026-01-01,3
4416,54,2,2026-01-01,3
4417,90,2,2026-01-01,4
4418,114,2,2026-01-02,5
4419,128,2,2026-01-02,7
4420,228,2,2026-01-02,6
4421,216,2,2026-01-02,7
4422,175,2,2026-01-02,8
4423,226,2,2026-01-02,3
4424,210,2,2026-01-02,6
4425,215,2,2026-01-02,5
4426,25,2,2026-01-02,5
4427,72,2,2026-01-02,3
4428,170,2,2026-01-02,4
4429,286,2,2026-01-02,2
4430,42,2,2026-01-02,2
4431,115,2,2026-01-02,2
4432,156,2,2026-01-02,1
4433,247,2,2026-01-02,3
4434,282,2,2026-01-02,10
4435,66,2,2026-01-02,2
4436,267,2,2026-01-02,5
4437,70,2,2026-01-02,6
4438,100,2,2026-01-02,6
4439,31,2,2026-01-02,7
4440,99,2,2026-01-02,6
4441,141,2,2026-01-02,7
4442,161,2,2026-01-02,3
4443,285,2,2026-01-02,1
4444,12,2,2026-01-02,8
4445,202,2,2026-01-02,5
4446,110,2,2026-01-02,3
4447,54,2,2026-01-02,6
4448,257,2,2026-01-02,7
4449,183,2,2026-01-02,4
4450,95,2,2026-01-02,4
4451,36,2,2026-01-02,4
4452,15,2,2026-01-02,6
4453,153,2,2026-01-02,1
4454,15,2,2026-01-03,2
4455,21,2,2026-01-03,3
4456,272,2,2026-01-03,4
4457,148,2,2026-01-03,2
4458,233,2,2026-01-03,1
4459,90,2,2026-01-03,1
4460,156,2,2026-01-03,4
4461,8,2,2026-01-03,3
4462,160,2,2026-01-03,1
4463,141,2,2026-01-03,4
4464,30,2,2026-01-03,2
4465,284,2,2026-01-03,2
4466,255,2,2026-01-03,2
4467,176,2,2026-01-03,1
4468,127,2,2026-01-03,4
4469,26,2,2026-01-03,3
4470,54,2,2026-01-03,4
4471,114,2,2026-01-03,5
4472,145,2,2026-01-04,2
4473,152,2,2026-01-04,3
4474,154,2,2026-01-04,2
4475,274,2,2026-01-04,2
4476,242,2,2026-01-04,1
4477,194,2,2026-01-04,3
4478,54,2,2026-01-04,2
4479,100,2,2026-01-04,2
4480,85,2,2026-01-04,3
4481,12,2,2026-01-04,1
4482,267,2,2026-01-04,4
4483,131,2,2026-01-04,4
4484,299,2,2026-01-04,2
4485,290,2,2026-01-04,2
4486,5,2,2026-01-04,1
4487,42,2,2026-01-04,1
4488,223,2,2026-01-04,3
4489,246,2,2026-01-04,2
4490,55,2,2026-01-04,4
4491,160,2,2026-01-05,7
4492,5,2,2026-01-05,8
4493,226,2,2026-01-05,4
4494,167,2,2026-01-05,7
4495,115,2,2026-01-05,1
4496,121,2,2026-01-05,4
4497,154,2,2026-01-05,9
4498,85,2,2026-01-05,5
4499,183,2,2026-01-05,6
4500,12,2,2026-01-05,9
4501,25,2,2026-01-05,5
4502,8,2,2026-01-05,2
4503,65,2,2026-01-05,5
4504,114,2,2026-01-05,7
4505,14,2,2026-01-05,7
4506,206,2,2026-01-05,4
4507,24,2,2026-01-05,3
4508,193,2,2026-01-05,5
4509,285,2,2026-01-05,7
4510,134,2,2026-01-05,5
4511,272,2,2026-01-05,8
4512,233,2,2026-01-05,14
4513,175,2,2026-01-05,4
4514,148,2,2026-01-05,3
4515,95,2,2026-01-05,6
4516,284,2,2026-01-05,3
4517,280,2,2026-01-05,6
4518,145,2,2026-01-05,3
4519,105,2,2026-01-05,2
4520,286,2,2026-01-05,7
4521,185,2,2026-01-05,1
4522,85,2,2026-01-06,4
4523,21,2,2026-01-06,1
4524,279,2,2026-01-06,8
4525,200,2,2026-01-06,8
4526,128,2,2026-01-06,5
4527,204,2,2026-01-06,4
4528,115,2,2026-01-06,4
4529,100,2,2026-01-06,1
4530,95,2,2026-01-06,5
4531,192,2,2026-01-06,5
4532,145,2,2026-01-06,5
4533,131,2,2026-01-06,3
4534,55,2,2026-01-06,4
4535,19,2,2026-01-06,4
4536,220,2,2026-01-06,1
4537,162,2,2026-01-06,4
4538,206,2,2026-01-06,5
4539,153,2,2026-01-06,5
4540,14,2,2026-01-06,2
4541,70,2,2026-01-06,7
4542,25,2,2026-01-06,6
4543,223,2,2026-01-06,11
4544,36,2,2026-01-06,6
4545,181,2,2026-01-06,4
4546,181,2,2026-01-07,7
4547,185,2,2026-01-07,2
4548,110,2,2026-01-07,6
4549,284,2,2026-01-07,8
4550,164,2,2026-01-07,7
4551,70,2,2026-01-07,3
4552,267,2,2026-01-07,9
4553,85,2,2026-01-07,6
4554,233,2,2026-01-07,4
4555,172,2,2026-01-07,4
4556,24,2,2026-01-07,6
4557,15,2,2026-01-07,6
4558,154,2,2026-01-07,6
4559,160,2,2026-01-07,4
4560,153,2,2026-01-07,2
4561,55,2,2026-01-07,2
4562,19,2,2026-01-07,6
4563,29,2,2026-01-07,5
4564,158,2,2026-01-07,4
4565,226,2,2026-01-08,7
4566,241,2,2026-01-08,5
4567,26,2,2026-01-08,9
4568,104,2,2026-01-08,1
4569,153,2,2026-01-08,4
4570,260,2,2026-01-08,5
4571,231,2,2026-01-08,4
4572,174,2,2026-01-08,9
4573,155,2,2026-01-08,8
4574,255,2,2026-01-08,6
4575,167,2,2026-01-08,2
4576,176,2,2026-01-08,2
4577,19,2,2026-01-08,5
4578,290,2,2026-01-08,7
4579,148,2,2026-01-08,5
4580,36,2,2026-01-08,6
4581,132,2,2026-01-08,5
4582,107,2,2026-01-08,8
4583,220,2,2026-01-08,5
4584,223,2,2026-01-08,6
4585,115,2,2026-01-08,3
4586,194,2,2026-01-08,7
4587,162,2,2026-01-09,7
4588,70,2,2026-01-09,3
4589,105,2,2026-01-09,12
4590,216,2,2026-01-09,6
4591,54,2,2026-01-09,3
4592,90,2,2026-01-09,5
4593,236,2,2026-01-09,9
4594,210,2,2026-01-09,5
4595,185,2,2026-01-09,4
4596,31,2,2026-01-09,1
4597,92,2,2026-01-09,5
4598,177,2,2026-01-09,4
4599,280,2,2026-01-09,5
4600,285,2,2026-01-09,6
4601,246,2,2026-01-09,3
4602,4,2,2026-01-09,6
4603,241,2,2026-01-09,6
4604,55,2,2026-01-09,3
4605,141,2,2026-01-09,3
4606,107,2,2026-01-09,5
4607,26,2,2026-01-09,3
4608,129,2,2026-01-09,6
4609,223,2,2026-01-09,3
4610,155,2,2026-01-09,6
4611,225,2,2026-01-09,6
4612,161,2,2026-01-09,8
4613,282,2,2026-01-09,4
4614,231,2,2026-01-09,6
4615,132,2,2026-01-09,4
4616,75,2,2026-01-09,2
4617,202,2,2026-01-09,2
4618,156,2,2026-01-09,6
4619,226,2,2026-01-09,4
4620,42,2,2026-01-09,7
4621,21,2,2026-01-09,9
4622,267,2,2026-01-10,5
4623,113,2,2026-01-10,1
4624,148,2,2026-01-10,1
4625,246,2,2026-01-10,2
4626,236,2,2026-01-10,2
4627,30,2,2026-01-10,3
4628,75,2,2026-01-10,1
4629,11,2,2026-01-10,2
4630,12,2,2026-01-10,4
4631,14,2,2026-01-10,2
4632,192,2,2026-01-10,1
4633,132,2,2026-01-10,1
4634,145,2,2026-01-10,3
4635,174,2,2026-01-10,4
4636,107,2,2026-01-10,3
4637,104,2,2026-01-10,2
4638,204,2,2026-01-10,2
4639,231,2,2026-01-10,5
4640,31,2,2026-01-10,1
4641,158,2,2026-01-10,2
4642,134,2,2026-01-10,1
4643,183,2,2026-01-10,2
4644,161,2,2026-01-10,1
4645,55,2,2026-01-10,4
4646,290,2,2026-01-10,1
4647,152,2,2026-01-10,1
4648,285,2,2026-01-10,1
4649,172,2,2026-01-10,3
4650,154,2,2026-01-10,2
4651,72,2,2026-01-10,1
4652,273,2,2026-01-10,3
4653,210,2,2026-01-10,2
4654,148,2,2026-01-11,1
4655,8,2,2026-01-11,2
4656,215,2,2026-01-11,3
4657,127,2,2026-01-11,2
4658,156,2,2026-01-11,2
4659,202,2,2026-01-11,2
4660,225,2,2026-01-11,1
4661,29,2,2026-01-11,4
4662,21,2,2026-01-11,4
4663,85,2,2026-01-11,4
4664,110,2,2026-01-11,7
4665,100,2,2026-01-11,4
4666,294,2,2026-01-11,5
4667,231,2,2026-01-11,3
4668,228,2,2026-01-11,1
4669,131,2,2026-01-11,5
4670,158,2,2026-01-11,1
4671,5,2,2026-01-11,2
4672,129,2,2026-01-11,3
4673,241,2,2026-01-11,2
4674,30,2,2026-01-11,4
4675,75,2,2026-01-12,6
4676,25,2,2026-01-12,6
4677,255,2,2026-01-12,4
4678,153,2,2026-01-12,9
4679,26,2,2026-01-12,1
4680,156,2,2026-01-12,4
4681,273,2,2026-01-12,11
4682,134,2,2026-01-12,4
4683,274,2,2026-01-12,7
4684,161,2,2026-01-12,8
4685,95,2,2026-01-12,6
4686,193,2,2026-01-12,3
4687,90,2,2026-01-12,8
4688,158,2,2026-01-12,8
4689,280,2,2026-01-12,7
4690,92,2,2026-01-12,4
4691,70,2,2026-01-12,4
4692,30,2,2026-01-13,5
4693,273,2,2026-01-13,8
4694,110,2,2026-01-13,11
4695,70,2,2026-01-13,7
4696,284,2,2026-01-13,12
4697,157,2,2026-01-13,14
4698,90,2,2026-01-13,7
4699,220,2,2026-01-13,12
4700,11,2,2026-01-13,13
4701,226,2,2026-01-13,9
4702,72,2,2026-01-13,10
4703,127,2,2026-01-13,9
4704,67,2,2026-01-13,12
4705,121,2,2026-01-13,1
4706,285,2,2026-01-13,9
4707,134,2,2026-01-13,11
4708,113,2,2026-01-13,10
4709,236,2,2026-01-13,8
4710,21,2,2026-01-13,7
4711,25,2,2026-01-13,5
4712,185,2,2026-01-13,6
4713,282,2,2026-01-13,7
4714,31,2,2026-01-13,7
4715,66,2,2026-01-13,10
4716,95,2,2026-01-13,5
4717,279,2,2026-01-13,10
4718,156,2,2026-01-14,6
4719,15,2,2026-01-14,5
4720,280,2,2026-01-14,5
4721,135,2,2026-01-14,3
4722,24,2,2026-01-14,8
4723,226,2,2026-01-14,7
4724,70,2,2026-01-14,2
4725,90,2,2026-01-14,6
4726,162,2,2026-01-14,6
4727,193,2,2026-01-14,6
4728,134,2,2026-01-14,4
4729,113,2,2026-01-14,8
4730,21,2,2026-01-14,5
4731,223,2,2026-01-14,10
4732,164,2,2026-01-14,2
4733,110,2,2026-01-14,3
4734,36,2,2026-01-14,7
4735,31,2,2026-01-14,6
4736,181,2,2026-01-14,3
4737,174,2,2026-01-14,5
4738,8,2,2026-01-14,14
4739,192,2,2026-01-14,7
4740,154,2,2026-01-14,4
4741,129,2,2026-01-14,6
4742,160,2,2026-01-14,7
4743,66,2,2026-01-14,1
4744,29,2,2026-01-14,5
4745,170,2,2026-01-14,7
4746,25,2,2026-01-14,9
4747,155,2,2026-01-14,3
4748,145,2,2026-01-14,3
4749,19,2,2026-01-14,10
4750,75,2,2026-01-14,4
4751,233,2,2026-01-14,7
4752,216,2,2026-01-15,9
4753,242,2,2026-01-15,4
4754,220,2,2026-01-15,2
4755,85,2,2026-01-15,4
4756,279,2,2026-01-15,4
4757,24,2,2026-01-15,2
4758,284,2,2026-01-15,3
4759,15,2,2026-01-15,7
4760,157,2,2026-01-15,5
4761,99,2,2026-01-15,8
4762,104,2,2026-01-15,3
4763,167,2,2026-01-15,7
4764,12,2,2026-01-15,4
4765,21,2,2026-01-15,5
4766,194,2,2026-01-15,3
4767,42,2,2026-01-15,6
4768,29,2,2026-01-15,5
4769,272,2,2026-01-15,4
4770,90,2,2026-01-15,8
4771,210,2,2026-01-15,7
4772,233,2,2026-01-15,1
4773,100,2,2026-01-15,3
4774,170,2,2026-01-15,4
4775,280,2,2026-01-15,4
4776,128,2,2026-01-15,4
4777,158,2,2026-01-15,4
4778,267,2,2026-01-15,5
4779,65,2,2026-01-15,6
4780,204,2,2026-01-15,2
4781,4,2,2026-01-15,3
4782,241,2,2026-01-15,10
4783,36,2,2026-01-15,8
4784,246,2,2026-01-16,5
4785,177,2,2026-01-16,10
4786,55,2,2026-01-16,8
4787,110,2,2026-01-16,8
4788,194,2,2026-01-16,4
4789,153,2,2026-01-16,6
4790,206,2,2026-01-16,5
4791,78,2,2026-01-16,6
4792,86,2,2026-01-16,4
4793,152,2,2026-01-16,5
4794,236,2,2026-01-16,5
4795,26,2,2026-01-16,6
4796,299,2,2026-01-16,3
4797,255,2,2026-01-16,5
4798,121,2,2026-01-16,8
4799,181,2,2026-01-16,4
4800,280,2,2026-01-16,4
4801,273,2,2026-01-16,3
4802,67,2,2026-01-16,4
4803,154,2,2026-01-16,5
4804,284,2,2026-01-16,5
4805,5,2,2026-01-16,7
4806,42,2,2026-01-17,1
4807,255,2,2026-01-17,4
4808,247,2,2026-01-17,1
4809,157,2,2026-01-17,3
4810,257,2,2026-01-17,1
4811,200,2,2026-01-17,2
4812,223,2,2026-01-17,1
4813,206,2,2026-01-17,2
4814,134,2,2026-01-17,2
4815,225,2,2026-01-17,2
4816,78,2,2026-01-17,1
4817,161,2,2026-01-17,2
4818,54,2,2026-01-17,2
4819,153,2,2026-01-17,2
4820,131,2,2026-01-17,1
4821,100,2,2026-01-17,1
4822,167,2,2026-01-18,4
4823,274,2,2026-01-18,3
4824,153,2,2026-01-18,1
4825,299,2,2026-01-18,1
4826,225,2,2026-01-18,1
4827,172,2,2026-01-18,1
4828,105,2,2026-01-18,2
4829,260,2,2026-01-18,2
4830,220,2,2026-01-18,2
4831,55,2,2026-01-18,2
4832,29,2,2026-01-18,3
4833,241,2,2026-01-18,2
4834,160,2,2026-01-18,4
4835,26,2,2026-01-18,6
4836,121,2,2026-01-18,3
4837,132,2,2026-01-18,2
4838,202,2,2026-01-18,2
4839,294,2,2026-01-18,3
4840,114,2,2026-01-18,4
4841,176,2,2026-01-18,1
4842,216,2,2026-01-18,3
4843,21,2,2026-01-18,3
4844,148,2,2026-01-18,1
4845,210,2,2026-01-18,2
4846,30,2,2026-01-18,4
4847,4,2,2026-01-18,2
4848,204,2,2026-01-18,3
4849,174,2,2026-01-18,4
4850,15,2,2026-01-18,2
4851,66,2,2026-01-18,3
4852,274,2,2026-01-19,5
4853,220,2,2026-01-19,4
4854,31,2,2026-01-19,4
4855,225,2,2026-01-19,7
4856,55,2,2026-01-19,3
4857,246,2,2026-01-19,1
4858,155,2,2026-01-19,5
4859,210,2,2026-01-19,4
4860,174,2,2026-01-19,5
4861,107,2,2026-01-19,5
4862,75,2,2026-01-19,6
4863,134,2,2026-01-19,8
4864,185,2,2026-01-19,4
4865,206,2,2026-01-19,1
4866,65,2,2026-01-19,7
4867,285,2,2026-01-19,2
4868,226,2,2026-01-19,9
4869,99,2,2026-01-19,10
4870,127,2,2026-01-19,3
4871,114,2,2026-01-19,4
4872,282,2,2026-01-19,5
4873,233,2,2026-01-19,5
4874,145,2,2026-01-19,7
4875,286,2,2026-01-19,4
4876,86,2,2026-01-19,4
4877,167,2,2026-01-19,7
4878,193,2,2026-01-19,4
4879,26,2,2026-01-19,5
4880,290,2,2026-01-19,7
4881,21,2,2026-01-19,3
4882,42,2,2026-01-19,6
4883,215,2,2026-01-19,4
4884,85,2,2026-01-20,4
4885,78,2,2026-01-20,7
4886,225,2,2026-01-20,10
4887,134,2,2026-01-20,5
4888,242,2,2026-01-20,9
4889,100,2,2026-01-20,7
4890,247,2,2026-01-20,1
4891,154,2,2026-01-20,3
4892,272,2,2026-01-20,4
4893,31,2,2026-01-20,6
4894,5,2,2026-01-20,5
4895,257,2,2026-01-20,6
4896,54,2,2026-01-20,3
4897,279,2,2026-01-20,3
4898,194,2,2026-01-20,4
4899,72,2,2026-01-20,2
4900,66,2,2026-01-20,9
4901,8,2,2026-01-20,6
4902,174,2,2026-01-20,8
4903,153,2,2026-01-20,6
4904,4,2,2026-01-20,7
4905,145,2,2026-01-20,3
4906,24,2,2026-01-20,3
4907,176,2,2026-01-20,3
4908,55,2,2026-01-20,5
4909,233,2,2026-01-20,5
4910,107,2,2026-01-20,7
4911,185,2,2026-01-20,4
4912,177,2,2026-01-20,2
4913,175,2,2026-01-20,6
4914,105,2,2026-01-20,4
4915,19,2,2026-01-20,3
4916,42,2,2026-01-20,6
4917,115,2,2026-01-20,2
4918,294,2,2026-01-20,3
4919,132,2,2026-01-20,3
4920,31,2,2026-01-21,3
4921,25,2,2026-01-21,7
4922,247,2,2026-01-21,4
4923,95,2,2026-01-21,6
4924,215,2,2026-01-21,8
4925,162,2,2026-01-21,5
4926,26,2,2026-01-21,4
4927,15,2,2026-01-21,6
4928,255,2,2026-01-21,4
4929,225,2,2026-01-21,2
4930,55,2,2026-01-21,7
4931,167,2,2026-01-21,6
4932,113,2,2026-01-21,5
4933,177,2,2026-01-21,2
4934,121,2,2026-01-21,7
4935,66,2,2026-01-21,3
4936,152,2,2026-01-21,4
4937,246,2,2026-01-21,6
4938,172,2,2026-01-21,5
4939,4,2,2026-01-21,3
4940,194,2,2026-01-21,9
4941,129,2,2026-01-21,2
4942,226,2,2026-01-21,6
4943,290,2,2026-01-21,3
4944,206,2,2026-01-21,5
4945,236,2,2026-01-21,3
4946,216,2,2026-01-21,4
4947,273,2,2026-01-21,8
4948,21,2,2026-01-22,8
4949,19,2,2026-01-22,5
4950,215,2,2026-01-22,4
4951,75,2,2026-01-22,7
4952,210,2,2026-01-22,8
4953,274,2,2026-01-22,2
4954,134,2,2026-01-22,5
4955,267,2,2026-01-22,3
4956,284,2,2026-01-22,4
4957,226,2,2026-01-22,2
4958,152,2,2026-01-22,4
4959,5,2,2026-01-22,5
4960,160,2,2026-01-22,7
4961,115,2,2026-01-22,6
4962,78,2,2026-01-22,3
4963,55,2,2026-01-22,4
4964,155,2,2026-01-22,4
4965,95,2,2026-01-22,4
4966,177,2,2026-01-22,7
4967,200,2,2026-01-22,4
4968,231,2,2026-01-22,4
4969,36,2,2026-01-22,5
4970,128,2,2026-01-22,5
4971,127,2,2026-01-22,4
4972,247,2,2026-01-22,6
4973,86,2,2026-01-22,8
4974,194,2,2026-01-22,5
4975,135,2,2026-01-22,4
4976,202,2,2026-01-22,7
4977,285,2,2026-01-22,7
4978,241,2,2026-01-22,9
4979,220,2,2026-01-23,4
4980,204,2,2026-01-23,3
4981,148,2,2026-01-23,6
4982,206,2,2026-01-23,6
4983,202,2,2026-01-23,5
4984,31,2,2026-01-23,6
4985,272,2,2026-01-23,3
4986,185,2,2026-01-23,9
4987,247,2,2026-01-23,3
4988,290,2,2026-01-23,6
4989,11,2,2026-01-23,4
4990,54,2,2026-01-23,4
4991,174,2,2026-01-23,4
4992,236,2,2026-01-23,5
4993,128,2,2026-01-23,6
4994,21,2,2026-01-23,4
4995,242,2,2026-01-23,7
4996,55,2,2026-01-24,2
4997,260,2,2026-01-24,4
4998,267,2,2026-01-24,3
4999,274,2,2026-01-24,3
5000,113,2,2026-01-24,1
5001,154,2,2026-01-24,2
5002,100,2,2026-01-24,3
5003,272,2,2026-01-24,2
5004,127,2,2026-01-24,2
5005,78,2,2026-01-24,2
5006,273,2,2026-01-24,1
5007,255,2,2026-01-24,2
5008,25,2,2026-01-24,4
5009,192,2,2026-01-24,1
5010,104,2,2026-01-24,3
5011,11,2,2026-01-24,1
5012,285,2,2026-01-24,1
5013,280,2,2026-01-24,1
5014,135,2,2026-01-24,2
5015,121,2,2026-01-24,1
5016,225,2,2026-01-24,1
5017,131,2,2026-01-24,2
5018,231,2,2026-01-24,3
5019,105,2,2026-01-24,7
5020,99,2,2026-01-24,2
5021,284,2,2026-01-24,3
5022,299,2,2026-01-25,3
5023,155,2,2026-01-25,3
5024,141,2,2026-01-25,3
5025,12,2,2026-01-25,3
5026,110,2,2026-01-25,2
5027,121,2,2026-01-25,1
5028,24,2,2026-01-25,3
5029,42,2,2026-01-25,4
5030,90,2,2026-01-25,2
5031,175,2,2026-01-25,1
5032,257,2,2026-01-25,1
5033,294,2,2026-01-25,3
5034,272,2,2026-01-25,2
5035,5,2,2026-01-25,1
5036,26,2,2026-01-25,3
5037,65,2,2026-01-25,5
5038,30,2,2026-01-25,1
5039,185,2,2026-01-25,2
5040,193,2,2026-01-25,2
5041,290,2,2026-01-25,4
5042,95,2,2026-01-25,1
5043,14,2,2026-01-25,1
5044,21,2,2026-01-25,2
5045,225,2,2026-01-25,2
5046,260,2,2026-01-25,4
5047,284,2,2026-01-25,5
5048,129,2,2026-01-25,1
5049,25,2,2026-01-25,2
5050,223,2,2026-01-26,6
5051,242,2,2026-01-26,7
5052,75,2,2026-01-26,4
5053,247,2,2026-01-26,6
5054,157,2,2026-01-26,5
5055,12,2,2026-01-26,8
5056,185,2,2026-01-26,1
5057,210,2,2026-01-26,5
5058,14,2,2026-01-26,3
5059,131,2,2026-01-26,6
5060,299,2,2026-01-26,6
5061,105,2,2026-01-26,5
5062,286,2,2026-01-26,4
5063,24,2,2026-01-26,5
5064,145,2,2026-01-26,3
5065,172,2,2026-01-26,8
5066,284,2,2026-01-26,1
5067,26,2,2026-01-26,4
5068,11,2,2026-01-26,9
5069,285,2,2026-01-26,6
5070,107,2,2026-01-26,7
5071,115,2,2026-01-26,8
5072,279,2,2026-01-26,5
5073,113,2,2026-01-26,2
5074,36,2,2026-01-26,8
5075,78,2,2026-01-26,5
5076,175,2,2026-01-26,4
5077,15,2,2026-01-26,4
5078,4,2,2026-01-26,3
5079,181,2,2026-01-26,1
5080,92,2,2026-01-27,6
5081,247,2,2026-01-27,2
5082,90,2,2026-01-27,5
5083,121,2,2026-01-27,4
5084,135,2,2026-01-27,3
5085,5,2,2026-01-27,7
5086,181,2,2026-01-27,6
5087,25,2,2026-01-27,8
5088,215,2,2026-01-27,4
5089,55,2,2026-01-27,7
5090,255,2,2026-01-27,4
5091,145,2,2026-01-27,3
5092,162,2,2026-01-27,3
5093,100,2,2026-01-27,2
5094,141,2,2026-01-27,2
5095,246,2,2026-01-27,3
5096,210,2,2026-01-27,4
5097,12,2,2026-01-27,6
5098,85,2,2026-01-27,6
5099,170,2,2026-01-27,6
5100,241,2,2026-01-27,1
5101,279,2,2026-01-27,7
5102,153,2,2026-01-27,3
5103,290,2,2026-01-27,9
5104,257,2,2026-01-27,5
5105,4,2,2026-01-27,5
5106,134,2,2026-01-27,6
5107,202,2,2026-01-27,7
5108,72,2,2026-01-27,11
5109,114,2,2026-01-27,7
5110,67,2,2026-01-27,4
5111,282,2,2026-01-27,7
5112,206,2,2026-01-27,3
5113,294,2,2026-01-27,7
5114,19,2,2026-01-27,7
5115,15,2,2026-01-27,3
5116,8,2,2026-01-27,7
5117,54,2,2026-01-27,5
5118,127,2,2026-01-28,8
5119,220,2,2026-01-28,5
5120,95,2,2026-01-28,6
5121,247,2,2026-01-28,5
5122,85,2,2026-01-28,4
5123,19,2,2026-01-28,2
5124,78,2,2026-01-28,7
5125,110,2,2026-01-28,7
5126,176,2,2026-01-28,4
5127,72,2,2026-01-28,9
5128,242,2,2026-01-28,3
5129,194,2,2026-01-28,8
5130,90,2,2026-01-28,7
5131,135,2,2026-01-28,8
5132,148,2,2026-01-28,8
5133,131,2,2026-01-28,8
5134,177,2,2026-01-28,5
5135,113,2,2026-01-28,4
5136,154,2,2026-01-28,4
5137,202,2,2026-01-28,5
5138,54,2,2026-01-28,2
5139,42,2,2026-01-29,7
5140,99,2,2026-01-29,9
5141,158,2,2026-01-29,4
5142,148,2,2026-01-29,13
5143,90,2,2026-01-29,3
5144,193,2,2026-01-29,4
5145,156,2,2026-01-29,2
5146,272,2,2026-01-29,1
5147,115,2,2026-01-29,2
5148,65,2,2026-01-29,7
5149,206,2,2026-01-29,10
5150,175,2,2026-01-29,4
5151,141,2,2026-01-29,5
5152,153,2,2026-01-29,5
5153,131,2,2026-01-29,2
5154,284,2,2026-01-29,6
5155,29,2,2026-01-29,8
5156,226,2,2026-01-29,5
5157,92,2,2026-01-29,4
5158,8,2,2026-01-29,5
5159,154,2,2026-01-30,5
5160,5,2,2026-01-30,7
5161,153,2,2026-01-30,4
5162,267,2,2026-01-30,6
5163,231,2,2026-01-30,6
5164,194,2,2026-01-30,3
5165,216,2,2026-01-30,6
5166,67,2,2026-01-30,6
5167,172,2,2026-01-30,6
5168,15,2,2026-01-30,2
5169,174,2,2026-01-30,4
5170,29,2,2026-01-30,5
5171,8,2,2026-01-30,6
5172,185,2,2026-01-30,10
5173,255,2,2026-01-30,2
5174,115,2,2026-01-30,4
5175,121,2,2026-01-30,9
5176,192,2,2026-01-30,7
5177,233,2,2026-01-30,2
5178,215,2,2026-01-31,2
5179,25,2,2026-01-31,2
5180,70,2,2026-01-31,4
5181,95,2,2026-01-31,2
5182,206,2,2026-01-31,1
5183,164,2,2026-01-31,3
5184,204,2,2026-01-31,1
5185,228,2,2026-01-31,2
5186,156,2,2026-01-31,1
5187,162,2,2026-01-31,2
5188,65,2,2026-01-31,2
5189,246,2,2026-01-31,2
5190,113,2,2026-01-31,1
5191,202,2,2026-01-31,4
5192,247,2,2026-01-31,4
5193,267,2,2026-01-31,2
5194,114,2,2026-01-31,2
5195,153,2,2026-01-31,1
5196,170,2,2026-01-31,4
5197,90,2,2026-01-31,1
5198,242,2,2026-01-31,2
5199,141,2,2026-01-31,3
5200,154,2,2026-01-31,2
5201,24,2,2026-01-31,4
5202,11,2,2026-01-31,4
5203,167,2,2026-01-31,1
5204,183,2,2026-01-31,3
5205,294,2,2026-01-31,1
5206,4,2,2026-01-31,1
5207,200,2,2026-02-01,1
5208,21,2,2026-02-01,2
5209,155,2,2026-02-01,2
5210,24,2,2026-02-01,1
5211,194,2,2026-02-01,3
5212,279,2,2026-02-01,1
5213,225,2,2026-02-01,3
5214,5,2,2026-02-01,3
5215,294,2,2026-02-01,1
5216,285,2,2026-02-01,6
5217,206,2,2026-02-01,2
5218,15,2,2026-02-01,3
5219,236,2,2026-02-01,2
5220,72,2,2026-02-01,1
5221,284,2,2026-02-01,6
5222,175,2,2026-02-01,2
5223,67,2,2026-02-01,2
5224,152,2,2026-02-01,2
5225,85,2,2026-02-01,2
5226,157,2,2026-02-01,4
5227,174,2,2026-02-01,6
5228,183,2,2026-02-01,1
5229,215,2,2026-02-02,9
5230,176,2,2026-02-02,8
5231,260,2,2026-02-02,14
5232,273,2,2026-02-02,8
5233,156,2,2026-02-02,13
5234,55,2,2026-02-02,7
5235,286,2,2026-02-02,7
5236,8,2,2026-02-02,8
5237,4,2,2026-02-02,12
5238,228,2,2026-02-02,12
5239,290,2,2026-02-02,4
5240,128,2,2026-02-02,7
5241,100,2,2026-02-02,8
5242,121,2,2026-02-02,8
5243,158,2,2026-02-02,8
5244,225,2,2026-02-02,8
5245,246,2,2026-02-02,17
5246,131,2,2026-02-02,7
5247,236,2,2026-02-02,8
5248,24,2,2026-02-02,10
5249,135,2,2026-02-02,13
5250,31,2,2026-02-02,5
5251,192,2,2026-02-02,10
5252,247,2,2026-02-03,6
5253,160,2,2026-02-03,6
5254,273,2,2026-02-03,3
5255,26,2,2026-02-03,6
5256,156,2,2026-02-03,6
5257,14,2,2026-02-03,3
5258,282,2,2026-02-03,4
5259,241,2,2026-02-03,9
5260,202,2,2026-02-03,5
5261,75,2,2026-02-03,3
5262,280,2,2026-02-03,5
5263,129,2,2026-02-03,8
5264,30,2,2026-02-03,8
5265,115,2,2026-02-03,7
5266,31,2,2026-02-03,9
5267,176,2,2026-02-03,8
5268,113,2,2026-02-03,3
5269,100,2,2026-02-03,10
5270,194,2,2026-02-03,4
5271,162,2,2026-02-03,5
5272,231,2,2026-02-03,5
5273,155,2,2026-02-03,5
5274,55,2,2026-02-03,2
5275,36,2,2026-02-03,5
5276,294,2,2026-02-03,5
5277,21,2,2026-02-03,5
5278,90,2,2026-02-03,4
5279,174,2,2026-02-03,5
5280,145,2,2026-02-03,8
5281,223,2,2026-02-03,2
5282,164,2,2026-02-03,5
5283,12,2,2026-02-03,9
5284,206,2,2026-02-03,4
5285,161,2,2026-02-03,6
5286,132,2,2026-02-04,5
5287,246,2,2026-02-04,3
5288,110,2,2026-02-04,5
5289,204,2,2026-02-04,6
5290,55,2,2026-02-04,4
5291,164,2,2026-02-04,4
5292,135,2,2026-02-04,2
5293,257,2,2026-02-04,3
5294,153,2,2026-02-04,6
5295,172,2,2026-02-04,2
5296,8,2,2026-02-04,4
5297,194,2,2026-02-04,2
5298,15,2,2026-02-04,5
5299,225,2,2026-02-04,4
5300,21,2,2026-02-04,4
5301,154,2,2026-02-04,6
5302,216,2,2026-02-04,6
5303,67,2,2026-02-04,8
5304,54,2,2026-02-04,10
5305,233,2,2026-02-04,10
5306,223,2,2026-02-04,3
5307,127,2,2026-02-04,8
5308,12,2,2026-02-04,5
5309,141,2,2026-02-04,2
5310,202,2,2026-02-04,7
5311,11,2,2026-02-04,5
5312,228,2,2026-02-04,5
5313,31,2,2026-02-04,5
5314,236,2,2026-02-04,6
5315,255,2,2026-02-04,4
5316,226,2,2026-02-04,6
5317,220,2,2026-02-04,1
5318,5,2,2026-02-04,5
5319,66,2,2026-02-04,5
5320,175,2,2026-02-04,3
5321,160,2,2026-02-04,6
5322,231,2,2026-02-04,6
5323,65,2,2026-02-04,7
5324,30,2,2026-02-05,4
5325,100,2,2026-02-05,4
5326,193,2,2026-02-05,7
5327,21,2,2026-02-05,2
5328,215,2,2026-02-05,3
5329,107,2,2026-02-05,2
5330,29,2,2026-02-05,6
5331,36,2,2026-02-05,3
5332,11,2,2026-02-05,14
5333,167,2,2026-02-05,3
5334,132,2,2026-02-05,3
5335,273,2,2026-02-05,8
5336,220,2,2026-02-05,7
5337,110,2,2026-02-05,2
5338,226,2,2026-02-05,2
5339,128,2,2026-02-05,3
5340,228,2,2026-02-05,5
5341,72,2,2026-02-05,5
5342,200,2,2026-02-05,4
5343,246,2,2026-02-05,7
5344,55,2,2026-02-05,3
5345,282,2,2026-02-05,7
5346,194,2,2026-02-05,6
5347,233,2,2026-02-05,10
5348,236,2,2026-02-05,5
5349,285,2,2026-02-06,2
5350,226,2,2026-02-06,2
5351,185,2,2026-02-06,3
5352,95,2,2026-02-06,4
5353,107,2,2026-02-06,1
5354,164,2,2026-02-06,2
5355,260,2,2026-02-06,5
5356,99,2,2026-02-06,2
5357,104,2,2026-02-06,6
5358,299,2,2026-02-06,7
5359,110,2,2026-02-06,7
5360,145,2,2026-02-06,9
5361,286,2,2026-02-06,6
5362,29,2,2026-02-06,1
5363,42,2,2026-02-06,2
5364,115,2,2026-02-06,12
5365,255,2,2026-02-06,4
5366,202,2,2026-02-06,8
5367,114,2,2026-02-06,5
5368,92,2,2026-02-06,6
5369,67,2,2026-02-06,5
5370,21,2,2026-02-06,6
5371,267,2,2026-02-06,6
5372,273,2,2026-02-06,9
5373,223,2,2026-02-06,7
5374,113,2,2026-02-06,7
5375,274,2,2026-02-06,3
5376,141,2,2026-02-07,4
5377,167,2,2026-02-07,5
5378,36,2,2026-02-07,4
5379,157,2,2026-02-07,1
5380,127,2,2026-02-07,4
5381,107,2,2026-02-07,1
5382,272,2,2026-02-07,1
5383,11,2,2026-02-07,2
5384,121,2,2026-02-07,3
5385,176,2,2026-02-07,3
5386,19,2,2026-02-07,1
5387,181,2,2026-02-07,1
5388,247,2,2026-02-07,4
5389,78,2,2026-02-07,1
5390,114,2,2026-02-07,3
5391,242,2,2026-02-07,3
5392,274,2,2026-02-07,2
5393,14,2,2026-02-07,2
5394,30,2,2026-02-08,1
5395,26,2,2026-02-08,1
5396,257,2,2026-02-08,3
5397,172,2,2026-02-08,3
5398,220,2,2026-02-08,1
5399,141,2,2026-02-08,4
5400,181,2,2026-02-08,2
5401,19,2,2026-02-08,2
5402,15,2,2026-02-08,3
5403,129,2,2026-02-08,1
5404,228,2,2026-02-08,1
5405,132,2,2026-02-08,2
5406,157,2,2026-02-08,3
5407,110,2,2026-02-08,6
5408,193,2,2026-02-08,2
5409,246,2,2026-02-08,1
5410,160,2,2026-02-08,5
5411,100,2,2026-02-08,1
5412,273,2,2026-02-08,1
5413,170,2,2026-02-08,1
5414,24,2,2026-02-08,4
5415,285,2,2026-02-08,4
5416,75,2,2026-02-08,4
5417,107,2,2026-02-08,3
5418,290,2,2026-02-09,3
5419,236,2,2026-02-09,3
5420,85,2,2026-02-09,4
5421,30,2,2026-02-09,4
5422,284,2,2026-02-09,7
5423,127,2,2026-02-09,6
5424,131,2,2026-02-09,4
5425,152,2,2026-02-09,5
5426,194,2,2026-02-09,2
5427,90,2,2026-02-09,4
5428,246,2,2026-02-09,5
5429,95,2,2026-02-09,6
5430,255,2,2026-02-09,4
5431,286,2,2026-02-09,3
5432,285,2,2026-02-09,6
5433,210,2,2026-02-09,3
5434,132,2,2026-02-09,2
5435,42,2,2026-02-09,6
5436,66,2,2026-02-09,3
5437,110,2,2026-02-09,7
5438,11,2,2026-02-09,3
5439,153,2,2026-02-09,7
5440,233,2,2026-02-09,2
5441,185,2,2026-02-09,2
5442,215,2,2026-02-09,1
5443,220,2,2026-02-09,3
5444,26,2,2026-02-09,7
5445,154,2,2026-02-09,3
5446,181,2,2026-02-09,5
5447,279,2,2026-02-09,7
5448,25,2,2026-02-09,5
5449,192,2,2026-02-09,4
5450,158,2,2026-02-09,2
5451,129,2,2026-02-09,3
5452,135,2,2026-02-09,4
5453,226,2,2026-02-09,1
5454,128,2,2026-02-09,4
5455,299,2,2026-02-10,9
5456,177,2,2026-02-10,7
5457,90,2,2026-02-10,6
5458,260,2,2026-02-10,3
5459,157,2,2026-02-10,7
5460,114,2,2026-02-10,8
5461,19,2,2026-02-10,4
5462,8,2,2026-02-10,3
5463,154,2,2026-02-10,7
5464,92,2,2026-02-10,9
5465,206,2,2026-02-10,3
5466,65,2,2026-02-10,3
5467,167,2,2026-02-10,3
5468,4,2,2026-02-10,8
5469,176,2,2026-02-10,4
5470,161,2,2026-02-10,7
5471,156,2,2026-02-10,4
5472,192,2,2026-02-10,2
5473,273,2,2026-02-10,5
5474,99,2,2026-02-10,2
5475,172,2,2026-02-10,6
5476,223,2,2026-02-11,6
5477,90,2,2026-02-11,2
5478,24,2,2026-02-11,6
5479,247,2,2026-02-11,7
5480,246,2,2026-02-11,6
5481,216,2,2026-02-11,3
5482,226,2,2026-02-11,7
5483,95,2,2026-02-11,5
5484,177,2,2026-02-11,3
5485,29,2,2026-02-11,3
5486,105,2,2026-02-11,8
5487,233,2,2026-02-11,7
5488,75,2,2026-02-11,6
5489,129,2,2026-02-11,5
5490,86,2,2026-02-11,6
5491,174,2,2026-02-11,6
5492,31,2,2026-02-11,7
5493,202,2,2026-02-11,5
5494,200,2,2026-02-11,10
5495,286,2,2026-02-11,4
5496,294,2,2026-02-11,5
5497,15,2,2026-02-11,7
5498,267,2,2026-02-11,2
5499,181,2,2026-02-11,6
5500,95,2,2026-02-12,11
5501,236,2,2026-02-12,8
5502,72,2,2026-02-12,10
5503,174,2,2026-02-12,10
5504,185,2,2026-02-12,11
5505,282,2,2026-02-12,9
5506,160,2,2026-02-12,13
5507,246,2,2026-02-12,10
5508,157,2,2026-02-12,9
5509,286,2,2026-02-12,11
5510,176,2,2026-02-12,9
5511,154,2,2026-02-12,7
5512,216,2,2026-02-12,11
5513,158,2,2026-02-12,8
5514,36,2,2026-02-12,4
5515,257,2,2026-02-12,6
5516,29,2,2026-02-12,6
5517,114,2,2026-02-12,8
5518,115,2,2026-02-12,11
5519,131,2,2026-02-12,15
5520,110,2,2026-02-12,5
5521,175,2,2026-02-12,4
5522,12,2,2026-02-13,2
5523,175,2,2026-02-13,3
5524,174,2,2026-02-13,8
5525,105,2,2026-02-13,4
5526,206,2,2026-02-13,6
5527,185,2,2026-02-13,6
5528,285,2,2026-02-13,8
5529,72,2,2026-02-13,2
5530,176,2,2026-02-13,3
5531,4,2,2026-02-13,3
5532,134,2,2026-02-13,3
5533,24,2,2026-02-13,5
5534,216,2,2026-02-13,7
5535,223,2,2026-02-13,6
5536,193,2,2026-02-13,6
5537,228,2,2026-02-13,9
5538,152,2,2026-02-13,2
5539,66,2,2026-02-13,2
5540,284,2,2026-02-13,4
5541,14,2,2026-02-13,5
5542,99,2,2026-02-13,5
5543,141,2,2026-02-13,2
5544,260,2,2026-02-13,4
5545,115,2,2026-02-13,9
5546,183,2,2026-02-13,5
5547,242,2,2026-02-13,8
5548,128,2,2026-02-14,7
5549,54,2,2026-02-14,1
5550,92,2,2026-02-14,1
5551,200,2,2026-02-14,1
5552,225,2,2026-02-14,2
5553,113,2,2026-02-14,1
5554,5,2,2026-02-14,6
5555,274,2,2026-02-14,2
5556,241,2,2026-02-14,1
5557,24,2,2026-02-14,4
5558,185,2,2026-02-14,1
5559,177,2,2026-02-14,2
5560,257,2,2026-02-14,1
5561,141,2,2026-02-14,1
5562,162,2,2026-02-14,3
5563,226,2,2026-02-14,2
5564,176,2,2026-02-14,2
5565,129,2,2026-02-14,3
5566,155,2,2026-02-14,1
5567,78,2,2026-02-14,1
5568,215,2,2026-02-14,4
5569,145,2,2026-02-14,1
5570,161,2,2026-02-14,1
5571,154,2,2026-02-14,3
5572,134,2,2026-02-14,4
5573,75,2,2026-02-14,2
5574,19,2,2026-02-14,3
5575,233,2,2026-02-14,3
5576,255,2,2026-02-14,2
5577,267,2,2026-02-14,1
5578,242,2,2026-02-14,1
5579,11,2,2026-02-14,3
5580,181,2,2026-02-14,1
5581,284,2,2026-02-15,2
5582,19,2,2026-02-15,2
5583,155,2,2026-02-15,4
5584,156,2,2026-02-15,2
5585,99,2,2026-02-15,4
5586,129,2,2026-02-15,2
5587,204,2,2026-02-15,1
5588,225,2,2026-02-15,2
5589,233,2,2026-02-15,1
5590,36,2,2026-02-15,3
5591,193,2,2026-02-15,1
5592,85,2,2026-02-15,3
5593,70,2,2026-02-15,1
5594,167,2,2026-02-15,5
5595,14,2,2026-02-15,1
5596,170,2,2026-02-15,3
5597,153,2,2026-02-15,1
5598,105,2,2026-02-15,2
5599,177,2,2026-02-15,1
5600,104,2,2026-02-15,1
5601,135,2,2026-02-15,5
5602,160,2,2026-02-15,1
5603,158,2,2026-02-15,2
5604,65,2,2026-02-15,1
5605,114,2,2026-02-16,6
5606,11,2,2026-02-16,3
5607,246,2,2026-02-16,5
5608,167,2,2026-02-16,8
5609,128,2,2026-02-16,8
5610,152,2,2026-02-16,1
5611,15,2,2026-02-16,2
5612,99,2,2026-02-16,8
5613,176,2,2026-02-16,6
5614,26,2,2026-02-16,3
5615,90,2,2026-02-16,2
5616,86,2,2026-02-16,5
5617,185,2,2026-02-16,9
5618,115,2,2026-02-16,9
5619,286,2,2026-02-16,3
5620,228,2,2026-02-16,5
5621,175,2,2026-02-16,6
5622,183,2,2026-02-16,5
5623,132,2,2026-02-16,6
5624,129,2,2026-02-16,8
5625,67,2,2026-02-16,4
5626,280,2,2026-02-16,3
5627,12,2,2026-02-16,5
5628,210,2,2026-02-16,4
5629,148,2,2026-02-16,3
5630,231,2,2026-02-16,9
5631,226,2,2026-02-16,9
5632,241,2,2026-02-16,8
5633,210,2,2026-02-17,4
5634,176,2,2026-02-17,3
5635,99,2,2026-02-17,6
5636,12,2,2026-02-17,4
5637,192,2,2026-02-17,1
5638,225,2,2026-02-17,3
5639,134,2,2026-02-17,6
5640,242,2,2026-02-17,5
5641,19,2,2026-02-17,2
5642,233,2,2026-02-17,4
5643,257,2,2026-02-17,5
5644,30,2,2026-02-17,5
5645,202,2,2026-02-17,4
5646,104,2,2026-02-17,7
5647,255,2,2026-02-17,6
5648,145,2,2026-02-17,4
5649,114,2,2026-02-17,3
5650,5,2,2026-02-17,5
5651,11,2,2026-02-18,9
5652,70,2,2026-02-18,7
5653,280,2,2026-02-18,6
5654,21,2,2026-02-18,10
5655,236,2,2026-02-18,7
5656,183,2,2026-02-18,11
5657,172,2,2026-02-18,10
5658,260,2,2026-02-18,6
5659,8,2,2026-02-18,7
5660,141,2,2026-02-18,7
5661,31,2,2026-02-18,5
5662,113,2,2026-02-18,5
5663,129,2,2026-02-18,6
5664,14,2,2026-02-18,11
5665,99,2,2026-02-18,8
5666,185,2,2026-02-18,14
5667,78,2,2026-02-18,9
5668,29,2,2026-02-18,12
5669,255,2,2026-02-18,10
5670,65,2,2026-02-18,8
5671,26,2,2026-02-18,7
5672,55,2,2026-02-18,10
5673,285,2,2026-02-18,7
5674,107,2,2026-02-18,14
5675,167,2,2026-02-18,10
5676,210,2,2026-02-18,15
5677,220,2,2026-02-18,7
5678,148,2,2026-02-18,9
5679,131,2,2026-02-18,4
5680,233,2,2026-02-18,9
5681,85,2,2026-02-18,7
5682,170,2,2026-02-19,7
5683,148,2,2026-02-19,3
5684,154,2,2026-02-19,6
5685,241,2,2026-02-19,9
5686,204,2,2026-02-19,3
5687,272,2,2026-02-19,3
5688,225,2,2026-02-19,2
5689,177,2,2026-02-19,4
5690,54,2,2026-02-19,3
5691,223,2,2026-02-19,7
5692,85,2,2026-02-19,4
5693,285,2,2026-02-19,5
5694,128,2,2026-02-19,3
5695,107,2,2026-02-19,3
5696,172,2,2026-02-19,3
5697,90,2,2026-02-19,6
5698,192,2,2026-02-19,6
5699,267,2,2026-02-19,7
5700,12,2,2026-02-19,3
5701,26,2,2026-02-19,5
5702,164,2,2026-02-19,3
5703,181,2,2026-02-19,4
5704,4,2,2026-02-19,6
5705,194,2,2026-02-19,6
5706,75,2,2026-02-19,7
5707,99,2,2026-02-19,5
5708,65,2,2026-02-19,8
5709,30,2,2026-02-19,4
5710,260,2,2026-02-19,3
5711,294,2,2026-02-19,5
5712,31,2,2026-02-19,5
5713,29,2,2026-02-19,11
5714,220,2,2026-02-19,7
5715,215,2,2026-02-19,5
5716,176,2,2026-02-19,4
5717,193,2,2026-02-20,6
5718,131,2,2026-02-20,5
5719,145,2,2026-02-20,4
5720,290,2,2026-02-20,4
5721,162,2,2026-02-20,6
5722,135,2,2026-02-20,7
5723,110,2,2026-02-20,1
5724,160,2,2026-02-20,4
5725,155,2,2026-02-20,9
5726,231,2,2026-02-20,4
5727,129,2,2026-02-20,7
5728,19,2,2026-02-20,6
5729,220,2,2026-02-20,4
5730,67,2,2026-02-20,8
5731,8,2,2026-02-20,7
5732,210,2,2026-02-20,6
5733,99,2,2026-02-20,9
5734,92,2,2026-02-20,2
5735,72,2,2026-02-20,4
5736,236,2,2026-02-20,5
5737,54,2,2026-02-20,4
5738,272,2,2026-02-20,5
5739,204,2,2026-02-20,3
5740,181,2,2026-02-20,4
5741,164,2,2026-02-20,12
5742,257,2,2026-02-20,5
5743,21,2,2026-02-20,2
5744,5,2,2026-02-20,1
5745,104,2,2026-02-20,3
5746,299,2,2026-02-20,5
5747,100,2,2026-02-20,4
5748,128,2,2026-02-20,4
5749,225,2,2026-02-20,3
5750,114,2,2026-02-20,4
5751,241,2,2026-02-20,4
5752,233,2,2026-02-21,3
5753,241,2,2026-02-21,1
5754,12,2,2026-02-21,3
5755,90,2,2026-02-21,4
5756,285,2,2026-02-21,4
5757,247,2,2026-02-21,2
5758,78,2,2026-02-21,1
5759,24,2,2026-02-21,2
5760,273,2,2026-02-21,1
5761,66,2,2026-02-21,4
5762,104,2,2026-02-21,3
5763,121,2,2026-02-21,2
5764,174,2,2026-02-21,2
5765,105,2,2026-02-21,3
5766,172,2,2026-02-21,4
5767,299,2,2026-02-21,1
5768,246,2,2026-02-21,3
5769,160,2,2026-02-21,2
5770,202,2,2026-02-21,2
5771,141,2,2026-02-21,7
5772,223,2,2026-02-21,4
5773,154,2,2026-02-21,2
5774,54,2,2026-02-21,2
5775,267,2,2026-02-21,2
5776,192,2,2026-02-21,4
5777,193,2,2026-02-22,1
5778,223,2,2026-02-22,1
5779,299,2,2026-02-22,3
5780,160,2,2026-02-22,2
5781,185,2,2026-02-22,4
5782,26,2,2026-02-22,1
5783,66,2,2026-02-22,2
5784,280,2,2026-02-22,1
5785,272,2,2026-02-22,3
5786,29,2,2026-02-22,1
5787,24,2,2026-02-22,1
5788,210,2,2026-02-22,1
5789,161,2,2026-02-22,3
5790,92,2,2026-02-22,2
5791,36,2,2026-02-22,3
5792,67,2,2026-02-22,1
5793,65,2,2026-02-22,1
5794,14,2,2026-02-22,1
5795,282,2,2026-02-22,1
5796,260,2,2026-02-22,3
5797,75,2,2026-02-22,2
5798,107,2,2026-02-22,3
5799,113,2,2026-02-22,2
5800,11,2,2026-02-22,1
5801,162,2,2026-02-23,4
5802,161,2,2026-02-23,6
5803,145,2,2026-02-23,3
5804,30,2,2026-02-23,8
5805,206,2,2026-02-23,8
5806,114,2,2026-02-23,7
5807,99,2,2026-02-23,3
5808,148,2,2026-02-23,4
5809,78,2,2026-02-23,9
5810,100,2,2026-02-23,8
5811,75,2,2026-02-23,3
5812,285,2,2026-02-23,5
5813,280,2,2026-02-23,4
5814,26,2,2026-02-23,5
5815,104,2,2026-02-23,7
5816,157,2,2026-02-23,3
5817,105,2,2026-02-23,7
5818,267,2,2026-02-23,7
5819,193,2,2026-02-23,4
5820,294,2,2026-02-23,2
5821,236,2,2026-02-23,2
5822,70,2,2026-02-23,7
5823,176,2,2026-02-23,9
5824,231,2,2026-02-24,4
5825,113,2,2026-02-24,3
5826,11,2,2026-02-24,4
5827,5,2,2026-02-24,11
5828,26,2,2026-02-24,5
5829,185,2,2026-02-24,3
5830,160,2,2026-02-24,5
5831,128,2,2026-02-24,7
5832,294,2,2026-02-24,10
5833,290,2,2026-02-24,7
5834,162,2,2026-02-24,2
5835,156,2,2026-02-24,3
5836,260,2,2026-02-24,3
5837,121,2,2026-02-24,4
5838,215,2,2026-02-24,6
5839,183,2,2026-02-24,3
5840,228,2,2026-02-24,9
5841,255,2,2026-02-24,7
5842,65,2,2026-02-24,3
5843,86,2,2026-02-24,7
5844,202,2,2026-02-24,5
5845,105,2,2026-02-24,7
5846,54,2,2026-02-24,5
5847,223,2,2026-02-24,2
5848,194,2,2026-02-24,2
5849,104,2,2026-02-24,10
5850,177,2,2026-02-24,1
5851,273,2,2026-02-24,4
5852,170,2,2026-02-24,8
5853,129,2,2026-02-24,4
5854,24,2,2026-02-24,5
5855,127,2,2026-02-25,12
5856,86,2,2026-02-25,11
5857,226,2,2026-02-25,5
5858,113,2,2026-02-25,11
5859,279,2,2026-02-25,7
5860,121,2,2026-02-25,10
5861,128,2,2026-02-25,9
5862,78,2,2026-02-25,5
5863,115,2,2026-02-25,6
5864,267,2,2026-02-25,7
5865,14,2,2026-02-25,11
5866,25,2,2026-02-25,10
5867,183,2,2026-02-25,11
5868,285,2,2026-02-25,9
5869,280,2,2026-02-25,9
5870,30,2,2026-02-25,6
5871,26,2,2026-02-25,6
5872,36,2,2026-02-25,10
5873,66,2,2026-02-25,6
5874,15,2,2026-02-25,13
5875,174,2,2026-02-25,6
5876,242,2,2026-02-25,5
5877,154,2,2026-02-25,15
5878,4,2,2026-02-25,8
5879,192,2,2026-02-25,11
5880,204,2,2026-02-25,13
5881,11,2,2026-02-25,13
5882,210,2,2026-02-25,10
5883,157,2,2026-02-25,5
5884,231,2,2026-02-26,3
5885,21,2,2026-02-26,9
5886,247,2,2026-02-26,5
5887,115,2,2026-02-26,2
5888,158,2,2026-02-26,2
5889,90,2,2026-02-26,2
5890,286,2,2026-02-26,7
5891,206,2,2026-02-26,7
5892,5,2,2026-02-26,4
5893,176,2,2026-02-26,6
5894,155,2,2026-02-26,4
5895,104,2,2026-02-26,4
5896,15,2,2026-02-26,5
5897,272,2,2026-02-26,4
5898,167,2,2026-02-26,4
5899,220,2,2026-02-26,4
5900,156,2,2026-02-26,5
5901,172,2,2026-02-26,3
5902,185,2,2026-02-26,6
5903,72,2,2026-02-26,6
5904,174,2,2026-02-27,8
5905,272,2,2026-02-27,8
5906,200,2,2026-02-27,5
5907,157,2,2026-02-27,6
5908,78,2,2026-02-27,2
5909,105,2,2026-02-27,6
5910,95,2,2026-02-27,2
5911,67,2,2026-02-27,10
5912,12,2,2026-02-27,5
5913,160,2,2026-02-27,6
5914,42,2,2026-02-27,6
5915,148,2,2026-02-27,6
5916,135,2,2026-02-27,1
5917,164,2,2026-02-27,4
5918,128,2,2026-02-27,4
5919,170,2,2026-02-27,10
5920,241,2,2026-02-27,5
5921,100,2,2026-02-27,5
5922,141,2,2026-02-27,8
5923,36,2,2026-02-28,1
5924,272,2,2026-02-28,2
5925,42,2,2026-02-28,2
5926,174,2,2026-02-28,1
5927,172,2,2026-02-28,3
5928,280,2,2026-02-28,3
5929,202,2,2026-02-28,2
5930,181,2,2026-02-28,1
5931,164,2,2026-02-28,3
5932,231,2,2026-02-28,1
5933,15,2,2026-02-28,3
5934,25,2,2026-02-28,1
5935,135,2,2026-02-28,4
5936,11,2,2026-02-28,3
5937,31,2,2026-02-28,2
5938,132,2,2026-02-28,1
5939,161,2,2026-02-28,3
5940,204,2,2026-02-28,3
5941,200,2,2026-02-28,1
5942,55,2,2026-02-28,2
5943,141,2,2026-02-28,3
5944,274,2,2026-02-28,6
5945,115,2,2026-02-28,3
5946,21,2,2026-02-28,1
5947,67,2,2026-02-28,1
5948,30,2,2026-03-01,1
5949,210,2,2026-03-01,2
5950,194,2,2026-03-01,1
5951,14,2,2026-03-01,2
5952,99,2,2026-03-01,3
5953,90,2,2026-03-01,2
5954,4,2,2026-03-01,2
5955,267,2,2026-03-01,2
5956,185,2,2026-03-01,1
5957,228,2,2026-03-01,2
5958,113,2,2026-03-01,3
5959,25,2,2026-03-01,2
5960,129,2,2026-03-01,5
5961,114,2,2026-03-01,5
5962,107,2,2026-03-01,1
5963,176,2,2026-03-01,1
5964,282,2,2026-03-01,1
5965,19,2,2026-03-01,3
5966,172,2,2026-03-01,2
5967,257,2,2026-03-01,3
5968,226,2,2026-03-01,4
5969,55,2,2026-03-01,2
5970,86,2,2026-03-01,1
5971,220,2,2026-03-01,2
5972,75,2,2026-03-01,4
5973,70,2,2026-03-01,1
5974,104,2,2026-03-01,1
5975,145,2,2026-03-01,5
5976,156,2,2026-03-01,2
5977,160,2,2026-03-01,3
5978,131,2,2026-03-01,1
5979,8,2,2026-03-01,1
5980,241,2,2026-03-02,2
5981,66,2,2026-03-02,7
5982,14,2,2026-03-02,3
5983,290,2,2026-03-02,6
5984,225,2,2026-03-02,6
5985,12,2,2026-03-02,5
5986,280,2,2026-03-02,2
5987,200,2,2026-03-02,2
5988,154,2,2026-03-02,5
5989,134,2,2026-03-02,4
5990,172,2,2026-03-02,5
5991,131,2,2026-03-02,6
5992,164,2,2026-03-02,4
5993,161,2,2026-03-02,9
5994,167,2,2026-03-02,4
5995,157,2,2026-03-02,3
5996,257,2,2026-03-03,6
5997,273,2,2026-03-03,5
5998,206,2,2026-03-03,7
5999,42,2,2026-03-03,4
6000,14,2,2026-03-03,4
6001,274,2,2026-03-03,4
6002,247,2,2026-03-03,1
6003,220,2,2026-03-03,5
6004,78,2,2026-03-03,8
6005,8,2,2026-03-03,6
6006,110,2,2026-03-03,7
6007,132,2,2026-03-03,10
6008,210,2,2026-03-03,4
6009,233,2,2026-03-03,9
6010,153,2,2026-03-03,2
6011,66,2,2026-03-04,2
6012,19,2,2026-03-04,6
6013,162,2,2026-03-04,3
6014,127,2,2026-03-04,6
6015,285,2,2026-03-04,8
6016,75,2,2026-03-04,2
6017,72,2,2026-03-04,11
6018,114,2,2026-03-04,5
6019,4,2,2026-03-04,8
6020,24,2,2026-03-04,3
6021,193,2,2026-03-04,5
6022,29,2,2026-03-04,4
6023,228,2,2026-03-04,4
6024,145,2,2026-03-04,5
6025,206,2,2026-03-04,5
6026,15,2,2026-03-04,4
6027,78,2,2026-03-04,3
6028,257,2,2026-03-04,2
6029,121,2,2026-03-04,2
6030,225,2,2026-03-04,3
6031,167,2,2026-03-04,2
6032,210,2,2026-03-04,5
6033,36,2,2026-03-04,3
6034,110,2,2026-03-04,5
6035,105,2,2026-03-04,7
6036,164,2,2026-03-04,11
6037,282,2,2026-03-04,6
6038,162,2,2026-03-05,4
6039,210,2,2026-03-05,4
6040,290,2,2026-03-05,6
6041,285,2,2026-03-05,8
6042,206,2,2026-03-05,9
6043,192,2,2026-03-05,3
6044,274,2,2026-03-05,4
6045,164,2,2026-03-05,5
6046,128,2,2026-03-05,7
6047,72,2,2026-03-05,6
6048,104,2,2026-03-05,7
6049,161,2,2026-03-05,2
6050,132,2,2026-03-05,8
6051,8,2,2026-03-05,3
6052,135,2,2026-03-05,6
6053,25,2,2026-03-05,5
6054,267,2,2026-03-05,10
6055,220,2,2026-03-05,4
6056,99,2,2026-03-05,5
6057,70,2,2026-03-05,3
6058,156,2,2026-03-05,9
6059,92,2,2026-03-05,7
6060,215,2,2026-03-05,6
6061,273,2,2026-03-05,6
6062,14,2,2026-03-05,1
6063,129,2,2026-03-05,2
6064,36,2,2026-03-05,8
6065,54,2,2026-03-05,6
6066,194,2,2026-03-05,5
6067,158,2,2026-03-05,2
6068,231,2,2026-03-05,3
6069,75,2,2026-03-05,2
6070,24,2,2026-03-05,5
6071,236,2,2026-03-05,8
6072,170,2,2026-03-05,3
6073,200,2,2026-03-06,7
6074,75,2,2026-03-06,4
6075,14,2,2026-03-06,5
6076,42,2,2026-03-06,6
6077,95,2,2026-03-06,4
6078,242,2,2026-03-06,8
6079,285,2,2026-03-06,6
6080,107,2,2026-03-06,4
6081,132,2,2026-03-06,3
6082,193,2,2026-03-06,6
6083,26,2,2026-03-06,4
6084,127,2,2026-03-06,10
6085,156,2,2026-03-06,8
6086,294,2,2026-03-06,7
6087,115,2,2026-03-06,4
6088,70,2,2026-03-06,9
6089,12,2,2026-03-06,4
6090,30,2,2026-03-06,3
6091,135,2,2026-03-06,9
6092,181,2,2026-03-06,1
6093,273,2,2026-03-06,5
6094,75,2,2026-03-07,3
6095,257,2,2026-03-07,2
6096,121,2,2026-03-07,2
6097,15,2,2026-03-07,2
6098,134,2,2026-03-07,1
6099,285,2,2026-03-07,2
6100,135,2,2026-03-07,1
6101,183,2,2026-03-07,3
6102,90,2,2026-03-07,1
6103,279,2,2026-03-07,2
6104,267,2,2026-03-07,1
6105,246,2,2026-03-07,2
6106,204,2,2026-03-07,5
6107,225,2,2026-03-07,2
6108,206,2,2026-03-07,3
6109,113,2,2026-03-07,4
6110,246,2,2026-03-08,2
6111,242,2,2026-03-08,3
6112,90,2,2026-03-08,1
6113,260,2,2026-03-08,1
6114,247,2,2026-03-08,2
6115,210,2,2026-03-08,3
6116,114,2,2026-03-08,2
6117,148,2,2026-03-08,2
6118,257,2,2026-03-08,1
6119,115,2,2026-03-08,2
6120,299,2,2026-03-08,2
6121,104,2,2026-03-08,2
6122,279,2,2026-03-08,4
6123,177,2,2026-03-08,1
6124,231,2,2026-03-08,3
6125,127,2,2026-03-08,2
6126,225,2,2026-03-08,1
6127,202,2,2026-03-08,2
6128,154,2,2026-03-08,4
6129,242,2,2026-03-09,17
6130,216,2,2026-03-09,12
6131,273,2,2026-03-09,7
6132,267,2,2026-03-09,6
6133,174,2,2026-03-09,4
6134,161,2,2026-03-09,14
6135,280,2,2026-03-09,10
6136,134,2,2026-03-09,5
6137,55,2,2026-03-09,12
6138,210,2,2026-03-09,9
6139,99,2,2026-03-09,7
6140,131,2,2026-03-09,6
6141,226,2,2026-03-09,5
6142,220,2,2026-03-09,11
6143,170,2,2026-03-09,10
6144,215,2,2026-03-09,11
6145,145,2,2026-03-09,10
6146,121,2,2026-03-09,10
6147,90,2,2026-03-09,11
6148,158,2,2026-03-09,7
6149,148,2,2026-03-09,5
6150,5,2,2026-03-09,10
6151,181,2,2026-03-09,7
6152,160,2,2026-03-10,7
6153,11,2,2026-03-10,6
6154,242,2,2026-03-10,7
6155,255,2,2026-03-10,1
6156,176,2,2026-03-10,10
6157,148,2,2026-03-10,6
6158,247,2,2026-03-10,6
6159,172,2,2026-03-10,7
6160,21,2,2026-03-10,7
6161,78,2,2026-03-10,9
6162,114,2,2026-03-10,5
6163,26,2,2026-03-10,10
6164,115,2,2026-03-10,3
6165,299,2,2026-03-10,3
6166,4,2,2026-03-10,7
6167,155,2,2026-03-10,8
6168,257,2,2026-03-10,6
6169,158,2,2026-03-10,5
6170,286,2,2026-03-10,5
6171,206,2,2026-03-10,7
6172,220,2,2026-03-10,2
6173,5,2,2026-03-10,3
6174,152,2,2026-03-10,6
6175,75,2,2026-03-10,4
6176,161,2,2026-03-11,6
6177,110,2,2026-03-11,6
6178,67,2,2026-03-11,5
6179,236,2,2026-03-11,6
6180,225,2,2026-03-11,5
6181,226,2,2026-03-11,2
6182,54,2,2026-03-11,4
6183,25,2,2026-03-11,3
6184,14,2,2026-03-11,7
6185,160,2,2026-03-11,2
6186,170,2,2026-03-11,5
6187,246,2,2026-03-11,3
6188,167,2,2026-03-11,5
6189,31,2,2026-03-11,2
6190,204,2,2026-03-11,2
6191,75,2,2026-03-11,7
6192,141,2,2026-03-11,6
6193,280,2,2026-03-11,5
6194,134,2,2026-03-11,4
6195,29,2,2026-03-11,8
6196,183,2,2026-03-11,5
6197,233,2,2026-03-11,8
6198,164,2,2026-03-11,7
6199,155,2,2026-03-11,5
6200,286,2,2026-03-11,1
6201,99,2,2026-03-11,6
6202,90,2,2026-03-11,5
6203,104,2,2026-03-11,6
6204,11,2,2026-03-12,5
6205,129,2,2026-03-12,5
6206,115,2,2026-03-12,5
6207,155,2,2026-03-12,5
6208,104,2,2026-03-12,3
6209,107,2,2026-03-12,4
6210,273,2,2026-03-12,6
6211,226,2,2026-03-12,2
6212,299,2,2026-03-12,5
6213,131,2,2026-03-12,5
6214,194,2,2026-03-12,1
6215,4,2,2026-03-12,5
6216,105,2,2026-03-12,14
6217,274,2,2026-03-12,7
6218,282,2,2026-03-12,8
6219,31,2,2026-03-12,4
6220,170,2,2026-03-12,2
6221,260,2,2026-03-12,8
6222,206,2,2026-03-12,5
6223,286,2,2026-03-12,6
6224,148,2,2026-03-12,7
6225,282,2,2026-03-13,10
6226,272,2,2026-03-13,7
6227,216,2,2026-03-13,4
6228,204,2,2026-03-13,8
6229,78,2,2026-03-13,3
6230,113,2,2026-03-13,4
6231,170,2,2026-03-13,8
6232,127,2,2026-03-13,6
6233,202,2,2026-03-13,4
6234,21,2,2026-03-13,8
6235,255,2,2026-03-13,5
6236,193,2,2026-03-13,6
6237,200,2,2026-03-13,8
6238,246,2,2026-03-13,3
6239,285,2,2026-03-13,5
6240,176,2,2026-03-14,7
6241,267,2,2026-03-14,9
6242,24,2,2026-03-14,5
6243,280,2,2026-03-14,5
6244,161,2,2026-03-14,7
6245,285,2,2026-03-14,6
6246,204,2,2026-03-14,4
6247,4,2,2026-03-14,4
6248,105,2,2026-03-14,1
6249,167,2,2026-03-14,1
6250,113,2,2026-03-14,2
6251,223,2,2026-03-14,6
6252,132,2,2026-03-14,4
6253,242,2,2026-03-14,6
6254,115,2,2026-03-14,2
6255,284,2,2026-03-14,6
6256,72,2,2026-03-14,4
6257,236,2,2026-03-14,4
6258,216,2,2026-03-14,5
6259,104,2,2026-03-14,4
6260,141,2,2026-03-14,5
6261,158,2,2026-03-14,4
6262,279,2,2026-03-14,4
6263,157,2,2026-03-14,2
6264,42,2,2026-03-14,7
6265,92,2,2026-03-14,7
6266,216,2,2026-03-15,2
6267,42,2,2026-03-15,3
6268,128,2,2026-03-15,2
6269,134,2,2026-03-15,2
6270,4,2,2026-03-15,5
6271,148,2,2026-03-15,3
6272,294,2,2026-03-15,4
6273,110,2,2026-03-15,7
6274,65,2,2026-03-15,3
6275,155,2,2026-03-15,5
6276,290,2,2026-03-15,3
6277,156,2,2026-03-15,4
6278,255,2,2026-03-15,5
6279,152,2,2026-03-15,3
6280,55,2,2026-03-15,3
6281,228,2,2026-03-15,3
6282,183,2,2026-03-15,4
6283,19,2,2026-03-15,1
6284,154,2,2026-03-15,7
6285,279,2,2026-03-15,3
6286,272,2,2026-03-15,5
6287,200,2,2026-03-15,1
6288,131,2,2026-03-15,4
6289,86,2,2026-03-15,4
6290,299,2,2026-03-15,2
6291,172,2,2026-03-15,6
6292,164,2,2026-03-15,3
6293,85,2,2026-03-15,5
6294,99,2,2026-03-15,4
6295,162,2,2026-03-15,5
6296,128,2,2026-03-16,6
6297,72,2,2026-03-16,7
6298,255,2,2026-03-16,10
6299,257,2,2026-03-16,4
6300,176,2,2026-03-16,4
6301,86,2,2026-03-16,4
6302,54,2,2026-03-16,7
6303,282,2,2026-03-16,1
6304,154,2,2026-03-16,5
6305,121,2,2026-03-16,3
6306,160,2,2026-03-16,8
6307,210,2,2026-03-16,5
6308,194,2,2026-03-16,5
6309,236,2,2026-03-16,2
6310,242,2,2026-03-16,5
6311,294,2,2026-03-16,5
6312,299,2,2026-03-16,12
6313,193,2,2026-03-16,10
6314,105,2,2026-03-16,5
6315,286,2,2026-03-16,4
6316,272,2,2026-03-16,6
6317,100,2,2026-03-16,7
6318,273,2,2026-03-16,4
6319,260,2,2026-03-16,7
6320,247,2,2026-03-16,4
6321,170,2,2026-03-16,7
6322,161,2,2026-03-17,6
6323,127,2,2026-03-17,3
6324,202,2,2026-03-17,11
6325,181,2,2026-03-17,5
6326,135,2,2026-03-17,5
6327,155,2,2026-03-17,6
6328,132,2,2026-03-17,5
6329,24,2,2026-03-17,4
6330,236,2,2026-03-17,4
6331,90,2,2026-03-17,5
6332,176,2,2026-03-17,4
6333,280,2,2026-03-17,4
6334,72,2,2026-03-17,3
6335,14,2,2026-03-17,4
6336,114,2,2026-03-17,5
6337,177,2,2026-03-17,3
6338,247,2,2026-03-17,5
6339,129,2,2026-03-17,6
6340,257,2,2026-03-17,2
6341,220,2,2026-03-17,4
6342,194,2,2026-03-17,10
6343,95,2,2026-03-17,3
6344,55,2,2026-03-17,3
6345,42,2,2026-03-17,1
6346,156,2,2026-03-17,4
6347,279,2,2026-03-17,5
6348,70,2,2026-03-17,4
6349,11,2,2026-03-17,10
6350,274,2,2026-03-17,10
6351,193,2,2026-03-17,3
6352,299,2,2026-03-17,8
6353,241,2,2026-03-18,2
6354,99,2,2026-03-18,5
6355,114,2,2026-03-18,7
6356,157,2,2026-03-18,5
6357,273,2,2026-03-18,7
6358,104,2,2026-03-18,6
6359,282,2,2026-03-18,9
6360,15,2,2026-03-18,5
6361,225,2,2026-03-18,4
6362,100,2,2026-03-18,7
6363,228,2,2026-03-18,7
6364,216,2,2026-03-18,6
6365,78,2,2026-03-18,6
6366,220,2,2026-03-18,5
6367,24,2,2026-03-18,5
6368,129,2,2026-03-18,3
6369,85,2,2026-03-18,10
6370,274,2,2026-03-18,8
6371,135,2,2026-03-19,3
6372,134,2,2026-03-19,9
6373,172,2,2026-03-19,4
6374,131,2,2026-03-19,2
6375,145,2,2026-03-19,3
6376,127,2,2026-03-19,3
6377,14,2,2026-03-19,9
6378,141,2,2026-03-19,5
6379,157,2,2026-03-19,6
6380,153,2,2026-03-19,3
6381,42,2,2026-03-19,3
6382,115,2,2026-03-19,6
6383,220,2,2026-03-19,6
6384,284,2,2026-03-19,3
6385,175,2,2026-03-19,9
6386,279,2,2026-03-19,3
6387,4,2,2026-03-19,4
6388,267,2,2026-03-19,7
6389,128,2,2026-03-19,7
6390,5,2,2026-03-19,3
6391,176,2,2026-03-19,5
6392,225,2,2026-03-19,3
6393,25,2,2026-03-19,4
6394,8,2,2026-03-20,10
6395,185,2,2026-03-20,7
6396,282,2,2026-03-20,8
6397,72,2,2026-03-20,9
6398,164,2,2026-03-20,9
6399,5,2,2026-03-20,10
6400,194,2,2026-03-20,11
6401,272,2,2026-03-20,7
6402,267,2,2026-03-20,9
6403,162,2,2026-03-20,9
6404,75,2,2026-03-20,5
6405,105,2,2026-03-20,8
6406,127,2,2026-03-20,9
6407,92,2,2026-03-20,9
6408,174,2,2026-03-20,8
6409,225,2,2026-03-20,6
6410,200,2,2026-03-20,11
6411,128,2,2026-03-20,10
6412,183,2,2026-03-21,5
6413,152,2,2026-03-21,3
6414,135,2,2026-03-21,2
6415,175,2,2026-03-21,4
6416,246,2,2026-03-21,1
6417,185,2,2026-03-21,2
6418,172,2,2026-03-21,2
6419,200,2,2026-03-21,1
6420,174,2,2026-03-21,2
6421,72,2,2026-03-21,5
6422,161,2,2026-03-21,3
6423,15,2,2026-03-21,3
6424,216,2,2026-03-21,5
6425,192,2,2026-03-21,2
6426,4,2,2026-03-21,2
6427,164,2,2026-03-21,2
6428,113,2,2026-03-21,1
6429,260,2,2026-03-21,3
6430,154,2,2026-03-21,2
6431,242,2,2026-03-21,4
6432,55,2,2026-03-21,2
6433,24,2,2026-03-21,3
6434,129,2,2026-03-21,1
6435,193,2,2026-03-22,2
6436,204,2,2026-03-22,2
6437,85,2,2026-03-22,1
6438,152,2,2026-03-22,3
6439,284,2,2026-03-22,3
6440,36,2,2026-03-22,5
6441,279,2,2026-03-22,1
6442,121,2,2026-03-22,3
6443,158,2,2026-03-22,2
6444,135,2,2026-03-22,1
6445,66,2,2026-03-22,1
6446,215,2,2026-03-22,1
6447,105,2,2026-03-22,2
6448,8,2,2026-03-22,1
6449,100,2,2026-03-22,2
6450,257,2,2026-03-22,3
6451,95,2,2026-03-22,3
6452,145,2,2026-03-22,5
6453,31,2,2026-03-22,1
6454,131,2,2026-03-22,3
6455,5,2,2026-03-22,3
6456,148,2,2026-03-22,1
6457,113,2,2026-03-22,1
6458,25,2,2026-03-22,2
6459,99,2,2026-03-22,1
6460,14,2,2026-03-23,4
6461,85,2,2026-03-23,3
6462,274,2,2026-03-23,5
6463,128,2,2026-03-23,10
6464,273,2,2026-03-23,5
6465,4,2,2026-03-23,8
6466,226,2,2026-03-23,5
6467,86,2,2026-03-23,7
6468,156,2,2026-03-23,8
6469,228,2,2026-03-23,3
6470,284,2,2026-03-23,9
6471,286,2,2026-03-23,6
6472,194,2,2026-03-23,8
6473,127,2,2026-03-23,4
6474,99,2,2026-03-23,4
6475,148,2,2026-03-23,5
6476,242,2,2026-03-23,5
6477,145,2,2026-03-23,5
6478,8,2,2026-03-23,3
6479,177,2,2026-03-23,3
6480,215,2,2026-03-24,5
6481,156,2,2026-03-24,7
6482,24,2,2026-03-24,7
6483,110,2,2026-03-24,3
6484,273,2,2026-03-24,4
6485,162,2,2026-03-24,5
6486,204,2,2026-03-24,4
6487,194,2,2026-03-24,6
6488,284,2,2026-03-24,4
6489,131,2,2026-03-24,3
6490,228,2,2026-03-24,9
6491,148,2,2026-03-24,6
6492,100,2,2026-03-24,3
6493,279,2,2026-03-24,6
6494,104,2,2026-03-24,7
6495,192,2,2026-03-24,5
6496,65,2,2026-03-24,6
6497,148,2,2026-03-25,13
6498,86,2,2026-03-25,2
6499,19,2,2026-03-25,9
6500,167,2,2026-03-25,9
6501,204,2,2026-03-25,4
6502,113,2,2026-03-25,12
6503,274,2,2026-03-25,16
6504,65,2,2026-03-25,11
6505,280,2,2026-03-25,5
6506,273,2,2026-03-25,13
6507,299,2,2026-03-25,12
6508,247,2,2026-03-25,11
6509,4,2,2026-03-25,7
6510,104,2,2026-03-25,13
6511,54,2,2026-03-25,9
6512,105,2,2026-03-25,14
6513,8,2,2026-03-25,12
6514,21,2,2026-03-25,4
6515,14,2,2026-03-25,9
6516,294,2,2026-03-25,14
6517,154,2,2026-03-25,10
6518,115,2,2026-03-25,7
6519,183,2,2026-03-25,10
6520,110,2,2026-03-25,13
6521,206,2,2026-03-25,5
6522,290,2,2026-03-25,9
6523,200,2,2026-03-25,12
6524,231,2,2026-03-25,6
6525,284,2,2026-03-25,8
6526,175,2,2026-03-26,4
6527,154,2,2026-03-26,2
6528,223,2,2026-03-26,4
6529,153,2,2026-03-26,6
6530,30,2,2026-03-26,4
6531,257,2,2026-03-26,7
6532,95,2,2026-03-26,6
6533,279,2,2026-03-26,3
6534,70,2,2026-03-26,4
6535,156,2,2026-03-26,9
6536,36,2,2026-03-26,4
6537,273,2,2026-03-26,1
6538,148,2,2026-03-26,4
6539,170,2,2026-03-26,1
6540,129,2,2026-03-26,5
6541,160,2,2026-03-27,7
6542,134,2,2026-03-27,3
6543,299,2,2026-03-27,1
6544,174,2,2026-03-27,6
6545,200,2,2026-03-27,7
6546,286,2,2026-03-27,4
6547,132,2,2026-03-27,9
6548,42,2,2026-03-27,9
6549,185,2,2026-03-27,2
6550,162,2,2026-03-27,3
6551,294,2,2026-03-27,4
6552,145,2,2026-03-27,7
6553,194,2,2026-03-27,2
6554,220,2,2026-03-27,3
6555,127,2,2026-03-27,7
6556,236,2,2026-03-27,3
6557,241,2,2026-03-27,4
6558,30,2,2026-03-27,8
6559,225,2,2026-03-27,7
6560,148,2,2026-03-27,6
6561,279,2,2026-03-27,2
6562,231,2,2026-03-27,4
6563,228,2,2026-03-27,4
6564,36,2,2026-03-27,10
6565,255,2,2026-03-27,5
6566,85,2,2026-03-27,4
6567,272,2,2026-03-27,9
6568,204,2,2026-03-27,7
6569,129,2,2026-03-27,5
6570,155,2,2026-03-27,6
6571,19,2,2026-03-27,9
6572,216,2,2026-03-27,9
6573,86,2,2026-03-27,3
6574,67,2,2026-03-27,8
6575,78,2,2026-03-27,4
6576,202,2,2026-03-27,7
6577,223,2,2026-03-27,5
6578,8,2,2026-03-27,9
6579,284,2,2026-03-28,1
6580,194,2,2026-03-28,3
6581,92,2,2026-03-28,1
6582,25,2,2026-03-28,3
6583,294,2,2026-03-28,2
6584,26,2,2026-03-28,4
6585,121,2,2026-03-28,3
6586,223,2,2026-03-28,2
6587,145,2,2026-03-28,4
6588,78,2,2026-03-28,1
6589,176,2,2026-03-28,2
6590,85,2,2026-03-28,1
6591,31,2,2026-03-28,2
6592,75,2,2026-03-28,3
6593,202,2,2026-03-28,3
6594,24,2,2026-03-28,2
6595,72,2,2026-03-28,1
6596,42,2,2026-03-28,2
6597,290,2,2026-03-28,2
6598,95,2,2026-03-28,2
6599,220,2,2026-03-28,4
6600,162,2,2026-03-28,2
6601,131,2,2026-03-28,4
6602,113,2,2026-03-29,2
6603,299,2,2026-03-29,2
6604,242,2,2026-03-29,2
6605,185,2,2026-03-29,4
6606,246,2,2026-03-29,4
6607,194,2,2026-03-29,2
6608,202,2,2026-03-29,2
6609,161,2,2026-03-29,5
6610,175,2,2026-03-29,3
6611,31,2,2026-03-29,1
6612,114,2,2026-03-29,2
6613,5,2,2026-03-29,2
6614,176,2,2026-03-29,1
6615,129,2,2026-03-29,1
6616,200,2,2026-03-29,4
6617,272,2,2026-03-29,8
6618,158,2,2026-03-29,2
6619,85,2,2026-03-29,1
6620,160,2,2026-03-29,3
6621,272,2,2026-03-30,2
6622,273,2,2026-03-30,9
6623,202,2,2026-03-30,6
6624,70,2,2026-03-30,6
6625,31,2,2026-03-30,1
6626,14,2,2026-03-30,6
6627,228,2,2026-03-30,6
6628,95,2,2026-03-30,5
6629,192,2,2026-03-30,4
6630,153,2,2026-03-30,6
6631,134,2,2026-03-30,4
6632,185,2,2026-03-30,3
6633,156,2,2026-03-30,5
6634,299,2,2026-03-30,7
6635,164,2,2026-03-30,7
6636,72,2,2026-03-30,1
6637,107,2,2026-03-30,6
6638,181,2,2026-03-30,3
6639,167,2,2026-03-30,4
6640,66,2,2026-03-30,4
6641,226,2,2026-03-30,7
6642,25,2,2026-03-30,4
6643,54,2,2026-03-30,2
6644,132,2,2026-03-30,9
6645,216,2,2026-03-30,4
6646,247,2,2026-03-30,7
6647,233,2,2026-03-30,6
6648,225,2,2026-03-30,2
6649,55,2,2026-03-30,4
6650,4,2,2026-03-30,5
6651,267,2,2026-03-30,6
6652,15,2,2026-03-30,8
6653,85,2,2026-03-30,4
6654,236,2,2026-03-31,4
6655,242,2,2026-03-31,7
6656,279,2,2026-03-31,5
6657,177,2,2026-03-31,12
6658,135,2,2026-03-31,3
6659,55,2,2026-03-31,5
6660,233,2,2026-03-31,9
6661,115,2,2026-03-31,7
6662,129,2,2026-03-31,6
6663,200,2,2026-03-31,7
6664,75,2,2026-03-31,5
6665,286,2,2026-03-31,4
6666,231,2,2026-03-31,4
6667,185,2,2026-03-31,4
6668,70,2,2026-03-31,4
6669,206,2,2026-03-31,6
6670,157,2,2026-03-31,3
6671,30,2,2026-03-31,5
6672,193,2,2026-03-31,5
6673,247,2,2026-03-31,9
6674,216,2,2026-03-31,3
6675,21,2,2026-03-31,6
6676,141,2,2026-03-31,2
6677,194,2,2026-03-31,5
6678,85,2,2026-03-31,4
6679,24,2,2026-03-31,8
6680,284,2,2026-03-31,3
6681,246,2,2026-03-31,5
6682,5,2,2026-03-31,4
6683,54,2,2026-03-31,3
6684,134,2,2026-03-31,5
6685,181,2,2026-03-31,2
6686,282,2,2026-03-31,7
6687,19,2,2026-03-31,7
6688,15,2,2026-03-31,3
6689,11,2,2026-04-01,5
6690,86,2,2026-04-01,2
6691,107,2,2026-04-01,8
6692,135,2,2026-04-01,5
6693,25,2,2026-04-01,1
6694,280,2,2026-04-01,5
6695,194,2,2026-04-01,8
6696,193,2,2026-04-01,4
6697,55,2,2026-04-01,8
6698,274,2,2026-04-01,4
6699,141,2,2026-04-01,3
6700,228,2,2026-04-01,11
6701,78,2,2026-04-01,5
6702,132,2,2026-04-01,9
6703,115,2,2026-04-01,3
6704,233,2,2026-04-01,7
6705,36,2,2026-04-01,1
6706,272,2,2026-04-01,6
6707,145,2,2026-04-01,5
6708,19,2,2026-04-01,8
6709,267,2,2026-04-01,8
6710,75,2,2026-04-01,7
6711,161,2,2026-04-01,3
6712,29,2,2026-04-02,5
6713,246,2,2026-04-02,9
6714,72,2,2026-04-02,7
6715,148,2,2026-04-02,4
6716,152,2,2026-04-02,5
6717,273,2,2026-04-02,4
6718,8,2,2026-04-02,7
6719,42,2,2026-04-02,6
6720,282,2,2026-04-02,4
6721,241,2,2026-04-02,7
6722,260,2,2026-04-02,8
6723,11,2,2026-04-02,7
6724,285,2,2026-04-02,5
6725,223,2,2026-04-02,6
6726,272,2,2026-04-02,6
6727,107,2,2026-04-02,8
6728,92,2,2026-04-02,4
6729,160,2,2026-04-02,6
6730,21,2,2026-04-02,5
6731,67,2,2026-04-02,8
6732,78,2,2026-04-02,3
6733,290,2,2026-04-02,3
6734,113,2,2026-04-02,3
6735,286,2,2026-04-02,5
6736,141,2,2026-04-02,9
6737,70,2,2026-04-02,5
6738,5,2,2026-04-02,8
6739,260,2,2026-04-03,4
6740,36,2,2026-04-03,1
6741,153,2,2026-04-03,9
6742,223,2,2026-04-03,6
6743,164,2,2026-04-03,6
6744,210,2,2026-04-03,8
6745,129,2,2026-04-03,2
6746,216,2,2026-04-03,9
6747,85,2,2026-04-03,2
6748,132,2,2026-04-03,3
6749,141,2,2026-04-03,5
6750,206,2,2026-04-03,5
6751,241,2,2026-04-03,3
6752,255,2,2026-04-03,3
6753,299,2,2026-04-03,6
6754,99,2,2026-04-03,9
6755,29,2,2026-04-03,7
6756,156,2,2026-04-03,7
6757,192,2,2026-04-03,6
6758,134,2,2026-04-03,6
6759,236,2,2026-04-03,3
6760,181,2,2026-04-03,5
6761,282,2,2026-04-03,7
6762,246,2,2026-04-03,9
6763,145,2,2026-04-03,6
6764,175,2,2026-04-03,2
6765,273,2,2026-04-03,6
6766,204,2,2026-04-03,7
6767,36,2,2026-04-04,2
6768,134,2,2026-04-04,4
6769,233,2,2026-04-04,1
6770,183,2,2026-04-04,2
6771,176,2,2026-04-04,2
6772,30,2,2026-04-04,2
6773,113,2,2026-04-04,3
6774,90,2,2026-04-04,3
6775,225,2,2026-04-04,2
6776,128,2,2026-04-04,3
6777,145,2,2026-04-04,2
6778,279,2,2026-04-04,5
6779,158,2,2026-04-04,1
6780,157,2,2026-04-04,3
6781,202,2,2026-04-04,1
6782,155,2,2026-04-04,4
6783,67,2,2026-04-04,1
6784,177,2,2026-04-04,1
6785,4,2,2026-04-04,1
6786,194,2,2026-04-05,4
6787,176,2,2026-04-05,2
6788,290,2,2026-04-05,5
6789,70,2,2026-04-05,1
6790,200,2,2026-04-05,1
6791,280,2,2026-04-05,2
6792,54,2,2026-04-05,2
6793,170,2,2026-04-05,1
6794,294,2,2026-04-05,3
6795,247,2,2026-04-05,3
6796,236,2,2026-04-05,4
6797,127,2,2026-04-05,3
6798,128,2,2026-04-05,2
6799,30,2,2026-04-06,3
6800,15,2,2026-04-06,4
6801,194,2,2026-04-06,4
6802,257,2,2026-04-06,3
6803,228,2,2026-04-06,4
6804,90,2,2026-04-06,4
6805,181,2,2026-04-06,6
6806,21,2,2026-04-06,3
6807,128,2,2026-04-06,8
6808,170,2,2026-04-06,3
6809,162,2,2026-04-06,8
6810,160,2,2026-04-06,5
6811,99,2,2026-04-06,6
6812,86,2,2026-04-06,5
6813,141,2,2026-04-06,3
6814,66,2,2026-04-06,3
6815,145,2,2026-04-06,4
6816,14,2,2026-04-06,5
6817,155,2,2026-04-06,6
6818,152,2,2026-04-06,8
6819,72,2,2026-04-06,3
6820,65,2,2026-04-06,5
6821,157,2,2026-04-06,4
6822,11,2,2026-04-07,7
6823,135,2,2026-04-07,9
6824,285,2,2026-04-07,1
6825,107,2,2026-04-07,9
6826,241,2,2026-04-07,6
6827,55,2,2026-04-07,6
6828,90,2,2026-04-07,3
6829,216,2,2026-04-07,5
6830,279,2,2026-04-07,6
6831,162,2,2026-04-07,9
6832,210,2,2026-04-07,9
6833,223,2,2026-04-07,9
6834,104,2,2026-04-07,9
6835,183,2,2026-04-07,9
6836,67,2,2026-04-07,5
6837,5,2,2026-04-07,3
6838,121,2,2026-04-07,2
6839,181,2,2026-04-07,4
6840,26,2,2026-04-07,4
6841,215,2,2026-04-07,5
6842,273,2,2026-04-07,9
6843,99,2,2026-04-07,5
6844,255,2,2026-04-07,4
6845,8,2,2026-04-07,4
6846,260,2,2026-04-07,1
6847,107,2,2026-04-08,3
6848,8,2,2026-04-08,6
6849,161,2,2026-04-08,6
6850,66,2,2026-04-08,4
6851,154,2,2026-04-08,6
6852,185,2,2026-04-08,2
6853,294,2,2026-04-08,9
6854,113,2,2026-04-08,5
6855,70,2,2026-04-08,3
6856,170,2,2026-04-08,6
6857,210,2,2026-04-08,4
6858,105,2,2026-04-08,8
6859,200,2,2026-04-08,4
6860,5,2,2026-04-08,7
6861,25,2,2026-04-08,2
6862,135,2,2026-04-08,4
6863,156,2,2026-04-08,6
6864,231,2,2026-04-08,8
6865,177,2,2026-04-08,3
6866,255,2,2026-04-08,9
6867,113,2,2026-04-09,9
6868,148,2,2026-04-09,5
6869,223,2,2026-04-09,1
6870,160,2,2026-04-09,6
6871,155,2,2026-04-09,4
6872,134,2,2026-04-09,7
6873,174,2,2026-04-09,4
6874,236,2,2026-04-09,10
6875,5,2,2026-04-09,4
6876,65,2,2026-04-09,9
6877,153,2,2026-04-09,5
6878,70,2,2026-04-09,4
6879,176,2,2026-04-09,7
6880,158,2,2026-04-09,7
6881,299,2,2026-04-09,6
6882,107,2,2026-04-09,4
6883,267,2,2026-04-09,3
6884,99,2,2026-04-09,5
6885,152,2,2026-04-09,5
6886,233,2,2026-04-09,5
6887,86,2,2026-04-10,6
6888,226,2,2026-04-10,8
6889,260,2,2026-04-10,5
6890,286,2,2026-04-10,7
6891,192,2,2026-04-10,6
6892,121,2,2026-04-10,5
6893,128,2,2026-04-10,4
6894,145,2,2026-04-10,3
6895,65,2,2026-04-10,6
6896,75,2,2026-04-10,4
6897,157,2,2026-04-10,6
6898,5,2,2026-04-10,10
6899,202,2,2026-04-10,4
6900,273,2,2026-04-10,11
6901,233,2,2026-04-10,3
6902,85,2,2026-04-10,5
6903,267,2,2026-04-10,2
6904,206,2,2026-04-10,5
6905,104,2,2026-04-10,6
6906,99,2,2026-04-10,3
6907,42,2,2026-04-10,7
6908,26,2,2026-04-10,6
6909,156,2,2026-04-11,3
6910,231,2,2026-04-11,2
6911,154,2,2026-04-11,4
6912,255,2,2026-04-11,4
6913,176,2,2026-04-11,5
6914,114,2,2026-04-11,8
6915,170,2,2026-04-11,3
6916,132,2,2026-04-11,6
6917,107,2,2026-04-11,1
6918,121,2,2026-04-11,4
6919,233,2,2026-04-11,3
6920,86,2,2026-04-11,5
6921,99,2,2026-04-11,6
6922,284,2,2026-04-11,1
6923,155,2,2026-04-11,2
6924,274,2,2026-04-11,3
6925,257,2,2026-04-11,5
6926,15,2,2026-04-11,4
6927,24,2,2026-04-11,4
6928,152,2,2026-04-11,2
6929,67,2,2026-04-11,7
6930,185,2,2026-04-11,3
6931,172,2,2026-04-11,5
6932,131,2,2026-04-11,2
6933,145,2,2026-04-11,2
6934,129,2,2026-04-11,4
6935,272,2,2026-04-11,3
6936,14,2,2026-04-11,4
6937,215,2,2026-04-11,5
6938,100,2,2026-04-11,3
6939,285,2,2026-04-11,3
6940,175,2,2026-04-12,1
6941,121,2,2026-04-12,5
6942,161,2,2026-04-12,1
6943,220,2,2026-04-12,1
6944,279,2,2026-04-12,6
6945,90,2,2026-04-12,4
6946,285,2,2026-04-12,1
6947,75,2,2026-04-12,4
6948,286,2,2026-04-12,1
6949,294,2,2026-04-12,2
6950,85,2,2026-04-12,3
6951,104,2,2026-04-12,3
6952,135,2,2026-04-12,1
6953,175,2,2026-04-13,2
6954,246,2,2026-04-13,4
6955,215,2,2026-04-13,11
6956,206,2,2026-04-13,4
6957,162,2,2026-04-13,9
6958,141,2,2026-04-13,4
6959,86,2,2026-04-13,4
6960,279,2,2026-04-13,6
6961,285,2,2026-04-13,3
6962,164,2,2026-04-13,5
6963,286,2,2026-04-13,3
6964,21,2,2026-04-13,4
6965,194,2,2026-04-13,3
6966,100,2,2026-04-13,2
6967,36,2,2026-04-13,2
6968,223,2,2026-04-13,2
6969,299,2,2026-04-13,4
6970,127,2,2026-04-13,6
6971,29,2,2026-04-13,9
6972,185,2,2026-04-13,2
6973,85,2,2026-04-13,3
6974,54,2,2026-04-13,6
6975,25,2,2026-04-13,3
6976,110,2,2026-04-13,7
6977,284,2,2026-04-13,9
6978,26,2,2026-04-13,9
6979,154,2,2026-04-13,3
6980,242,2,2026-04-13,2
6981,247,2,2026-04-13,9
6982,160,2,2026-04-13,7
6983,55,2,2026-04-13,2
6984,121,2,2026-04-13,1
6985,99,2,2026-04-13,3
6986,241,2,2026-04-13,2
6987,135,2,2026-04-14,5
6988,236,2,2026-04-14,5
6989,141,2,2026-04-14,1
6990,181,2,2026-04-14,2
6991,65,2,2026-04-14,2
6992,75,2,2026-04-14,4
6993,185,2,2026-04-14,7
6994,153,2,2026-04-14,2
6995,279,2,2026-04-14,13
6996,255,2,2026-04-14,3
6997,131,2,2026-04-14,8
6998,174,2,2026-04-14,9
6999,21,2,2026-04-14,8
7000,242,2,2026-04-14,5
7001,95,2,2026-04-14,8
7002,225,2,2026-04-14,3
7003,220,2,2026-04-14,5
7004,115,2,2026-04-14,4
7005,132,2,2026-04-14,1
7006,121,2,2026-04-14,5
7007,284,2,2026-04-14,6
7008,294,2,2026-04-14,2
7009,226,2,2026-04-15,11
7010,158,2,2026-04-15,9
7011,185,2,2026-04-15,15
7012,286,2,2026-04-15,7
7013,75,2,2026-04-15,5
7014,121,2,2026-04-15,13
7015,202,2,2026-04-15,13
7016,215,2,2026-04-15,8
7017,285,2,2026-04-15,11
7018,12,2,2026-04-15,5
7019,113,2,2026-04-15,8
7020,290,2,2026-04-15,18
7021,128,2,2026-04-15,5
7022,273,2,2026-04-15,9
7023,107,2,2026-04-15,10
7024,299,2,2026-04-15,7
7025,4,2,2026-04-15,11
7026,284,2,2026-04-15,7
7027,175,2,2026-04-15,10
7028,78,2,2026-04-15,12
7029,228,2,2026-04-15,7
7030,145,2,2026-04-16,5
7031,233,2,2026-04-16,3
7032,228,2,2026-04-16,4
7033,148,2,2026-04-16,5
7034,242,2,2026-04-16,4
7035,86,2,2026-04-16,7
7036,128,2,2026-04-16,3
7037,113,2,2026-04-16,4
7038,70,2,2026-04-16,2
7039,185,2,2026-04-16,1
7040,200,2,2026-04-16,2
7041,193,2,2026-04-16,3
7042,153,2,2026-04-16,7
7043,290,2,2026-04-16,7
7044,273,2,2026-04-16,4
7045,72,2,2026-04-16,4
7046,75,2,2026-04-16,3
7047,257,2,2026-04-16,7
7048,152,2,2026-04-16,11
7049,299,2,2026-04-16,5
7050,170,2,2026-04-16,1
7051,284,2,2026-04-16,8
7052,129,2,2026-04-16,4
7053,141,2,2026-04-16,7
7054,241,2,2026-04-16,1
7055,100,2,2026-04-16,9
7056,158,2,2026-04-16,4
7057,25,2,2026-04-16,5
7058,220,2,2026-04-16,4
7059,5,2,2026-04-16,7
7060,4,2,2026-04-16,3
7061,29,2,2026-04-16,5
7062,160,2,2026-04-16,3
7063,267,2,2026-04-16,3
7064,181,2,2026-04-16,7
7065,272,2,2026-04-17,6
7066,164,2,2026-04-17,10
7067,267,2,2026-04-17,2
7068,95,2,2026-04-17,7
7069,157,2,2026-04-17,4
7070,236,2,2026-04-17,4
7071,285,2,2026-04-17,3
7072,66,2,2026-04-17,3
7073,12,2,2026-04-17,2
7074,286,2,2026-04-17,5
7075,78,2,2026-04-17,4
7076,25,2,2026-04-17,6
7077,86,2,2026-04-17,7
7078,127,2,2026-04-17,5
7079,75,2,2026-04-17,5
7080,294,2,2026-04-17,9
7081,231,2,2026-04-17,3
7082,282,2,2026-04-17,6
7083,216,2,2026-04-17,7
7084,192,2,2026-04-17,3
7085,19,2,2026-04-17,8
7086,104,2,2026-04-17,6
7087,228,2,2026-04-17,6
7088,155,2,2026-04-17,6
7089,24,2,2026-04-17,9
7090,8,2,2026-04-17,2
7091,128,2,2026-04-17,5
7092,14,2,2026-04-17,3
7093,255,2,2026-04-17,4
7094,160,2,2026-04-17,3
7095,92,2,2026-04-17,7
7096,193,2,2026-04-17,2
7097,233,2,2026-04-17,3
7098,299,2,2026-04-18,2
7099,95,2,2026-04-18,2
7100,90,2,2026-04-18,1
7101,36,2,2026-04-18,1
7102,121,2,2026-04-18,3
7103,29,2,2026-04-18,3
7104,135,2,2026-04-18,2
7105,193,2,2026-04-18,2
7106,25,2,2026-04-18,2
7107,241,2,2026-04-18,1
7108,290,2,2026-04-18,1
7109,107,2,2026-04-18,2
7110,72,2,2026-04-18,5
7111,267,2,2026-04-18,4
7112,31,2,2026-04-18,3
7113,12,2,2026-04-18,3
7114,92,2,2026-04-18,2
7115,210,2,2026-04-18,2
7116,161,2,2026-04-18,1
7117,225,2,2026-04-18,1
7118,246,2,2026-04-18,4
7119,11,2,2026-04-18,1
7120,167,2,2026-04-18,1
7121,226,2,2026-04-18,1
7122,157,2,2026-04-18,1
7123,54,2,2026-04-19,4
7124,19,2,2026-04-19,3
7125,135,2,2026-04-19,1
7126,21,2,2026-04-19,2
7127,206,2,2026-04-19,2
7128,290,2,2026-04-19,3
7129,285,2,2026-04-19,3
7130,274,2,2026-04-19,3
7131,192,2,2026-04-19,3
7132,70,2,2026-04-19,1
7133,72,2,2026-04-19,2
7134,172,2,2026-04-19,3
7135,155,2,2026-04-19,3
7136,42,2,2026-04-19,2
7137,36,2,2026-04-19,2
7138,85,2,2026-04-19,1
7139,78,2,2026-04-19,1
7140,185,2,2026-04-19,2
7141,225,2,2026-04-20,6
7142,65,2,2026-04-20,9
7143,176,2,2026-04-20,5
7144,228,2,2026-04-20,5
7145,210,2,2026-04-20,4
7146,86,2,2026-04-20,4
7147,299,2,2026-04-20,7
7148,132,2,2026-04-20,6
7149,267,2,2026-04-20,3
7150,241,2,2026-04-20,10
7151,25,2,2026-04-20,2
7152,279,2,2026-04-20,4
7153,31,2,2026-04-20,7
7154,200,2,2026-04-20,2
7155,26,2,2026-04-20,5
7156,153,2,2026-04-20,6
7157,246,2,2026-04-20,7
7158,19,2,2026-04-20,2
7159,115,2,2026-04-20,3
7160,66,2,2026-04-20,4
7161,107,2,2026-04-20,2
7162,24,2,2026-04-20,7
7163,284,2,2026-04-20,7
7164,204,2,2026-04-20,3
7165,290,2,2026-04-21,6
7166,246,2,2026-04-21,3
7167,11,2,2026-04-21,2
7168,107,2,2026-04-21,4
7169,4,2,2026-04-21,6
7170,282,2,2026-04-21,4
7171,5,2,2026-04-21,13
7172,30,2,2026-04-21,7
7173,284,2,2026-04-21,2
7174,158,2,2026-04-21,3
7175,157,2,2026-04-21,1
7176,92,2,2026-04-21,7
7177,215,2,2026-04-21,7
7178,66,2,2026-04-21,5
7179,204,2,2026-04-21,4
7180,226,2,2026-04-21,4
7181,113,2,2026-04-21,4
7182,114,2,2026-04-21,6
7183,216,2,2026-04-21,5
7184,115,2,2026-04-21,3
7185,100,2,2026-04-21,3
7186,247,2,2026-04-21,6
7187,183,2,2026-04-21,6
7188,105,2,2026-04-21,8
7189,132,2,2026-04-21,5
7190,176,2,2026-04-21,5
7191,192,2,2026-04-21,6
7192,156,2,2026-04-21,4
7193,72,2,2026-04-21,5
7194,31,2,2026-04-21,7
7195,255,2,2026-04-21,6
7196,174,2,2026-04-21,3
7197,14,2,2026-04-21,4
7198,155,2,2026-04-21,4
7199,154,2,2026-04-21,8
7200,242,2,2026-04-21,8
7201,162,2,2026-04-21,1
7202,141,2,2026-04-22,7
7203,5,2,2026-04-22,2
7204,129,2,2026-04-22,8
7205,12,2,2026-04-22,3
7206,104,2,2026-04-22,6
7207,131,2,2026-04-22,6
7208,75,2,2026-04-22,3
7209,156,2,2026-04-22,7
7210,192,2,2026-04-22,7
7211,233,2,2026-04-22,2
7212,15,2,2026-04-22,5
7213,90,2,2026-04-22,6
7214,273,2,2026-04-22,2
7215,85,2,2026-04-22,6
7216,175,2,2026-04-22,5
7217,215,2,2026-04-22,8
7218,31,2,2026-04-22,5
7219,145,2,2026-04-22,5
7220,225,2,2026-04-22,2
7221,242,2,2026-04-22,3
7222,65,2,2026-04-22,5
7223,246,2,2026-04-22,6
7224,104,2,2026-04-23,3
7225,206,2,2026-04-23,8
7226,183,2,2026-04-23,5
7227,95,2,2026-04-23,1
7228,78,2,2026-04-23,7
7229,42,2,2026-04-23,7
7230,110,2,2026-04-23,5
7231,157,2,2026-04-23,8
7232,145,2,2026-04-23,2
7233,284,2,2026-04-23,5
7234,114,2,2026-04-23,4
7235,14,2,2026-04-23,4
7236,181,2,2026-04-23,6
7237,65,2,2026-04-23,5
7238,99,2,2026-04-23,5
7239,25,2,2026-04-23,5
7240,36,2,2026-04-23,5
7241,231,2,2026-04-23,9
7242,75,2,2026-04-24,6
7243,299,2,2026-04-24,4
7244,167,2,2026-04-24,3
7245,55,2,2026-04-24,2
7246,15,2,2026-04-24,7
7247,185,2,2026-04-24,9
7248,31,2,2026-04-24,7
7249,231,2,2026-04-24,3
7250,26,2,2026-04-24,7
7251,95,2,2026-04-24,6
7252,228,2,2026-04-24,3
7253,66,2,2026-04-24,7
7254,100,2,2026-04-24,6
7255,121,2,2026-04-24,6
7256,67,2,2026-04-24,3
7257,172,2,2026-04-24,5
7258,257,2,2026-04-24,5
7259,175,2,2026-04-24,5
7260,204,2,2026-04-24,5
7261,200,2,2026-04-24,3
7262,36,2,2026-04-24,4
7263,223,2,2026-04-24,4
7264,135,2,2026-04-24,5
7265,181,2,2026-04-24,3
7266,260,2,2026-04-24,4
7267,274,2,2026-04-24,2
7268,158,2,2026-04-24,2
7269,42,2,2026-04-24,3
7270,12,2,2026-04-24,5
7271,210,2,2026-04-24,6
7272,242,2,2026-04-24,5
7273,145,2,2026-04-24,5
7274,153,2,2026-04-24,8
7275,152,2,2026-04-24,5
7276,90,2,2026-04-24,6
7277,70,2,2026-04-24,3
7278,272,2,2026-04-24,3
7279,148,2,2026-04-24,8
7280,131,2,2026-04-25,4
7281,141,2,2026-04-25,2
7282,90,2,2026-04-25,3
7283,176,2,2026-04-25,1
7284,192,2,2026-04-25,3
7285,257,2,2026-04-25,1
7286,153,2,2026-04-25,2
7287,286,2,2026-04-25,2
7288,242,2,2026-04-25,2
7289,36,2,2026-04-25,2
7290,282,2,2026-04-25,6
7291,274,2,2026-04-25,4
7292,225,2,2026-04-25,1
7293,164,2,2026-04-25,1
7294,65,2,2026-04-25,4
7295,134,2,2026-04-25,2
7296,70,2,2026-04-25,2
7297,290,2,2026-04-25,3
7298,75,2,2026-04-25,2
7299,14,2,2026-04-25,5
7300,105,2,2026-04-25,2
7301,72,2,2026-04-25,3
7302,247,2,2026-04-25,2
7303,26,2,2026-04-25,2
7304,226,2,2026-04-25,1
7305,206,2,2026-04-26,3
7306,145,2,2026-04-26,4
7307,177,2,2026-04-26,3
7308,183,2,2026-04-26,3
7309,110,2,2026-04-26,1
7310,233,2,2026-04-26,4
7311,194,2,2026-04-26,2
7312,26,2,2026-04-26,2
7313,132,2,2026-04-26,2
7314,127,2,2026-04-26,2
7315,279,2,2026-04-26,2
7316,216,2,2026-04-26,2
7317,228,2,2026-04-26,1
7318,156,2,2026-04-26,4
7319,158,2,2026-04-26,2
7320,67,2,2026-04-26,6
7321,131,2,2026-04-26,6
7322,65,2,2026-04-27,8
7323,14,2,2026-04-27,4
7324,5,2,2026-04-27,1
7325,8,2,2026-04-27,3
7326,127,2,2026-04-27,1
7327,156,2,2026-04-27,6
7328,257,2,2026-04-27,5
7329,121,2,2026-04-27,5
7330,31,2,2026-04-27,7
7331,233,2,2026-04-27,3
7332,152,2,2026-04-27,2
7333,194,2,2026-04-27,4
7334,175,2,2026-04-27,4
7335,154,2,2026-04-27,9
7336,255,2,2026-04-27,7
7337,110,2,2026-04-27,3
7338,12,2,2026-04-27,4
7339,204,2,2026-04-27,5
7340,247,2,2026-04-27,6
7341,115,2,2026-04-28,5
7342,160,2,2026-04-28,6
7343,225,2,2026-04-28,2
7344,161,2,2026-04-28,5
7345,92,2,2026-04-28,5
7346,19,2,2026-04-28,9
7347,167,2,2026-04-28,7
7348,29,2,2026-04-28,3
7349,216,2,2026-04-28,5
7350,4,2,2026-04-28,6
7351,25,2,2026-04-28,7
7352,202,2,2026-04-28,3
7353,177,2,2026-04-28,6
7354,110,2,2026-04-28,3
7355,26,2,2026-04-28,4
7356,286,2,2026-04-28,5
7357,194,2,2026-04-28,5
7358,185,2,2026-04-29,4
7359,274,2,2026-04-29,8
7360,284,2,2026-04-29,6
7361,65,2,2026-04-29,7
7362,92,2,2026-04-29,3
7363,247,2,2026-04-29,5
7364,66,2,2026-04-29,3
7365,26,2,2026-04-29,7
7366,204,2,2026-04-29,5
7367,72,2,2026-04-29,6
7368,12,2,2026-04-29,5
7369,105,2,2026-04-29,1
7370,155,2,2026-04-29,6
7371,154,2,2026-04-29,8
7372,273,2,2026-04-29,6
7373,115,2,2026-04-29,4
7374,286,2,2026-04-29,4
7375,193,2,2026-04-29,5
7376,260,2,2026-04-29,3
7377,153,2,2026-04-29,9
7378,177,2,2026-04-29,5
7379,192,2,2026-04-29,5
7380,176,2,2026-04-29,6
7381,215,2,2026-04-29,5
7382,11,2,2026-04-29,6
7383,15,2,2026-04-29,6
7384,8,2,2026-04-29,3
7385,134,2,2026-04-29,4
7386,174,2,2026-04-29,6
7387,267,2,2026-04-29,5
7388,299,2,2026-04-29,4
7389,145,2,2026-04-29,2
7390,31,2,2026-04-29,6
7391,175,2,2026-04-29,5
7392,55,2,2026-04-29,5
7393,233,2,2026-04-29,4
7394,100,2,2026-04-29,7
7395,128,2,2026-04-30,3
7396,31,2,2026-04-30,5
7397,134,2,2026-04-30,5
7398,148,2,2026-04-30,6
7399,67,2,2026-04-30,5
7400,12,2,2026-04-30,2
7401,99,2,2026-04-30,5
7402,215,2,2026-04-30,7
7403,78,2,2026-04-30,9
7404,21,2,2026-04-30,3
7405,42,2,2026-04-30,8
7406,200,2,2026-04-30,3
7407,25,2,2026-04-30,8
7408,183,2,2026-04-30,2
7409,233,2,2026-04-30,6
7410,72,2,2026-04-30,6
7411,70,2,2026-04-30,2
7412,175,2,2026-04-30,4
7413,228,2,2026-04-30,6
7414,105,2,2026-04-30,3
7415,66,2,2026-04-30,4
7416,272,2,2026-04-30,4
7417,29,2,2026-04-30,6
7418,193,2,2026-04-30,7
7419,92,2,2026-04-30,2
7420,19,2,2026-04-30,5
7421,267,2,2026-04-30,5
7422,153,2,2026-04-30,3
7423,274,2,2026-04-30,6
7424,115,2,2026-04-30,2
7425,285,2,2026-04-30,4
7426,152,2,2026-04-30,4
7427,8,2,2026-04-30,4
7428,226,2,2026-04-30,3
7429,54,2,2026-04-30,6
7430,247,2,2026-04-30,6
7431,75,2,2026-04-30,8
7432,21,2,2026-05-01,4
7433,241,2,2026-05-01,2
7434,280,2,2026-05-01,4
7435,100,2,2026-05-01,6
7436,155,2,2026-05-01,4
7437,152,2,2026-05-01,10
7438,285,2,2026-05-01,1
7439,92,2,2026-05-01,1
7440,15,2,2026-05-01,7
7441,225,2,2026-05-01,5
7442,172,2,2026-05-01,4
7443,167,2,2026-05-01,2
7444,177,2,2026-05-01,5
7445,113,2,2026-05-01,3
7446,279,2,2026-05-01,5
7447,255,2,2026-05-01,4
7448,54,2,2026-05-01,4
7449,162,2,2026-05-01,5
7450,128,2,2026-05-01,3
7451,223,2,2026-05-01,8
7452,260,2,2026-05-01,4
7453,272,2,2026-05-01,11
7454,202,2,2026-05-01,3
7455,153,2,2026-05-01,5
7456,85,2,2026-05-01,7
7457,286,2,2026-05-01,2
7458,105,2,2026-05-01,6
7459,78,2,2026-05-01,6
7460,160,2,2026-05-01,5
7461,176,2,2026-05-01,6
7462,4,2,2026-05-01,3
7463,274,2,2026-05-01,5
7464,216,2,2026-05-01,4
7465,104,2,2026-05-01,13
7466,107,2,2026-05-01,4
7467,5,2,2026-05-01,4
7468,279,2,2026-05-02,1
7469,272,2,2026-05-02,1
7470,95,2,2026-05-02,1
7471,185,2,2026-05-02,3
7472,284,2,2026-05-02,3
7473,36,2,2026-05-02,2
7474,135,2,2026-05-02,3
7475,223,2,2026-05-02,2
7476,158,2,2026-05-02,1
7477,153,2,2026-05-02,2
7478,15,2,2026-05-02,3
7479,162,2,2026-05-02,2
7480,104,2,2026-05-02,2
7481,55,2,2026-05-02,3
7482,67,2,2026-05-02,3
7483,152,2,2026-05-02,1
7484,8,2,2026-05-02,1
7485,233,2,2026-05-02,2
7486,160,2,2026-05-02,5
7487,114,2,2026-05-02,1
7488,4,2,2026-05-02,1
7489,181,2,2026-05-02,4
7490,231,2,2026-05-02,1
7491,99,2,2026-05-02,2
7492,226,2,2026-05-02,4
7493,19,2,2026-05-02,4
7494,247,2,2026-05-02,2
7495,176,2,2026-05-02,1
7496,5,2,2026-05-02,1
7497,210,2,2026-05-02,3
7498,114,2,2026-05-03,4
7499,226,2,2026-05-03,2
7500,127,2,2026-05-03,4
7501,156,2,2026-05-03,2
7502,25,2,2026-05-03,3
7503,193,2,2026-05-03,2
7504,194,2,2026-05-03,1
7505,164,2,2026-05-03,4
7506,236,2,2026-05-03,3
7507,115,2,2026-05-03,3
7508,267,2,2026-05-03,1
7509,14,2,2026-05-03,2
7510,99,2,2026-05-03,3
7511,242,2,2026-05-03,1
7512,241,2,2026-05-03,3
7513,26,2,2026-05-03,3
7514,145,2,2026-05-03,1
7515,177,2,2026-05-03,2
7516,67,2,2026-05-03,1
7517,299,2,2026-05-03,1
7518,174,2,2026-05-03,3
7519,105,2,2026-05-03,2
7520,155,2,2026-05-03,2
7521,172,2,2026-05-03,3
7522,192,2,2026-05-03,1
7523,55,2,2026-05-03,2
7524,294,2,2026-05-04,5
7525,131,2,2026-05-04,5
7526,290,2,2026-05-04,5
7527,12,2,2026-05-04,7
7528,160,2,2026-05-04,10
7529,282,2,2026-05-04,6
7530,255,2,2026-05-04,5
7531,86,2,2026-05-04,1
7532,158,2,2026-05-04,4
7533,161,2,2026-05-04,4
7534,67,2,2026-05-04,5
7535,185,2,2026-05-04,6
7536,153,2,2026-05-04,5
7537,72,2,2026-05-04,6
7538,14,2,2026-05-04,4
7539,200,2,2026-05-04,5
7540,85,2,2026-05-04,5
7541,55,2,2026-05-04,6
7542,172,2,2026-05-04,7
7543,183,2,2026-05-04,8
7544,284,2,2026-05-04,5
7545,273,2,2026-05-04,6
7546,194,2,2026-05-04,9
7547,226,2,2026-05-04,5
7548,29,2,2026-05-04,7
7549,246,2,2026-05-04,3
7550,220,2,2026-05-04,3
7551,210,2,2026-05-04,4
7552,107,2,2026-05-04,4
7553,127,2,2026-05-05,10
7554,285,2,2026-05-05,12
7555,14,2,2026-05-05,15
7556,280,2,2026-05-05,7
7557,200,2,2026-05-05,11
7558,24,2,2026-05-05,9
7559,11,2,2026-05-05,8
7560,21,2,2026-05-05,13
7561,299,2,2026-05-05,12
7562,167,2,2026-05-05,14
7563,113,2,2026-05-05,6
7564,160,2,2026-05-05,5
7565,135,2,2026-05-05,2
7566,257,2,2026-05-05,9
7567,99,2,2026-05-05,10
7568,155,2,2026-05-05,8
7569,194,2,2026-05-05,8
7570,90,2,2026-05-05,8
7571,85,2,2026-05-05,9
7572,181,2,2026-05-05,10
7573,154,2,2026-05-05,9
7574,156,2,2026-05-05,6
7575,158,2,2026-05-05,14
7576,193,2,2026-05-05,12
7577,78,2,2026-05-05,14
7578,36,2,2026-05-05,8
7579,148,2,2026-05-05,8
7580,128,2,2026-05-05,7
7581,220,2,2026-05-05,9
7582,152,2,2026-05-05,5
7583,176,2,2026-05-05,9
7584,107,2,2026-05-05,11
7585,100,2,2026-05-06,4
7586,158,2,2026-05-06,4
7587,175,2,2026-05-06,2
7588,90,2,2026-05-06,3
7589,55,2,2026-05-06,4
7590,153,2,2026-05-06,2
7591,215,2,2026-05-06,4
7592,110,2,2026-05-06,12
7593,5,2,2026-05-06,4
7594,226,2,2026-05-06,8
7595,272,2,2026-05-06,5
7596,157,2,2026-05-06,5
7597,282,2,2026-05-06,5
7598,70,2,2026-05-06,1
7599,36,2,2026-05-06,6
7600,114,2,2026-05-06,4
7601,160,2,2026-05-06,3
7602,228,2,2026-05-06,11
7603,11,2,2026-05-06,3
7604,12,2,2026-05-06,2
7605,185,2,2026-05-06,9
7606,135,2,2026-05-06,4
7607,19,2,2026-05-07,3
7608,193,2,2026-05-07,6
7609,110,2,2026-05-07,3
7610,30,2,2026-05-07,2
7611,242,2,2026-05-07,4
7612,272,2,2026-05-07,7
7613,206,2,2026-05-07,11
7614,172,2,2026-05-07,2
7615,152,2,2026-05-07,3
7616,148,2,2026-05-07,5
7617,129,2,2026-05-07,11
7618,220,2,2026-05-07,9
7619,127,2,2026-05-07,5
7620,233,2,2026-05-07,8
7621,247,2,2026-05-07,3
7622,153,2,2026-05-07,7
7623,105,2,2026-05-07,2
7624,286,2,2026-05-07,4
7625,257,2,2026-05-07,5
7626,200,2,2026-05-07,3
7627,181,2,2026-05-07,10
7628,160,2,2026-05-07,3
7629,75,2,2026-05-07,4
7630,204,2,2026-05-07,5
7631,54,2,2026-05-07,3
7632,86,2,2026-05-07,6
7633,135,2,2026-05-07,7
7634,115,2,2026-05-07,7
7635,284,2,2026-05-07,6
7636,85,2,2026-05-07,5
7637,14,2,2026-05-07,4
7638,231,2,2026-05-07,4
7639,247,2,2026-05-08,12
7640,14,2,2026-05-08,3
7641,95,2,2026-05-08,4
7642,206,2,2026-05-08,3
7643,257,2,2026-05-08,5
7644,294,2,2026-05-08,2
7645,210,2,2026-05-08,7
7646,132,2,2026-05-08,6
7647,135,2,2026-05-08,4
7648,67,2,2026-05-08,9
7649,128,2,2026-05-08,3
7650,141,2,2026-05-08,2
7651,131,2,2026-05-08,5
7652,30,2,2026-05-08,7
7653,183,2,2026-05-08,4
7654,5,2,2026-05-08,1
7655,246,2,2026-05-08,5
7656,113,2,2026-05-08,7
7657,66,2,2026-05-08,3
7658,273,2,2026-05-08,5
7659,148,2,2026-05-08,5
7660,223,2,2026-05-08,2
7661,260,2,2026-05-08,6
7662,223,2,2026-05-09,2
7663,206,2,2026-05-09,3
7664,67,2,2026-05-09,2
7665,148,2,2026-05-09,3
7666,220,2,2026-05-09,6
7667,260,2,2026-05-09,2
7668,294,2,2026-05-09,1
7669,75,2,2026-05-09,4
7670,36,2,2026-05-09,2
7671,242,2,2026-05-09,1
7672,85,2,2026-05-09,2
7673,19,2,2026-05-09,1
7674,280,2,2026-05-09,2
7675,90,2,2026-05-09,1
7676,273,2,2026-05-09,1
7677,202,2,2026-05-09,3
7678,135,2,2026-05-09,1
7679,225,2,2026-05-09,2
7680,228,2,2026-05-10,2
7681,78,2,2026-05-10,1
7682,154,2,2026-05-10,1
7683,231,2,2026-05-10,2
7684,177,2,2026-05-10,3
7685,247,2,2026-05-10,3
7686,134,2,2026-05-10,1
7687,19,2,2026-05-10,3
7688,220,2,2026-05-10,1
7689,24,2,2026-05-10,1
7690,14,2,2026-05-10,1
7691,153,2,2026-05-10,2
7692,110,2,2026-05-10,2
7693,128,2,2026-05-10,3
7694,66,2,2026-05-10,6
7695,233,2,2026-05-10,1
7696,257,2,2026-05-10,3
7697,255,2,2026-05-10,3
7698,11,2,2026-05-10,3
7699,175,2,2026-05-10,1
7700,206,2,2026-05-10,4
7701,4,2,2026-05-10,1
7702,30,2,2026-05-10,2
7703,216,2,2026-05-11,5
7704,110,2,2026-05-11,7
7705,100,2,2026-05-11,5
7706,157,2,2026-05-11,6
7707,26,2,2026-05-11,4
7708,104,2,2026-05-11,3
7709,175,2,2026-05-11,4
7710,134,2,2026-05-11,4
7711,225,2,2026-05-11,7
7712,233,2,2026-05-11,5
7713,121,2,2026-05-11,3
7714,4,2,2026-05-11,5
7715,153,2,2026-05-11,7
7716,86,2,2026-05-11,6
7717,5,2,2026-05-11,4
7718,154,2,2026-05-11,3
7719,299,2,2026-05-11,7
7720,132,2,2026-05-11,4
7721,65,2,2026-05-11,3
7722,14,2,2026-05-11,5
7723,131,2,2026-05-11,3
7724,135,2,2026-05-11,4
7725,113,2,2026-05-11,8
7726,260,2,2026-05-11,2
7727,210,2,2026-05-11,3
7728,220,2,2026-05-11,7
7729,223,2,2026-05-11,5
7730,156,2,2026-05-11,2
7731,12,2,2026-05-11,6
7732,129,2,2026-05-11,5
7733,29,2,2026-05-11,5
7734,246,2,2026-05-11,4
7735,181,2,2026-05-11,5
7736,273,2,2026-05-11,3
7737,67,2,2026-05-11,6
7738,75,2,2026-05-11,10
7739,241,2,2026-05-11,7
7740,115,2,2026-05-11,4
7741,30,2,2026-05-12,3
7742,14,2,2026-05-12,6
7743,272,2,2026-05-12,9
7744,255,2,2026-05-12,6
7745,31,2,2026-05-12,5
7746,193,2,2026-05-12,4
7747,170,2,2026-05-12,5
7748,231,2,2026-05-12,5
7749,42,2,2026-05-12,6
7750,172,2,2026-05-12,5
7751,78,2,2026-05-12,2
7752,65,2,2026-05-12,4
7753,132,2,2026-05-12,5
7754,241,2,2026-05-12,2
7755,8,2,2026-05-12,8
7756,284,2,2026-05-12,5
7757,107,2,2026-05-12,5
7758,95,2,2026-05-12,6
7759,223,2,2026-05-12,2
7760,282,2,2026-05-12,1
7761,21,2,2026-05-12,6
7762,114,2,2026-05-12,4
7763,228,2,2026-05-12,3
7764,19,2,2026-05-12,6
7765,200,2,2026-05-12,6
7766,274,2,2026-05-12,5
7767,24,2,2026-05-12,5
7768,175,2,2026-05-12,4
7769,194,2,2026-05-12,3
7770,154,2,2026-05-12,4
7771,294,2,2026-05-13,4
7772,225,2,2026-05-13,4
7773,67,2,2026-05-13,6
7774,176,2,2026-05-13,3
7775,14,2,2026-05-13,1
7776,255,2,2026-05-13,3
7777,148,2,2026-05-13,3
7778,19,2,2026-05-13,7
7779,174,2,2026-05-13,9
7780,121,2,2026-05-13,1
7781,12,2,2026-05-13,2
7782,30,2,2026-05-13,5
7783,192,2,2026-05-13,5
7784,75,2,2026-05-13,5
7785,202,2,2026-05-13,4
7786,299,2,2026-05-13,6
7787,267,2,2026-05-13,3
7788,220,2,2026-05-13,3
7789,99,2,2026-05-13,3
7790,241,2,2026-05-13,6
7791,246,2,2026-05-14,4
7792,113,2,2026-05-14,6
7793,282,2,2026-05-14,3
7794,279,2,2026-05-14,6
7795,242,2,2026-05-14,8
7796,54,2,2026-05-14,8
7797,290,2,2026-05-14,6
7798,167,2,2026-05-14,2
7799,99,2,2026-05-14,4
7800,152,2,2026-05-14,6
7801,85,2,2026-05-14,5
7802,226,2,2026-05-14,6
7803,25,2,2026-05-14,4
7804,29,2,2026-05-14,5
7805,176,2,2026-05-14,5
7806,92,2,2026-05-14,7
7807,220,2,2026-05-14,1
7808,5,2,2026-05-14,3
7809,233,2,2026-05-14,8
7810,223,2,2026-05-14,6
7811,225,2,2026-05-15,1
7812,95,2,2026-05-15,7
7813,115,2,2026-05-15,3
7814,129,2,2026-05-15,8
7815,285,2,2026-05-15,2
7816,226,2,2026-05-15,6
7817,75,2,2026-05-15,3
7818,290,2,2026-05-15,2
7819,174,2,2026-05-15,2
7820,100,2,2026-05-15,7
7821,160,2,2026-05-15,9
7822,65,2,2026-05-15,10
7823,72,2,2026-05-15,6
7824,67,2,2026-05-15,4
7825,70,2,2026-05-15,5
7826,132,2,2026-05-15,8
7827,156,2,2026-05-15,5
7828,255,2,2026-05-15,6
7829,236,2,2026-05-16,2
7830,242,2,2026-05-16,3
7831,5,2,2026-05-16,2
7832,26,2,2026-05-16,1
7833,4,2,2026-05-16,1
7834,193,2,2026-05-16,3
7835,134,2,2026-05-16,3
7836,286,2,2026-05-16,1
7837,216,2,2026-05-16,2
7838,161,2,2026-05-16,2
7839,246,2,2026-05-16,2
7840,272,2,2026-05-16,1
7841,11,2,2026-05-16,4
7842,273,2,2026-05-16,5
7843,176,2,2026-05-16,5
7844,279,2,2026-05-16,5
7845,267,2,2026-05-16,2
7846,31,2,2026-05-16,1
7847,194,2,2026-05-16,2
7848,174,2,2026-05-16,1
7849,155,2,2026-05-16,1
7850,114,2,2026-05-16,2
7851,85,2,2026-05-16,3
7852,127,2,2026-05-16,3
7853,128,2,2026-05-16,3
7854,148,2,2026-05-16,2
7855,70,2,2026-05-16,3
7856,247,2,2026-05-16,2
7857,8,2,2026-05-16,2
7858,141,2,2026-05-16,1
7859,175,2,2026-05-16,2
7860,290,2,2026-05-16,2
7861,55,2,2026-05-16,3
7862,231,2,2026-05-16,1
7863,42,2,2026-05-16,4
7864,202,2,2026-05-17,2
7865,153,2,2026-05-17,3
7866,223,2,2026-05-17,1
7867,272,2,2026-05-17,2
7868,67,2,2026-05-17,1
7869,181,2,2026-05-17,2
7870,210,2,2026-05-17,3
7871,257,2,2026-05-17,1
7872,236,2,2026-05-17,4
7873,132,2,2026-05-17,2
7874,145,2,2026-05-17,1
7875,255,2,2026-05-17,4
7876,128,2,2026-05-17,3
7877,8,2,2026-05-17,4
7878,121,2,2026-05-17,2
7879,152,2,2026-05-17,1
7880,200,2,2026-05-17,3
7881,279,2,2026-05-17,1
7882,107,2,2026-05-17,3
7883,105,2,2026-05-17,2
7884,30,2,2026-05-17,3
7885,156,2,2026-05-17,4
7886,164,2,2026-05-17,3
7887,299,2,2026-05-17,1
7888,175,2,2026-05-17,1
7889,177,2,2026-05-17,2
7890,92,2,2026-05-17,1
7891,192,2,2026-05-17,4
7892,72,2,2026-05-17,1
7893,110,2,2026-05-17,1
7894,155,2,2026-05-17,3
7895,26,2,2026-05-17,1
7896,160,2,2026-05-17,5
7897,129,2,2026-05-17,2
7898,158,2,2026-05-17,2
7899,294,2,2026-05-18,3
7900,127,2,2026-05-18,4
7901,21,2,2026-05-18,5
7902,236,2,2026-05-18,11
7903,220,2,2026-05-18,7
7904,86,2,2026-05-18,4
7905,153,2,2026-05-18,3
7906,78,2,2026-05-18,5
7907,100,2,2026-05-18,6
7908,54,2,2026-05-18,5
7909,25,2,2026-05-18,5
7910,160,2,2026-05-18,4
7911,12,2,2026-05-18,7
7912,107,2,2026-05-18,1
7913,247,2,2026-05-18,5
7914,66,2,2026-05-18,10
7915,215,2,2026-05-18,4
7916,148,2,2026-05-18,2
7917,167,2,2026-05-18,2
7918,75,2,2026-05-18,9
7919,36,2,2026-05-18,6
7920,24,2,2026-05-18,6
7921,162,2,2026-05-18,6
7922,192,2,2026-05-18,5
7923,284,2,2026-05-18,9
7924,5,2,2026-05-18,7
7925,267,2,2026-05-18,8
7926,286,2,2026-05-18,6
7927,255,2,2026-05-18,1
7928,85,2,2026-05-18,8
7929,194,2,2026-05-18,6
7930,157,2,2026-05-18,3
7931,8,2,2026-05-18,4
7932,225,2,2026-05-18,2
7933,78,2,2026-05-19,5
7934,141,2,2026-05-19,5
7935,183,2,2026-05-19,4
7936,226,2,2026-05-19,6
7937,273,2,2026-05-19,3
7938,246,2,2026-05-19,5
7939,206,2,2026-05-19,5
7940,121,2,2026-05-19,1
7941,4,2,2026-05-19,4
7942,194,2,2026-05-19,5
7943,95,2,2026-05-19,4
7944,202,2,2026-05-19,2
7945,193,2,2026-05-19,10
7946,54,2,2026-05-19,5
7947,192,2,2026-05-19,3
7948,65,2,2026-05-19,4
7949,105,2,2026-05-19,9
7950,233,2,2026-05-19,6
7951,156,2,2026-05-19,4
7952,279,2,2026-05-20,4
7953,11,2,2026-05-20,6
7954,164,2,2026-05-20,6
7955,280,2,2026-05-20,1
7956,42,2,2026-05-20,5
7957,193,2,2026-05-20,3
7958,206,2,2026-05-20,3
7959,255,2,2026-05-20,8
7960,72,2,2026-05-20,3
7961,105,2,2026-05-20,9
7962,153,2,2026-05-20,2
7963,5,2,2026-05-20,5
7964,273,2,2026-05-20,2
7965,55,2,2026-05-20,6
7966,110,2,2026-05-20,3
7967,246,2,2026-05-20,3
7968,121,2,2026-05-20,7
7969,29,2,2026-05-20,7
7970,21,2,2026-05-20,2
7971,135,2,2026-05-20,9
7972,26,2,2026-05-20,1
7973,216,2,2026-05-20,3
7974,95,2,2026-05-20,2
7975,70,2,2026-05-20,2
7976,236,2,2026-05-20,9
7977,274,2,2026-05-20,1
7978,158,2,2026-05-20,11
7979,19,2,2026-05-20,3
7980,175,2,2026-05-20,4
7981,90,2,2026-05-20,5
7982,161,2,2026-05-20,2
7983,204,2,2026-05-20,5
7984,267,2,2026-05-20,3
7985,129,2,2026-05-20,4
7986,30,2,2026-05-21,2
7987,72,2,2026-05-21,4
7988,220,2,2026-05-21,4
7989,54,2,2026-05-21,7
7990,127,2,2026-05-21,4
7991,110,2,2026-05-21,2
7992,36,2,2026-05-21,8
7993,246,2,2026-05-21,8
7994,31,2,2026-05-21,8
7995,177,2,2026-05-21,3
7996,85,2,2026-05-21,6
7997,225,2,2026-05-21,3
7998,26,2,2026-05-21,14
7999,167,2,2026-05-21,4
8000,4,2,2026-05-21,5
8001,210,2,2026-05-21,5
8002,273,2,2026-05-21,8
8003,174,2,2026-05-21,2
8004,226,2,2026-05-21,5
8005,241,2,2026-05-21,7
8006,216,2,2026-05-21,4
8007,128,2,2026-05-21,4
8008,236,2,2026-05-21,2
8009,113,2,2026-05-21,2
8010,114,2,2026-05-21,6
8011,12,2,2026-05-21,4
8012,95,2,2026-05-21,4
8013,19,2,2026-05-21,5
8014,272,2,2026-05-21,4
8015,175,2,2026-05-21,3
8016,8,2,2026-05-21,4
8017,164,2,2026-05-21,7
8018,25,2,2026-05-21,2
8019,66,2,2026-05-21,4
8020,255,2,2026-05-21,4
8021,183,2,2026-05-21,6
8022,75,2,2026-05-21,5
8023,145,2,2026-05-21,7
8024,29,2,2026-05-21,3
8025,24,2,2026-05-22,4
8026,92,2,2026-05-22,4
8027,220,2,2026-05-22,9
8028,90,2,2026-05-22,9
8029,257,2,2026-05-22,9
8030,185,2,2026-05-22,10
8031,175,2,2026-05-22,5
8032,204,2,2026-05-22,5
8033,65,2,2026-05-22,2
8034,135,2,2026-05-22,5
8035,183,2,2026-05-22,2
8036,95,2,2026-05-22,4
8037,5,2,2026-05-22,6
8038,233,2,2026-05-22,2
8039,210,2,2026-05-22,10
8040,31,2,2026-05-22,8
8041,85,2,2026-05-22,9
8042,290,2,2026-05-22,4
8043,15,2,2026-05-22,4
8044,104,2,2026-05-22,1
8045,25,2,2026-05-22,9
8046,132,2,2026-05-22,1
8047,114,2,2026-05-22,5
8048,202,2,2026-05-22,4
8049,141,2,2026-05-22,6
8050,223,2,2026-05-22,7
8051,30,2,2026-05-22,2
8052,242,2,2026-05-22,5
8053,26,2,2026-05-22,6
8054,194,2,2026-05-22,6
8055,11,2,2026-05-22,4
8056,72,2,2026-05-22,4
8057,241,2,2026-05-22,8
8058,132,2,2026-05-23,3
8059,192,2,2026-05-23,1
8060,72,2,2026-05-23,3
8061,231,2,2026-05-23,3
8062,107,2,2026-05-23,1
8063,31,2,2026-05-23,5
8064,223,2,2026-05-23,3
8065,216,2,2026-05-23,2
8066,105,2,2026-05-23,3
8067,156,2,2026-05-23,2
8068,274,2,2026-05-23,1
8069,157,2,2026-05-23,5
8070,30,2,2026-05-23,5
8071,177,2,2026-05-23,3
8072,131,2,2026-05-23,1
8073,36,2,2026-05-23,1
8074,26,2,2026-05-23,2
8075,185,2,2026-05-23,3
8076,175,2,2026-05-23,2
8077,181,2,2026-05-23,4
8078,202,2,2026-05-23,3
8079,260,2,2026-05-23,2
8080,141,2,2026-05-23,3
8081,134,2,2026-05-23,3
8082,183,2,2026-05-23,5
8083,145,2,2026-05-23,2
8084,210,2,2026-05-23,1
8085,280,2,2026-05-23,2
8086,170,2,2026-05-23,3
8087,160,2,2026-05-23,6
8088,290,2,2026-05-23,3
8089,284,2,2026-05-23,5
8090,24,2,2026-05-23,1
8091,86,2,2026-05-24,1
8092,141,2,2026-05-24,1
8093,285,2,2026-05-24,1
8094,158,2,2026-05-24,4
8095,21,2,2026-05-24,1
8096,155,2,2026-05-24,2
8097,114,2,2026-05-24,2
8098,148,2,2026-05-24,1
8099,284,2,2026-05-24,1
8100,273,2,2026-05-24,4
8101,11,2,2026-05-24,4
8102,215,2,2026-05-24,4
8103,226,2,2026-05-24,2
8104,294,2,2026-05-24,3
8105,225,2,2026-05-24,3
8106,19,2,2026-05-24,1
8107,162,2,2026-05-24,1
8108,54,2,2026-05-24,2
8109,220,2,2026-05-24,2
8110,95,2,2026-05-24,2
8111,236,2,2026-05-24,1
8112,164,2,2026-05-24,1
8113,78,2,2026-05-24,1
8114,255,2,2026-05-24,1
8115,161,2,2026-05-24,3
8116,66,2,2026-05-25,8
8117,181,2,2026-05-25,2
8118,183,2,2026-05-25,4
8119,273,2,2026-05-25,6
8120,160,2,2026-05-25,5
8121,110,2,2026-05-25,6
8122,134,2,2026-05-25,4
8123,67,2,2026-05-25,10
8124,4,2,2026-05-25,4
8125,210,2,2026-05-25,4
8126,65,2,2026-05-25,4
8127,274,2,2026-05-25,3
8128,170,2,2026-05-25,7
8129,167,2,2026-05-25,2
8130,272,2,2026-05-25,3
8131,129,2,2026-05-25,5
8132,257,2,2026-05-25,4
8133,36,2,2026-05-25,1
8134,284,2,2026-05-25,5
8135,14,2,2026-05-26,2
8136,194,2,2026-05-26,10
8137,15,2,2026-05-26,5
8138,5,2,2026-05-26,4
8139,36,2,2026-05-26,8
8140,185,2,2026-05-26,3
8141,127,2,2026-05-26,6
8142,176,2,2026-05-26,4
8143,282,2,2026-05-26,5
8144,223,2,2026-05-26,6
8145,55,2,2026-05-26,6
8146,231,2,2026-05-26,3
8147,299,2,2026-05-26,1
8148,92,2,2026-05-26,4
8149,215,2,2026-05-27,11
8150,175,2,2026-05-27,13
8151,192,2,2026-05-27,17
8152,247,2,2026-05-27,10
8153,160,2,2026-05-27,6
8154,170,2,2026-05-27,7
8155,158,2,2026-05-27,6
8156,70,2,2026-05-27,4
8157,5,2,2026-05-27,9
8158,299,2,2026-05-27,11
8159,66,2,2026-05-27,11
8160,65,2,2026-05-27,8
8161,110,2,2026-05-27,12
8162,100,2,2026-05-27,12
8163,75,2,2026-05-27,8
8164,161,2,2026-05-27,12
8165,145,2,2026-05-27,4
8166,225,2,2026-05-27,7
8167,185,2,2026-05-27,9
8168,233,2,2026-05-27,10
8169,193,2,2026-05-27,11
8170,177,2,2026-05-27,6
8171,267,2,2026-05-27,10
8172,152,2,2026-05-27,8
8173,131,2,2026-05-27,6
8174,194,2,2026-05-27,7
8175,260,2,2026-05-27,10
8176,285,2,2026-05-27,13
8177,67,2,2026-05-27,11
8178,255,2,2026-05-27,13
8179,148,2,2026-05-27,3
8180,8,2,2026-05-27,7
8181,90,2,2026-05-27,13
8182,274,2,2026-05-27,8
8183,192,2,2026-05-28,6
8184,114,2,2026-05-28,3
8185,92,2,2026-05-28,4
8186,183,2,2026-05-28,7
8187,225,2,2026-05-28,8
8188,161,2,2026-05-28,9
8189,162,2,2026-05-28,3
8190,66,2,2026-05-28,3
8191,193,2,2026-05-28,5
8192,299,2,2026-05-28,3
8193,36,2,2026-05-28,3
8194,132,2,2026-05-28,9
8195,95,2,2026-05-28,5
8196,223,2,2026-05-28,5
8197,194,2,2026-05-28,7
8198,210,2,2026-05-28,2
8199,246,2,2026-05-28,2
8200,274,2,2026-05-28,6
8201,282,2,2026-05-28,6
8202,12,2,2026-05-28,3
8203,242,2,2026-05-29,6
8204,194,2,2026-05-29,6
8205,172,2,2026-05-29,4
8206,174,2,2026-05-29,7
8207,148,2,2026-05-29,13
8208,220,2,2026-05-29,10
8209,134,2,2026-05-29,10
8210,284,2,2026-05-29,12
8211,202,2,2026-05-29,14
8212,75,2,2026-05-29,5
8213,14,2,2026-05-29,16
8214,183,2,2026-05-29,7
8215,65,2,2026-05-29,9
8216,216,2,2026-05-29,14
8217,114,2,2026-05-29,9
8218,272,2,2026-05-29,10
8219,152,2,2026-05-29,6
8220,231,2,2026-05-29,10
8221,206,2,2026-05-29,12
8222,95,2,2026-05-29,6
8223,241,2,2026-05-29,12
8224,127,2,2026-05-29,7
8225,226,2,2026-05-29,7
8226,31,2,2026-05-29,16
8227,255,2,2026-05-29,9
8228,246,2,2026-05-29,12
8229,21,2,2026-05-29,7
8230,274,2,2026-05-29,12
8231,86,2,2026-05-29,6
8232,158,2,2026-05-29,10
8233,257,2,2026-05-29,7
8234,285,2,2026-05-29,10
8235,26,2,2026-05-29,6
8236,92,2,2026-05-29,9
8237,260,2,2026-05-29,9
8238,85,2,2026-05-29,13
8239,236,2,2026-05-29,8
8240,121,2,2026-05-29,5
8241,174,2,2026-05-30,2
8242,5,2,2026-05-30,4
8243,172,2,2026-05-30,2
8244,67,2,2026-05-30,2
8245,30,2,2026-05-30,2
8246,8,2,2026-05-30,2
8247,115,2,2026-05-30,3
8248,185,2,2026-05-30,2
8249,273,2,2026-05-30,5
8250,131,2,2026-05-30,1
8251,134,2,2026-05-30,2
8252,274,2,2026-05-30,5
8253,95,2,2026-05-30,3
8254,29,2,2026-05-30,3
8255,181,2,2026-05-30,1
8256,36,2,2026-05-30,2
8257,162,2,2026-05-30,2
8258,42,2,2026-05-30,3
8259,66,2,2026-05-30,1
8260,280,2,2026-05-31,2
8261,90,2,2026-05-31,1
8262,121,2,2026-05-31,4
8263,192,2,2026-05-31,3
8264,172,2,2026-05-31,2
8265,65,2,2026-05-31,7
8266,105,2,2026-05-31,1
8267,290,2,2026-05-31,3
8268,158,2,2026-05-31,1
8269,255,2,2026-05-31,1
8270,86,2,2026-05-31,7
8271,107,2,2026-05-31,3
8272,216,2,2026-05-31,3
8273,31,2,2026-05-31,1
8274,247,2,2026-05-31,1
8275,220,2,2026-05-31,2
8276,167,2,2026-05-31,2
8277,299,2,2026-05-31,1
8278,99,2,2026-06-01,7
8279,25,2,2026-06-01,3
8280,279,2,2026-06-01,6
8281,236,2,2026-06-01,9
8282,11,2,2026-06-01,6
8283,113,2,2026-06-01,7
8284,67,2,2026-06-01,1
8285,193,2,2026-06-01,9
8286,134,2,2026-06-01,7
8287,135,2,2026-06-01,4
8288,272,2,2026-06-01,5
8289,216,2,2026-06-01,5
8290,107,2,2026-06-01,6
8291,141,2,2026-06-01,5
8292,175,2,2026-06-01,1
8293,286,2,2026-06-01,6
8294,164,2,2026-06-01,5
8295,183,2,2026-06-01,4
8296,100,2,2026-06-01,7
8297,115,2,2026-06-01,3
8298,290,2,2026-06-01,4
8299,66,2,2026-06-01,4
8300,181,2,2026-06-01,4
8301,241,2,2026-06-01,3
8302,70,2,2026-06-01,4
8303,5,2,2026-06-01,6
8304,4,2,2026-06-01,8
8305,110,2,2026-06-01,5
8306,127,2,2026-06-01,3
8307,206,2,2026-06-01,2
8308,85,2,2026-06-01,8
8309,242,2,2026-06-01,4
8310,65,2,2026-06-01,9
8311,156,2,2026-06-01,3
8312,247,2,2026-06-02,1
8313,105,2,2026-06-02,3
8314,152,2,2026-06-02,4
8315,135,2,2026-06-02,9
8316,282,2,2026-06-02,3
8317,153,2,2026-06-02,4
8318,175,2,2026-06-02,6
8319,65,2,2026-06-02,5
8320,246,2,2026-06-02,5
8321,104,2,2026-06-02,1
8322,42,2,2026-06-02,3
8323,290,2,2026-06-02,5
8324,107,2,2026-06-02,4
8325,273,2,2026-06-02,5
8326,30,2,2026-06-02,6
8327,233,2,2026-06-02,3
8328,78,2,2026-06-02,3
8329,127,2,2026-06-02,3
8330,110,2,2026-06-02,3
8331,274,2,2026-06-02,1
8332,174,2,2026-06-02,4
8333,114,2,2026-06-02,5
8334,164,2,2026-06-02,2
8335,145,2,2026-06-02,5
8336,113,2,2026-06-02,7
8337,129,2,2026-06-02,4
8338,36,2,2026-06-02,6
8339,255,2,2026-06-02,5
8340,170,2,2026-06-02,4
8341,29,2,2026-06-02,5
8342,55,2,2026-06-02,3
8343,176,2,2026-06-02,6
8344,284,2,2026-06-02,8
8345,228,2,2026-06-02,3
8346,132,2,2026-06-02,4
8347,167,2,2026-06-02,5
8348,121,2,2026-06-02,5
8349,107,2,2026-06-03,5
8350,200,2,2026-06-03,5
8351,131,2,2026-06-03,7
8352,110,2,2026-06-03,3
8353,11,2,2026-06-03,4
8354,127,2,2026-06-03,5
8355,257,2,2026-06-03,2
8356,282,2,2026-06-03,3
8357,128,2,2026-06-03,7
8358,157,2,2026-06-03,6
8359,85,2,2026-06-03,8
8360,31,2,2026-06-03,10
8361,226,2,2026-06-03,8
8362,206,2,2026-06-03,8
8363,255,2,2026-06-03,5
8364,8,2,2026-06-03,4
8365,24,2,2026-06-03,6
8366,160,2,2026-06-03,7
8367,152,2,2026-06-03,4
8368,42,2,2026-06-03,5
8369,21,2,2026-06-03,2
8370,86,2,2026-06-03,7
8371,299,2,2026-06-03,11
8372,4,2,2026-06-03,3
8373,36,2,2026-06-03,4
8374,5,2,2026-06-03,6
8375,26,2,2026-06-03,2
8376,247,2,2026-06-03,7
8377,65,2,2026-06-03,2
8378,141,2,2026-06-03,8
8379,225,2,2026-06-03,5
8380,210,2,2026-06-03,11
8381,177,2,2026-06-03,6
8382,194,2,2026-06-03,2
8383,156,2,2026-06-03,7
8384,100,2,2026-06-03,6
8385,204,2,2026-06-03,4
8386,114,2,2026-06-03,7
8387,183,2,2026-06-04,8
8388,12,2,2026-06-04,5
8389,279,2,2026-06-04,8
8390,30,2,2026-06-04,7
8391,65,2,2026-06-04,8
8392,148,2,2026-06-04,6
8393,241,2,2026-06-04,4
8394,19,2,2026-06-04,5
8395,223,2,2026-06-04,3
8396,177,2,2026-06-04,3
8397,160,2,2026-06-04,8
8398,228,2,2026-06-04,6
8399,128,2,2026-06-04,7
8400,78,2,2026-06-04,5
8401,200,2,2026-06-04,5
8402,194,2,2026-06-04,10
8403,54,2,2026-06-04,3
8404,193,2,2026-06-04,4
8405,78,2,2026-06-05,3
8406,210,2,2026-06-05,1
8407,164,2,2026-06-05,2
8408,167,2,2026-06-05,4
8409,70,2,2026-06-05,10
8410,284,2,2026-06-05,7
8411,236,2,2026-06-05,4
8412,225,2,2026-06-05,1
8413,282,2,2026-06-05,3
8414,110,2,2026-06-05,4
8415,161,2,2026-06-05,7
8416,121,2,2026-06-05,6
8417,185,2,2026-06-05,6
8418,107,2,2026-06-05,7
8419,135,2,2026-06-05,7
8420,286,2,2026-06-05,5
8421,176,2,2026-06-05,5
8422,177,2,2026-06-05,4
8423,99,2,2026-06-05,6
8424,131,2,2026-06-06,1
8425,152,2,2026-06-06,4
8426,113,2,2026-06-06,1
8427,26,2,2026-06-06,3
8428,36,2,2026-06-06,2
8429,176,2,2026-06-06,1
8430,85,2,2026-06-06,2
8431,206,2,2026-06-06,3
8432,202,2,2026-06-06,1
8433,107,2,2026-06-06,1
8434,105,2,2026-06-06,2
8435,75,2,2026-06-06,1
8436,185,2,2026-06-06,1
8437,294,2,2026-06-06,2
8438,194,2,2026-06-06,1
8439,5,2,2026-06-06,1
8440,107,2,2026-06-07,3
8441,192,2,2026-06-07,4
8442,226,2,2026-06-07,5
8443,176,2,2026-06-07,3
8444,85,2,2026-06-07,3
8445,24,2,2026-06-07,5
8446,294,2,2026-06-07,1
8447,155,2,2026-06-07,2
8448,177,2,2026-06-07,1
8449,131,2,2026-06-07,1
8450,110,2,2026-06-07,2
8451,257,2,2026-06-07,2
8452,185,2,2026-06-07,3
8453,42,2,2026-06-07,2
8454,267,2,2026-06-07,1
8455,67,2,2026-06-07,3
8456,247,2,2026-06-07,3
8457,153,2,2026-06-08,6
8458,24,2,2026-06-08,4
8459,107,2,2026-06-08,10
8460,247,2,2026-06-08,5
8461,160,2,2026-06-08,7
8462,280,2,2026-06-08,4
8463,192,2,2026-06-08,8
8464,215,2,2026-06-08,3
8465,156,2,2026-06-08,3
8466,127,2,2026-06-08,3
8467,220,2,2026-06-08,5
8468,72,2,2026-06-08,9
8469,181,2,2026-06-08,1
8470,12,2,2026-06-08,9
8471,135,2,2026-06-08,5
8472,92,2,2026-06-08,2
8473,85,2,2026-06-08,7
8474,11,2,2026-06-08,4
8475,66,2,2026-06-08,4
8476,134,2,2026-06-08,5
8477,78,2,2026-06-08,5
8478,36,2,2026-06-08,9
8479,152,2,2026-06-08,8
8480,273,2,2026-06-08,3
8481,172,2,2026-06-08,5
8482,216,2,2026-06-08,2
8483,164,2,2026-06-08,5
8484,14,2,2026-06-08,2
8485,286,2,2026-06-08,3
8486,155,2,2026-06-08,4
8487,29,2,2026-06-08,6
8488,85,2,2026-06-09,10
8489,153,2,2026-06-09,6
8490,164,2,2026-06-09,10
8491,104,2,2026-06-09,6
8492,115,2,2026-06-09,6
8493,242,2,2026-06-09,4
8494,267,2,2026-06-09,7
8495,152,2,2026-06-09,5
8496,42,2,2026-06-09,4
8497,202,2,2026-06-09,4
8498,226,2,2026-06-09,6
8499,36,2,2026-06-09,2
8500,4,2,2026-06-09,6
8501,132,2,2026-06-09,7
8502,204,2,2026-06-09,4
8503,5,2,2026-06-09,5
8504,290,2,2026-06-09,8
8505,284,2,2026-06-09,5
8506,90,2,2026-06-09,8
8507,282,2,2026-06-09,4
8508,220,2,2026-06-09,7
8509,92,2,2026-06-10,5
8510,100,2,2026-06-10,8
8511,236,2,2026-06-10,5
8512,273,2,2026-06-10,7
8513,231,2,2026-06-10,5
8514,24,2,2026-06-10,6
8515,282,2,2026-06-10,3
8516,26,2,2026-06-10,1
8517,220,2,2026-06-10,4
8518,4,2,2026-06-10,2
8519,161,2,2026-06-10,9
8520,153,2,2026-06-10,3
8521,247,2,2026-06-10,4
8522,167,2,2026-06-10,7
8523,86,2,2026-06-10,3
8524,226,2,2026-06-10,6
8525,113,2,2026-06-10,7
8526,5,2,2026-06-10,4
8527,127,2,2026-06-10,3
8528,260,2,2026-06-10,6
8529,176,2,2026-06-10,6
8530,202,2,2026-06-10,6
8531,255,2,2026-06-10,4
8532,127,2,2026-06-11,7
8533,157,2,2026-06-11,4
8534,100,2,2026-06-11,7
8535,200,2,2026-06-11,3
8536,128,2,2026-06-11,8
8537,185,2,2026-06-11,5
8538,11,2,2026-06-11,3
8539,26,2,2026-06-11,4
8540,21,2,2026-06-11,6
8541,279,2,2026-06-11,7
8542,104,2,2026-06-11,4
8543,141,2,2026-06-11,3
8544,177,2,2026-06-11,2
8545,284,2,2026-06-11,5
8546,29,2,2026-06-11,5
8547,67,2,2026-06-11,7
8548,236,2,2026-06-11,2
8549,233,2,2026-06-11,2
8550,121,2,2026-06-11,6
8551,226,2,2026-06-11,7
8552,145,2,2026-06-11,3
8553,210,2,2026-06-11,3
8554,181,2,2026-06-11,9
8555,132,2,2026-06-11,5
8556,4,2,2026-06-11,9
8557,152,2,2026-06-11,9
8558,192,2,2026-06-11,5
8559,14,2,2026-06-11,7
8560,114,2,2026-06-11,5
8561,246,2,2026-06-12,8
8562,31,2,2026-06-12,4
8563,226,2,2026-06-12,3
8564,24,2,2026-06-12,3
8565,157,2,2026-06-12,6
8566,21,2,2026-06-12,5
8567,192,2,2026-06-12,2
8568,167,2,2026-06-12,4
8569,161,2,2026-06-12,2
8570,127,2,2026-06-12,8
8571,135,2,2026-06-12,7
8572,284,2,2026-06-12,7
8573,72,2,2026-06-12,1
8574,255,2,2026-06-12,9
8575,273,2,2026-06-12,3
8576,30,2,2026-06-12,6
8577,78,2,2026-06-12,3
8578,156,2,2026-06-12,4
8579,285,2,2026-06-12,3
8580,5,2,2026-06-12,3
8581,215,2,2026-06-12,3
8582,107,2,2026-06-12,6
8583,105,2,2026-06-12,3
8584,55,2,2026-06-12,3
8585,236,2,2026-06-12,5
8586,202,2,2026-06-13,1
8587,223,2,2026-06-13,1
8588,226,2,2026-06-13,2
8589,162,2,2026-06-13,3
8590,30,2,2026-06-13,1
8591,128,2,2026-06-13,2
8592,284,2,2026-06-13,2
8593,75,2,2026-06-13,1
8594,129,2,2026-06-13,2
8595,29,2,2026-06-13,3
8596,204,2,2026-06-13,1
8597,236,2,2026-06-13,1
8598,257,2,2026-06-13,2
8599,299,2,2026-06-13,2
8600,42,2,2026-06-13,1
8601,115,2,2026-06-13,3
8602,231,2,2026-06-13,1
8603,113,2,2026-06-13,1
8604,11,2,2026-06-13,2
8605,167,2,2026-06-13,1
8606,5,2,2026-06-13,2
8607,174,2,2026-06-13,5
8608,255,2,2026-06-13,2
8609,148,2,2026-06-13,6
8610,286,2,2026-06-13,4
8611,121,2,2026-06-13,1
8612,294,2,2026-06-13,2
8613,175,2,2026-06-13,2
8614,141,2,2026-06-13,2
8615,153,2,2026-06-13,3
8616,114,2,2026-06-13,1
8617,210,2,2026-06-14,1
8618,8,2,2026-06-14,1
8619,241,2,2026-06-14,4
8620,299,2,2026-06-14,1
8621,67,2,2026-06-14,4
8622,154,2,2026-06-14,4
8623,104,2,2026-06-14,3
8624,282,2,2026-06-14,2
8625,105,2,2026-06-14,4
8626,181,2,2026-06-14,1
8627,156,2,2026-06-14,1
8628,110,2,2026-06-14,2
8629,115,2,2026-06-14,4
8630,260,2,2026-06-14,2
8631,26,2,2026-06-14,3
8632,131,2,2026-06-14,4
8633,223,2,2026-06-14,1
8634,25,2,2026-06-14,2
8635,164,2,2026-06-14,2
8636,90,2,2026-06-14,3
8637,290,2,2026-06-14,4
8638,141,2,2026-06-14,4
8639,31,2,2026-06-15,9
8640,279,2,2026-06-15,6
8641,141,2,2026-06-15,4
8642,285,2,2026-06-15,9
8643,193,2,2026-06-15,4
8644,121,2,2026-06-15,3
8645,157,2,2026-06-15,9
8646,15,2,2026-06-15,8
8647,127,2,2026-06-15,5
8648,174,2,2026-06-15,8
8649,21,2,2026-06-15,4
8650,86,2,2026-06-15,5
8651,114,2,2026-06-15,4
8652,72,2,2026-06-15,1
8653,257,2,2026-06-15,6
8654,70,2,2026-06-15,7
8655,152,2,2026-06-15,6
8656,134,2,2026-06-15,3
8657,183,2,2026-06-15,5
8658,247,2,2026-06-15,3
8659,267,2,2026-06-15,5
8660,274,2,2026-06-16,9
8661,193,2,2026-06-16,4
8662,4,2,2026-06-16,2
8663,129,2,2026-06-16,4
8664,170,2,2026-06-16,4
8665,12,2,2026-06-16,9
8666,95,2,2026-06-16,2
8667,267,2,2026-06-16,7
8668,15,2,2026-06-16,2
8669,175,2,2026-06-16,4
8670,194,2,2026-06-16,2
8671,153,2,2026-06-16,7
8672,145,2,2026-06-16,2
8673,42,2,2026-06-16,1
8674,132,2,2026-06-16,3
8675,228,2,2026-06-17,5
8676,26,2,2026-06-17,10
8677,19,2,2026-06-17,6
8678,145,2,2026-06-17,3
8679,210,2,2026-06-17,6
8680,141,2,2026-06-17,3
8681,290,2,2026-06-17,1
8682,42,2,2026-06-17,6
8683,12,2,2026-06-17,10
8684,105,2,2026-06-17,7
8685,153,2,2026-06-17,6
8686,148,2,2026-06-17,3
8687,54,2,2026-06-17,5
8688,279,2,2026-06-17,3
8689,15,2,2026-06-17,1
8690,183,2,2026-06-17,4
8691,30,2,2026-06-17,4
8692,152,2,2026-06-17,5
8693,78,2,2026-06-17,1
8694,132,2,2026-06-17,5
8695,280,2,2026-06-17,9
8696,104,2,2026-06-17,3
8697,160,2,2026-06-17,3
8698,113,2,2026-06-17,7
8699,155,2,2026-06-17,3
8700,156,2,2026-06-17,3
8701,223,2,2026-06-17,10
8702,273,2,2026-06-17,3
8703,19,2,2026-06-18,7
8704,299,2,2026-06-18,6
8705,105,2,2026-06-18,7
8706,104,2,2026-06-18,8
8707,257,2,2026-06-18,1
8708,200,2,2026-06-18,3
8709,92,2,2026-06-18,2
8710,78,2,2026-06-18,2
8711,155,2,2026-06-18,1
8712,255,2,2026-06-18,5
8713,135,2,2026-06-18,4
8714,85,2,2026-06-18,5
8715,226,2,2026-06-18,4
8716,158,2,2026-06-18,5
8717,210,2,2026-06-18,5
8718,152,2,2026-06-18,7
8719,282,2,2026-06-18,6
8720,181,2,2026-06-18,4
8721,233,2,2026-06-18,2
8722,86,2,2026-06-18,4
8723,154,2,2026-06-18,3
8724,202,2,2026-06-18,4
8725,30,2,2026-06-18,3
8726,100,2,2026-06-19,5
8727,85,2,2026-06-19,4
8728,294,2,2026-06-19,1
8729,176,2,2026-06-19,2
8730,225,2,2026-06-19,4
8731,114,2,2026-06-19,4
8732,204,2,2026-06-19,2
8733,132,2,2026-06-19,9
8734,161,2,2026-06-19,3
8735,29,2,2026-06-19,5
8736,280,2,2026-06-19,5
8737,192,2,2026-06-19,5
8738,11,2,2026-06-19,4
8739,70,2,2026-06-19,1
8740,131,2,2026-06-19,5
8741,19,2,2026-06-19,3
8742,257,2,2026-06-19,5
8743,90,2,2026-06-19,1
8744,267,2,2026-06-19,8
8745,115,2,2026-06-19,2
8746,95,2,2026-06-19,7
8747,78,2,2026-06-19,3
8748,104,2,2026-06-19,8
8749,128,2,2026-06-19,5
8750,272,2,2026-06-19,5
8751,257,2,2026-06-20,1
8752,226,2,2026-06-20,5
8753,194,2,2026-06-20,1
8754,107,2,2026-06-20,2
8755,42,2,2026-06-20,1
8756,113,2,2026-06-20,3
8757,242,2,2026-06-20,1
8758,160,2,2026-06-20,3
8759,223,2,2026-06-20,2
8760,161,2,2026-06-20,2
8761,90,2,2026-06-20,1
8762,228,2,2026-06-20,1
8763,284,2,2026-06-20,1
8764,36,2,2026-06-20,3
8765,114,2,2026-06-20,1
8766,156,2,2026-06-21,1
8767,255,2,2026-06-21,4
8768,72,2,2026-06-21,5
8769,70,2,2026-06-21,1
8770,257,2,2026-06-21,2
8771,204,2,2026-06-21,4
8772,36,2,2026-06-21,1
8773,131,2,2026-06-21,1
8774,176,2,2026-06-21,1
8775,110,2,2026-06-21,3
8776,145,2,2026-06-21,4
8777,157,2,2026-06-21,3
8778,192,2,2026-06-21,3
8779,223,2,2026-06-22,3
8780,290,2,2026-06-22,4
8781,174,2,2026-06-22,2
8782,155,2,2026-06-22,6
8783,14,2,2026-06-22,3
8784,105,2,2026-06-22,11
8785,128,2,2026-06-22,7
8786,21,2,2026-06-22,6
8787,70,2,2026-06-22,9
8788,99,2,2026-06-22,8
8789,54,2,2026-06-22,4
8790,85,2,2026-06-22,5
8791,260,2,2026-06-22,6
8792,145,2,2026-06-22,5
8793,162,2,2026-06-22,6
8794,267,2,2026-06-22,4
8795,175,2,2026-06-22,9
8796,220,2,2026-06-22,4
8797,4,2,2026-06-22,9
8798,216,2,2026-06-22,5
8799,148,2,2026-06-22,5
8800,114,2,2026-06-22,7
8801,31,2,2026-06-22,5
8802,157,2,2026-06-22,9
8803,255,2,2026-06-22,3
8804,156,2,2026-06-22,5
8805,257,2,2026-06-22,6
8806,282,2,2026-06-22,6
8807,158,2,2026-06-22,5
8808,185,2,2026-06-22,6
8809,134,2,2026-06-22,6
8810,272,2,2026-06-22,4
8811,176,2,2026-06-22,7
8812,90,2,2026-06-22,9
8813,167,2,2026-06-22,4
8814,5,2,2026-06-22,6
8815,127,2,2026-06-22,9
8816,78,2,2026-06-22,4
8817,193,2,2026-06-22,2
8818,202,2,2026-06-23,2
8819,285,2,2026-06-23,3
8820,290,2,2026-06-23,5
8821,145,2,2026-06-23,9
8822,255,2,2026-06-23,5
8823,85,2,2026-06-23,3
8824,210,2,2026-06-23,5
8825,70,2,2026-06-23,8
8826,194,2,2026-06-23,5
8827,225,2,2026-06-23,3
8828,267,2,2026-06-23,5
8829,216,2,2026-06-23,3
8830,231,2,2026-06-23,10
8831,42,2,2026-06-23,5
8832,162,2,2026-06-23,4
8833,132,2,2026-06-23,4
8834,99,2,2026-06-23,4
8835,24,2,2026-06-23,4
8836,156,2,2026-06-23,5
8837,170,2,2026-06-23,3
8838,90,2,2026-06-23,5
8839,279,2,2026-06-23,3
8840,286,2,2026-06-23,4
8841,183,2,2026-06-23,6
8842,115,2,2026-06-24,6
8843,70,2,2026-06-24,3
8844,12,2,2026-06-24,6
8845,294,2,2026-06-24,3
8846,5,2,2026-06-24,7
8847,164,2,2026-06-24,8
8848,193,2,2026-06-24,3
8849,156,2,2026-06-24,2
8850,216,2,2026-06-24,3
8851,177,2,2026-06-24,8
8852,210,2,2026-06-24,7
8853,24,2,2026-06-24,3
8854,246,2,2026-06-24,3
8855,154,2,2026-06-24,2
8856,231,2,2026-06-24,1
8857,185,2,2026-06-24,8
8858,42,2,2026-06-24,4
8859,174,2,2026-06-24,5
8860,148,2,2026-06-24,6
8861,172,2,2026-06-24,5
8862,114,2,2026-06-24,5
8863,30,2,2026-06-24,2
8864,215,2,2026-06-24,5
8865,11,2,2026-06-24,5
8866,66,2,2026-06-24,3
8867,299,2,2026-06-24,5
8868,176,2,2026-06-24,1
8869,153,2,2026-06-24,3
8870,152,2,2026-06-24,6
8871,228,2,2026-06-24,7
8872,104,2,2026-06-24,3
8873,192,2,2026-06-24,3
8874,85,2,2026-06-24,5
8875,121,2,2026-06-24,7
8876,247,2,2026-06-24,4
8877,183,2,2026-06-24,5
8878,127,2,2026-06-24,3
8879,223,2,2026-06-24,8
8880,241,2,2026-06-24,4
8881,99,2,2026-06-25,5
8882,194,2,2026-06-25,5
8883,19,2,2026-06-25,3
8884,42,2,2026-06-25,5
8885,247,2,2026-06-25,6
8886,72,2,2026-06-25,3
8887,215,2,2026-06-25,3
8888,36,2,2026-06-25,1
8889,286,2,2026-06-25,5
8890,236,2,2026-06-25,1
8891,156,2,2026-06-25,4
8892,135,2,2026-06-25,8
8893,121,2,2026-06-25,8
8894,193,2,2026-06-25,5
8895,164,2,2026-06-25,6
8896,225,2,2026-06-25,5
8897,279,2,2026-06-25,4
8898,206,2,2026-06-25,4
8899,5,2,2026-06-25,3
8900,172,2,2026-06-25,5
8901,11,2,2026-06-25,3
8902,226,2,2026-06-25,7
8903,55,2,2026-06-25,6
8904,90,2,2026-06-25,9
8905,75,2,2026-06-25,6
8906,25,2,2026-06-25,5
8907,85,2,2026-06-25,6
8908,131,2,2026-06-25,3
8909,100,2,2026-06-25,6
8910,185,2,2026-06-25,6
8911,134,2,2026-06-25,6
8912,154,2,2026-06-25,8
8913,260,2,2026-06-25,5
8914,8,2,2026-06-26,5
8915,99,2,2026-06-26,5
8916,152,2,2026-06-26,4
8917,11,2,2026-06-26,7
8918,153,2,2026-06-26,4
8919,172,2,2026-06-26,3
8920,226,2,2026-06-26,10
8921,282,2,2026-06-26,1
8922,279,2,2026-06-26,7
8923,200,2,2026-06-26,4
8924,26,2,2026-06-26,3
8925,255,2,2026-06-26,7
8926,25,2,2026-06-26,7
8927,215,2,2026-06-26,5
8928,185,2,2026-06-26,6
8929,210,2,2026-06-26,4
8930,134,2,2026-06-26,8
8931,231,2,2026-06-26,5
8932,170,2,2026-06-26,6
8933,75,2,2026-06-26,7
8934,181,2,2026-06-26,9
8935,21,2,2026-06-26,5
8936,70,2,2026-06-26,9
8937,15,2,2026-06-26,7
8938,164,2,2026-06-26,5
8939,29,2,2026-06-26,3
8940,95,2,2026-06-26,9
8941,206,2,2026-06-26,4
8942,294,2,2026-06-26,5
8943,162,2,2026-06-26,1
8944,285,2,2026-06-26,5
8945,148,2,2026-06-26,4
8946,132,2,2026-06-26,6
8947,107,2,2026-06-26,2
8948,194,2,2026-06-26,6
8949,114,2,2026-06-26,8
8950,206,2,2026-06-27,2
8951,231,2,2026-06-27,2
8952,11,2,2026-06-27,4
8953,95,2,2026-06-27,1
8954,66,2,2026-06-27,1
8955,86,2,2026-06-27,4
8956,162,2,2026-06-27,2
8957,236,2,2026-06-27,1
8958,200,2,2026-06-27,1
8959,12,2,2026-06-27,2
8960,272,2,2026-06-27,2
8961,204,2,2026-06-27,2
8962,226,2,2026-06-27,5
8963,30,2,2026-06-27,2
8964,273,2,2026-06-27,3
8965,92,2,2026-06-27,2
8966,155,2,2026-06-27,1
8967,210,2,2026-06-28,1
8968,161,2,2026-06-28,3
8969,279,2,2026-06-28,2
8970,19,2,2026-06-28,2
8971,299,2,2026-06-28,6
8972,86,2,2026-06-28,3
8973,113,2,2026-06-28,1
8974,154,2,2026-06-28,3
8975,156,2,2026-06-28,2
8976,135,2,2026-06-28,1
8977,272,2,2026-06-28,1
8978,285,2,2026-06-28,1
8979,90,2,2026-06-28,1
8980,177,2,2026-06-28,3
8981,4,2,2026-06-28,1
8982,282,2,2026-06-28,1
8983,185,2,2026-06-28,4
8984,236,2,2026-06-28,1
8985,21,2,2026-06-28,4
8986,223,2,2026-06-28,3
8987,192,2,2026-06-28,1
8988,26,2,2026-06-28,1
8989,241,2,2026-06-29,7
8990,170,2,2026-06-29,5
8991,202,2,2026-06-29,6
8992,192,2,2026-06-29,7
8993,92,2,2026-06-29,5
8994,78,2,2026-06-29,5
8995,255,2,2026-06-29,8
8996,228,2,2026-06-29,2
8997,132,2,2026-06-29,2
8998,148,2,2026-06-29,2
8999,8,2,2026-06-29,9
9000,30,2,2026-06-29,7
9001,24,2,2026-06-29,5
9002,134,2,2026-06-29,5
9003,294,2,2026-06-29,6
9004,21,2,2026-06-29,3
9005,260,2,2026-06-29,3
9006,113,2,2026-06-29,6
9007,223,2,2026-06-29,4
9008,145,2,2026-06-29,7
9009,231,2,2026-06-29,4
9010,285,2,2026-06-29,4
9011,26,2,2026-06-29,4
9012,233,2,2026-06-29,4
9013,267,2,2026-06-29,3
9014,274,2,2026-06-29,4
9015,15,2,2026-06-29,6
9016,105,2,2026-06-29,2
9017,107,2,2026-06-29,6
9018,273,2,2026-06-29,7
9019,153,2,2026-06-29,5
9020,183,2,2026-06-29,4
9021,257,2,2026-06-29,1
9022,72,2,2026-06-29,7
9023,86,2,2026-06-29,2
9024,185,2,2026-06-29,4
9025,290,2,2026-06-29,6
9026,162,2,2026-06-29,1
9027,114,2,2026-06-29,9
9028,65,3,2026-01-01,4
9029,32,3,2026-01-01,2
9030,83,3,2026-01-01,1
9031,258,3,2026-01-01,1
9032,24,3,2026-01-01,3
9033,249,3,2026-01-01,1
9034,133,3,2026-01-01,2
9035,298,3,2026-01-01,1
9036,135,3,2026-01-01,2
9037,211,3,2026-01-01,2
9038,119,3,2026-01-01,1
9039,85,3,2026-01-01,4
9040,212,3,2026-01-01,2
9041,38,3,2026-01-01,1
9042,67,3,2026-01-01,4
9043,154,3,2026-01-01,2
9044,62,3,2026-01-01,2
9045,214,3,2026-01-01,4
9046,48,3,2026-01-01,1
9047,197,3,2026-01-01,3
9048,109,3,2026-01-01,2
9049,214,3,2026-01-02,4
9050,154,3,2026-01-02,7
9051,128,3,2026-01-02,2
9052,78,3,2026-01-02,2
9053,83,3,2026-01-02,2
9054,24,3,2026-01-02,2
9055,131,3,2026-01-02,2
9056,298,3,2026-01-02,2
9057,242,3,2026-01-02,1
9058,48,3,2026-01-02,5
9059,196,3,2026-01-02,2
9060,75,3,2026-01-02,1
9061,47,3,2026-01-02,3
9062,15,3,2026-01-02,1
9063,230,3,2026-01-02,3
9064,66,3,2026-01-02,2
9065,182,3,2026-01-02,1
9066,59,3,2026-01-02,2
9067,68,3,2026-01-02,2
9068,32,3,2026-01-02,4
9069,79,3,2026-01-02,3
9070,197,3,2026-01-02,3
9071,44,3,2026-01-02,2
9072,110,3,2026-01-02,3
9073,244,3,2026-01-02,4
9074,201,3,2026-01-02,1
9075,212,3,2026-01-02,3
9076,109,3,2026-01-02,2
9077,116,3,2026-01-02,1
9078,164,3,2026-01-03,1
9079,110,3,2026-01-03,1
9080,38,3,2026-01-03,2
9081,6,3,2026-01-03,2
9082,287,3,2026-01-03,2
9083,4,3,2026-01-03,1
9084,196,3,2026-01-03,3
9085,119,3,2026-01-03,1
9086,143,3,2026-01-03,2
9087,216,3,2026-01-03,1
9088,285,3,2026-01-03,2
9089,242,3,2026-01-03,1
9090,255,3,2026-01-03,1
9091,26,3,2026-01-03,1
9092,228,3,2026-01-03,1
9093,44,3,2026-01-03,1
9094,104,3,2026-01-03,1
9095,211,3,2026-01-03,1
9096,59,3,2026-01-04,3
9097,84,3,2026-01-04,4
9098,44,3,2026-01-04,2
9099,154,3,2026-01-04,2
9100,147,3,2026-01-04,1
9101,119,3,2026-01-04,2
9102,39,3,2026-01-04,1
9103,167,3,2026-01-04,1
9104,48,3,2026-01-04,1
9105,164,3,2026-01-04,1
9106,211,3,2026-01-04,1
9107,85,3,2026-01-05,1
9108,7,3,2026-01-05,3
9109,133,3,2026-01-05,5
9110,32,3,2026-01-05,1
9111,182,3,2026-01-05,2
9112,17,3,2026-01-05,3
9113,164,3,2026-01-05,3
9114,201,3,2026-01-05,3
9115,119,3,2026-01-05,3
9116,252,3,2026-01-05,1
9117,110,3,2026-01-05,1
9118,116,3,2026-01-05,2
9119,216,3,2026-01-06,4
9120,71,3,2026-01-06,3
9121,62,3,2026-01-06,2
9122,47,3,2026-01-06,3
9123,119,3,2026-01-06,6
9124,212,3,2026-01-06,2
9125,155,3,2026-01-06,3
9126,110,3,2026-01-06,3
9127,109,3,2026-01-06,3
9128,252,3,2026-01-06,2
9129,7,3,2026-01-06,3
9130,38,3,2026-01-06,1
9131,66,3,2026-01-06,1
9132,85,3,2026-01-06,1
9133,26,3,2026-01-06,2
9134,181,3,2026-01-06,1
9135,15,3,2026-01-07,1
9136,216,3,2026-01-07,3
9137,182,3,2026-01-07,3
9138,74,3,2026-01-07,1
9139,135,3,2026-01-07,2
9140,44,3,2026-01-07,4
9141,154,3,2026-01-07,3
9142,24,3,2026-01-07,6
9143,116,3,2026-01-07,1
9144,252,3,2026-01-07,2
9145,26,3,2026-01-07,1
9146,204,3,2026-01-07,2
9147,48,3,2026-01-07,1
9148,68,3,2026-01-07,9
9149,109,3,2026-01-07,3
9150,258,3,2026-01-07,2
9151,103,3,2026-01-07,1
9152,131,3,2026-01-07,2
9153,178,3,2026-01-07,5
9154,287,3,2026-01-07,2
9155,164,3,2026-01-07,2
9156,128,3,2026-01-07,2
9157,211,3,2026-01-07,2
9158,255,3,2026-01-07,2
9159,32,3,2026-01-08,1
9160,38,3,2026-01-08,4
9161,119,3,2026-01-08,5
9162,204,3,2026-01-08,1
9163,26,3,2026-01-08,1
9164,84,3,2026-01-08,4
9165,15,3,2026-01-08,3
9166,48,3,2026-01-08,2
9167,59,3,2026-01-08,3
9168,244,3,2026-01-08,2
9169,214,3,2026-01-08,3
9170,218,3,2026-01-08,2
9171,104,3,2026-01-08,4
9172,133,3,2026-01-08,1
9173,7,3,2026-01-08,1
9174,127,3,2026-01-08,1
9175,211,3,2026-01-08,3
9176,255,3,2026-01-08,1
9177,202,3,2026-01-08,5
9178,181,3,2026-01-08,3
9179,131,3,2026-01-08,2
9180,196,3,2026-01-08,2
9181,167,3,2026-01-08,2
9182,252,3,2026-01-08,1
9183,109,3,2026-01-09,3
9184,26,3,2026-01-09,1
9185,211,3,2026-01-09,1
9186,38,3,2026-01-09,1
9187,4,3,2026-01-09,3
9188,167,3,2026-01-09,2
9189,85,3,2026-01-09,2
9190,147,3,2026-01-09,3
9191,216,3,2026-01-09,2
9192,67,3,2026-01-09,2
9193,65,3,2026-01-09,3
9194,75,3,2026-01-09,2
9195,24,3,2026-01-09,6
9196,181,3,2026-01-09,4
9197,182,3,2026-01-10,3
9198,178,3,2026-01-10,2
9199,228,3,2026-01-10,1
9200,255,3,2026-01-10,2
9201,68,3,2026-01-10,1
9202,196,3,2026-01-10,1
9203,197,3,2026-01-10,2
9204,204,3,2026-01-10,2
9205,32,3,2026-01-10,1
9206,48,3,2026-01-10,2
9207,104,3,2026-01-10,1
9208,131,3,2026-01-10,1
9209,287,3,2026-01-10,1
9210,244,3,2026-01-10,1
9211,15,3,2026-01-10,2
9212,182,3,2026-01-11,1
9213,214,3,2026-01-11,1
9214,167,3,2026-01-11,3
9215,44,3,2026-01-11,1
9216,128,3,2026-01-11,1
9217,228,3,2026-01-11,2
9218,216,3,2026-01-11,1
9219,51,3,2026-01-11,2
9220,74,3,2026-01-11,1
9221,164,3,2026-01-11,1
9222,78,3,2026-01-11,2
9223,131,3,2026-01-11,1
9224,85,3,2026-01-11,2
9225,65,3,2026-01-12,1
9226,258,3,2026-01-12,4
9227,15,3,2026-01-12,3
9228,84,3,2026-01-12,4
9229,66,3,2026-01-12,2
9230,287,3,2026-01-12,1
9231,47,3,2026-01-12,1
9232,67,3,2026-01-12,2
9233,298,3,2026-01-12,1
9234,167,3,2026-01-12,1
9235,85,3,2026-01-12,3
9236,154,3,2026-01-12,3
9237,218,3,2026-01-12,5
9238,75,3,2026-01-12,1
9239,127,3,2026-01-12,2
9240,83,3,2026-01-12,1
9241,226,3,2026-01-12,3
9242,285,3,2026-01-12,3
9243,4,3,2026-01-12,1
9244,104,3,2026-01-12,6
9245,155,3,2026-01-12,2
9246,6,3,2026-01-12,3
9247,181,3,2026-01-12,2
9248,131,3,2026-01-13,7
9249,216,3,2026-01-13,5
9250,197,3,2026-01-13,3
9251,201,3,2026-01-13,3
9252,104,3,2026-01-13,3
9253,51,3,2026-01-13,3
9254,182,3,2026-01-13,1
9255,66,3,2026-01-13,4
9256,24,3,2026-01-13,3
9257,154,3,2026-01-13,3
9258,181,3,2026-01-13,3
9259,244,3,2026-01-13,1
9260,119,3,2026-01-13,2
9261,71,3,2026-01-13,5
9262,79,3,2026-01-13,4
9263,103,3,2026-01-14,1
9264,24,3,2026-01-14,1
9265,298,3,2026-01-14,1
9266,65,3,2026-01-14,4
9267,131,3,2026-01-14,3
9268,258,3,2026-01-14,3
9269,127,3,2026-01-14,3
9270,214,3,2026-01-14,3
9271,216,3,2026-01-14,3
9272,116,3,2026-01-14,1
9273,74,3,2026-01-14,2
9274,83,3,2026-01-14,2
9275,128,3,2026-01-14,4
9276,155,3,2026-01-14,5
9277,164,3,2026-01-14,3
9278,244,3,2026-01-14,6
9279,67,3,2026-01-14,1
9280,182,3,2026-01-14,1
9281,104,3,2026-01-14,3
9282,109,3,2026-01-14,3
9283,66,3,2026-01-14,5
9284,230,3,2026-01-15,5
9285,83,3,2026-01-15,1
9286,135,3,2026-01-15,3
9287,147,3,2026-01-15,1
9288,298,3,2026-01-15,3
9289,7,3,2026-01-15,1
9290,201,3,2026-01-15,2
9291,39,3,2026-01-15,2
9292,167,3,2026-01-15,3
9293,204,3,2026-01-15,3
9294,212,3,2026-01-15,1
9295,133,3,2026-01-15,2
9296,84,3,2026-01-15,2
9297,143,3,2026-01-15,2
9298,44,3,2026-01-15,7
9299,181,3,2026-01-15,2
9300,67,3,2026-01-15,3
9301,214,3,2026-01-15,1
9302,79,3,2026-01-15,1
9303,26,3,2026-01-15,1
9304,258,3,2026-01-15,4
9305,242,3,2026-01-15,1
9306,109,3,2026-01-15,1
9307,6,3,2026-01-15,3
9308,178,3,2026-01-15,3
9309,249,3,2026-01-15,5
9310,244,3,2026-01-15,2
9311,74,3,2026-01-15,2
9312,164,3,2026-01-15,1
9313,116,3,2026-01-15,2
9314,218,3,2026-01-15,1
9315,255,3,2026-01-15,1
9316,17,3,2026-01-15,3
9317,226,3,2026-01-15,3
9318,287,3,2026-01-15,4
9319,32,3,2026-01-15,1
9320,133,3,2026-01-16,5
9321,39,3,2026-01-16,5
9322,48,3,2026-01-16,3
9323,143,3,2026-01-16,1
9324,104,3,2026-01-16,3
9325,258,3,2026-01-16,1
9326,167,3,2026-01-16,3
9327,249,3,2026-01-16,3
9328,59,3,2026-01-16,1
9329,47,3,2026-01-16,1
9330,6,3,2026-01-16,4
9331,252,3,2026-01-16,2
9332,255,3,2026-01-16,2
9333,135,3,2026-01-16,2
9334,127,3,2026-01-16,2
9335,4,3,2026-01-16,2
9336,155,3,2026-01-16,2
9337,65,3,2026-01-16,3
9338,44,3,2026-01-16,2
9339,228,3,2026-01-16,2
9340,15,3,2026-01-17,1
9341,104,3,2026-01-17,1
9342,39,3,2026-01-17,1
9343,212,3,2026-01-17,2
9344,135,3,2026-01-17,2
9345,84,3,2026-01-17,3
9346,214,3,2026-01-17,1
9347,143,3,2026-01-17,1
9348,249,3,2026-01-17,1
9349,218,3,2026-01-17,1
9350,24,3,2026-01-17,3
9351,103,3,2026-01-17,1
9352,65,3,2026-01-17,1
9353,155,3,2026-01-17,1
9354,298,3,2026-01-17,1
9355,66,3,2026-01-17,3
9356,119,3,2026-01-17,1
9357,78,3,2026-01-17,1
9358,51,3,2026-01-17,3
9359,48,3,2026-01-17,1
9360,164,3,2026-01-17,1
9361,48,3,2026-01-18,1
9362,230,3,2026-01-18,1
9363,78,3,2026-01-18,1
9364,51,3,2026-01-18,1
9365,62,3,2026-01-18,1
9366,228,3,2026-01-18,2
9367,164,3,2026-01-18,3
9368,15,3,2026-01-18,1
9369,285,3,2026-01-18,1
9370,32,3,2026-01-18,1
9371,197,3,2026-01-18,1
9372,66,3,2026-01-18,3
9373,143,3,2026-01-18,1
9374,6,3,2026-01-18,2
9375,84,3,2026-01-18,1
9376,75,3,2026-01-18,2
9377,204,3,2026-01-18,1
9378,133,3,2026-01-18,1
9379,216,3,2026-01-18,2
9380,211,3,2026-01-19,1
9381,74,3,2026-01-19,4
9382,201,3,2026-01-19,3
9383,6,3,2026-01-19,4
9384,15,3,2026-01-19,3
9385,79,3,2026-01-19,2
9386,216,3,2026-01-19,2
9387,131,3,2026-01-19,3
9388,110,3,2026-01-19,1
9389,17,3,2026-01-19,3
9390,48,3,2026-01-19,1
9391,204,3,2026-01-19,2
9392,32,3,2026-01-19,2
9393,127,3,2026-01-19,2
9394,244,3,2026-01-19,1
9395,212,3,2026-01-19,6
9396,47,3,2026-01-19,4
9397,116,3,2026-01-19,1
9398,135,3,2026-01-19,3
9399,181,3,2026-01-19,4
9400,83,3,2026-01-19,2
9401,228,3,2026-01-19,1
9402,197,3,2026-01-19,4
9403,196,3,2026-01-19,2
9404,249,3,2026-01-19,2
9405,85,3,2026-01-19,2
9406,255,3,2026-01-19,1
9407,62,3,2026-01-19,1
9408,24,3,2026-01-19,2
9409,104,3,2026-01-19,2
9410,147,3,2026-01-19,2
9411,252,3,2026-01-20,2
9412,196,3,2026-01-20,2
9413,197,3,2026-01-20,5
9414,71,3,2026-01-20,3
9415,85,3,2026-01-20,2
9416,131,3,2026-01-20,1
9417,84,3,2026-01-20,2
9418,38,3,2026-01-20,4
9419,83,3,2026-01-20,1
9420,155,3,2026-01-20,3
9421,128,3,2026-01-20,1
9422,181,3,2026-01-20,2
9423,212,3,2026-01-20,3
9424,44,3,2026-01-20,1
9425,143,3,2026-01-20,2
9426,68,3,2026-01-20,4
9427,249,3,2026-01-20,1
9428,65,3,2026-01-20,2
9429,287,3,2026-01-20,6
9430,66,3,2026-01-20,2
9431,4,3,2026-01-20,3
9432,79,3,2026-01-20,3
9433,127,3,2026-01-20,4
9434,154,3,2026-01-20,3
9435,104,3,2026-01-20,2
9436,75,3,2026-01-20,2
9437,32,3,2026-01-20,1
9438,255,3,2026-01-20,2
9439,258,3,2026-01-21,2
9440,15,3,2026-01-21,1
9441,68,3,2026-01-21,4
9442,228,3,2026-01-21,2
9443,226,3,2026-01-21,3
9444,181,3,2026-01-21,2
9445,71,3,2026-01-21,4
9446,242,3,2026-01-21,1
9447,212,3,2026-01-21,4
9448,79,3,2026-01-21,4
9449,197,3,2026-01-21,2
9450,26,3,2026-01-21,2
9451,249,3,2026-01-21,1
9452,59,3,2026-01-21,1
9453,104,3,2026-01-22,2
9454,147,3,2026-01-22,3
9455,119,3,2026-01-22,3
9456,255,3,2026-01-22,2
9457,155,3,2026-01-22,5
9458,15,3,2026-01-22,3
9459,131,3,2026-01-22,2
9460,51,3,2026-01-22,3
9461,26,3,2026-01-22,3
9462,258,3,2026-01-22,6
9463,133,3,2026-01-22,1
9464,6,3,2026-01-22,1
9465,48,3,2026-01-22,4
9466,167,3,2026-01-22,3
9467,39,3,2026-01-22,3
9468,211,3,2026-01-22,4
9469,214,3,2026-01-22,4
9470,109,3,2026-01-22,1
9471,32,3,2026-01-22,1
9472,128,3,2026-01-22,3
9473,78,3,2026-01-22,3
9474,38,3,2026-01-23,2
9475,218,3,2026-01-23,2
9476,104,3,2026-01-23,3
9477,131,3,2026-01-23,1
9478,127,3,2026-01-23,2
9479,59,3,2026-01-23,1
9480,75,3,2026-01-23,2
9481,196,3,2026-01-23,1
9482,85,3,2026-01-23,1
9483,83,3,2026-01-23,2
9484,258,3,2026-01-23,5
9485,84,3,2026-01-23,2
9486,285,3,2026-01-23,3
9487,164,3,2026-01-23,3
9488,32,3,2026-01-23,2
9489,71,3,2026-01-23,2
9490,62,3,2026-01-23,2
9491,110,3,2026-01-23,1
9492,17,3,2026-01-23,1
9493,147,3,2026-01-23,1
9494,116,3,2026-01-23,3
9495,67,3,2026-01-23,2
9496,79,3,2026-01-23,2
9497,24,3,2026-01-23,1
9498,226,3,2026-01-23,2
9499,103,3,2026-01-23,3
9500,201,3,2026-01-23,2
9501,154,3,2026-01-23,2
9502,214,3,2026-01-23,1
9503,252,3,2026-01-23,2
9504,66,3,2026-01-23,2
9505,116,3,2026-01-24,1
9506,103,3,2026-01-24,1
9507,48,3,2026-01-24,3
9508,4,3,2026-01-24,3
9509,204,3,2026-01-24,1
9510,47,3,2026-01-24,1
9511,59,3,2026-01-24,2
9512,119,3,2026-01-24,2
9513,218,3,2026-01-24,2
9514,285,3,2026-01-24,5
9515,51,3,2026-01-24,2
9516,83,3,2026-01-24,1
9517,75,3,2026-01-24,1
9518,85,3,2026-01-24,2
9519,164,3,2026-01-24,1
9520,242,3,2026-01-24,2
9521,66,3,2026-01-25,1
9522,287,3,2026-01-25,1
9523,119,3,2026-01-25,1
9524,68,3,2026-01-25,1
9525,67,3,2026-01-25,1
9526,79,3,2026-01-25,3
9527,4,3,2026-01-25,2
9528,17,3,2026-01-25,1
9529,143,3,2026-01-25,1
9530,228,3,2026-01-25,1
9531,128,3,2026-01-25,3
9532,244,3,2026-01-25,1
9533,285,3,2026-01-25,1
9534,47,3,2026-01-25,1
9535,143,3,2026-01-26,5
9536,48,3,2026-01-26,2
9537,104,3,2026-01-26,4
9538,228,3,2026-01-26,2
9539,7,3,2026-01-26,3
9540,196,3,2026-01-26,1
9541,116,3,2026-01-26,4
9542,24,3,2026-01-26,2
9543,211,3,2026-01-26,3
9544,135,3,2026-01-26,3
9545,178,3,2026-01-26,2
9546,7,3,2026-01-27,2
9547,128,3,2026-01-27,6
9548,242,3,2026-01-27,2
9549,196,3,2026-01-27,4
9550,135,3,2026-01-27,1
9551,285,3,2026-01-27,3
9552,74,3,2026-01-27,5
9553,211,3,2026-01-27,1
9554,287,3,2026-01-27,1
9555,182,3,2026-01-27,2
9556,298,3,2026-01-27,1
9557,71,3,2026-01-27,1
9558,26,3,2026-01-27,1
9559,228,3,2026-01-27,2
9560,252,3,2026-01-27,2
9561,212,3,2026-01-27,6
9562,78,3,2026-01-27,3
9563,51,3,2026-01-27,2
9564,4,3,2026-01-27,1
9565,119,3,2026-01-27,2
9566,167,3,2026-01-27,1
9567,15,3,2026-01-27,2
9568,62,3,2026-01-27,2
9569,17,3,2026-01-27,2
9570,204,3,2026-01-27,4
9571,201,3,2026-01-27,4
9572,84,3,2026-01-27,2
9573,83,3,2026-01-27,3
9574,133,3,2026-01-27,1
9575,6,3,2026-01-27,2
9576,230,3,2026-01-28,4
9577,214,3,2026-01-28,4
9578,47,3,2026-01-28,2
9579,15,3,2026-01-28,1
9580,167,3,2026-01-28,3
9581,127,3,2026-01-28,1
9582,216,3,2026-01-28,5
9583,202,3,2026-01-28,1
9584,84,3,2026-01-28,3
9585,249,3,2026-01-28,3
9586,79,3,2026-01-28,2
9587,48,3,2026-01-28,5
9588,110,3,2026-01-28,3
9589,83,3,2026-01-28,1
9590,147,3,2026-01-28,2
9591,62,3,2026-01-28,1
9592,197,3,2026-01-28,2
9593,26,3,2026-01-28,3
9594,39,3,2026-01-28,5
9595,218,3,2026-01-28,2
9596,66,3,2026-01-28,6
9597,119,3,2026-01-28,1
9598,24,3,2026-01-28,3
9599,109,3,2026-01-28,3
9600,67,3,2026-01-28,1
9601,51,3,2026-01-28,2
9602,196,3,2026-01-28,1
9603,44,3,2026-01-28,1
9604,287,3,2026-01-28,1
9605,226,3,2026-01-28,2
9606,298,3,2026-01-28,1
9607,178,3,2026-01-28,1
9608,131,3,2026-01-28,8
9609,212,3,2026-01-29,4
9610,252,3,2026-01-29,5
9611,181,3,2026-01-29,2
9612,230,3,2026-01-29,3
9613,15,3,2026-01-29,1
9614,74,3,2026-01-29,3
9615,79,3,2026-01-29,2
9616,38,3,2026-01-29,1
9617,48,3,2026-01-29,2
9618,104,3,2026-01-29,2
9619,103,3,2026-01-29,1
9620,182,3,2026-01-29,2
9621,197,3,2026-01-29,2
9622,116,3,2026-01-29,3
9623,66,3,2026-01-29,2
9624,249,3,2026-01-29,2
9625,242,3,2026-01-30,1
9626,15,3,2026-01-30,3
9627,38,3,2026-01-30,3
9628,131,3,2026-01-30,1
9629,75,3,2026-01-30,3
9630,24,3,2026-01-30,1
9631,249,3,2026-01-30,2
9632,228,3,2026-01-30,7
9633,196,3,2026-01-30,4
9634,204,3,2026-01-30,1
9635,128,3,2026-01-30,2
9636,51,3,2026-01-30,3
9637,212,3,2026-01-30,1
9638,78,3,2026-01-30,2
9639,109,3,2026-01-30,5
9640,74,3,2026-01-30,5
9641,133,3,2026-01-30,3
9642,255,3,2026-01-30,4
9643,83,3,2026-01-30,4
9644,59,3,2026-01-30,3
9645,48,3,2026-01-30,2
9646,65,3,2026-01-30,6
9647,201,3,2026-01-30,2
9648,155,3,2026-01-30,2
9649,214,3,2026-01-30,1
9650,258,3,2026-01-30,6
9651,66,3,2026-01-30,3
9652,216,3,2026-01-30,4
9653,7,3,2026-01-30,2
9654,143,3,2026-01-30,1
9655,147,3,2026-01-30,2
9656,178,3,2026-01-30,4
9657,201,3,2026-01-31,1
9658,230,3,2026-01-31,1
9659,17,3,2026-01-31,2
9660,109,3,2026-01-31,1
9661,242,3,2026-01-31,1
9662,84,3,2026-01-31,3
9663,65,3,2026-01-31,2
9664,216,3,2026-01-31,2
9665,287,3,2026-01-31,2
9666,197,3,2026-01-31,1
9667,258,3,2026-01-31,1
9668,62,3,2026-01-31,1
9669,103,3,2026-01-31,1
9670,133,3,2026-01-31,1
9671,7,3,2026-01-31,1
9672,143,3,2026-01-31,1
9673,44,3,2026-01-31,1
9674,164,3,2026-01-31,1
9675,178,3,2026-01-31,1
9676,26,3,2026-01-31,1
9677,244,3,2026-01-31,1
9678,127,3,2026-01-31,1
9679,51,3,2026-01-31,1
9680,32,3,2026-01-31,2
9681,196,3,2026-01-31,1
9682,48,3,2026-02-01,1
9683,71,3,2026-02-01,4
9684,83,3,2026-02-01,1
9685,68,3,2026-02-01,2
9686,128,3,2026-02-01,1
9687,178,3,2026-02-01,1
9688,116,3,2026-02-01,2
9689,201,3,2026-02-01,1
9690,67,3,2026-02-02,1
9691,216,3,2026-02-02,2
9692,47,3,2026-02-02,2
9693,104,3,2026-02-02,2
9694,212,3,2026-02-02,2
9695,154,3,2026-02-02,1
9696,59,3,2026-02-02,5
9697,44,3,2026-02-02,2
9698,75,3,2026-02-02,2
9699,181,3,2026-02-02,3
9700,242,3,2026-02-02,1
9701,244,3,2026-02-03,3
9702,116,3,2026-02-03,6
9703,285,3,2026-02-03,2
9704,44,3,2026-02-03,2
9705,197,3,2026-02-03,1
9706,103,3,2026-02-03,4
9707,59,3,2026-02-03,1
9708,211,3,2026-02-03,3
9709,17,3,2026-02-03,4
9710,62,3,2026-02-03,2
9711,109,3,2026-02-03,3
9712,249,3,2026-02-03,1
9713,218,3,2026-02-03,2
9714,79,3,2026-02-03,2
9715,167,3,2026-02-03,6
9716,212,3,2026-02-03,1
9717,78,3,2026-02-03,3
9718,201,3,2026-02-03,1
9719,127,3,2026-02-03,2
9720,51,3,2026-02-03,4
9721,182,3,2026-02-03,4
9722,66,3,2026-02-03,7
9723,75,3,2026-02-03,2
9724,155,3,2026-02-03,1
9725,119,3,2026-02-03,2
9726,228,3,2026-02-04,2
9727,17,3,2026-02-04,1
9728,116,3,2026-02-04,3
9729,38,3,2026-02-04,1
9730,65,3,2026-02-04,3
9731,212,3,2026-02-04,1
9732,59,3,2026-02-04,1
9733,127,3,2026-02-04,3
9734,214,3,2026-02-04,6
9735,109,3,2026-02-04,3
9736,131,3,2026-02-04,2
9737,182,3,2026-02-04,1
9738,78,3,2026-02-04,1
9739,15,3,2026-02-04,2
9740,155,3,2026-02-04,4
9741,66,3,2026-02-04,1
9742,178,3,2026-02-04,3
9743,154,3,2026-02-04,3
9744,147,3,2026-02-04,1
9745,7,3,2026-02-04,2
9746,287,3,2026-02-04,3
9747,196,3,2026-02-04,5
9748,202,3,2026-02-04,1
9749,79,3,2026-02-04,1
9750,143,3,2026-02-04,1
9751,74,3,2026-02-04,3
9752,230,3,2026-02-04,2
9753,44,3,2026-02-04,2
9754,244,3,2026-02-04,2
9755,47,3,2026-02-04,2
9756,197,3,2026-02-04,4
9757,218,3,2026-02-04,2
9758,135,3,2026-02-04,5
9759,48,3,2026-02-04,1
9760,249,3,2026-02-05,1
9761,47,3,2026-02-05,2
9762,15,3,2026-02-05,5
9763,78,3,2026-02-05,2
9764,26,3,2026-02-05,2
9765,155,3,2026-02-05,1
9766,147,3,2026-02-05,2
9767,7,3,2026-02-05,2
9768,201,3,2026-02-05,3
9769,24,3,2026-02-05,3
9770,84,3,2026-02-05,1
9771,128,3,2026-02-05,1
9772,214,3,2026-02-05,2
9773,131,3,2026-02-05,5
9774,196,3,2026-02-05,3
9775,212,3,2026-02-05,1
9776,48,3,2026-02-05,1
9777,66,3,2026-02-05,3
9778,32,3,2026-02-05,1
9779,226,3,2026-02-05,5
9780,230,3,2026-02-05,4
9781,197,3,2026-02-05,4
9782,164,3,2026-02-05,4
9783,4,3,2026-02-05,1
9784,226,3,2026-02-06,3
9785,7,3,2026-02-06,2
9786,143,3,2026-02-06,2
9787,131,3,2026-02-06,1
9788,68,3,2026-02-06,1
9789,216,3,2026-02-06,1
9790,127,3,2026-02-06,4
9791,74,3,2026-02-06,2
9792,119,3,2026-02-06,2
9793,116,3,2026-02-06,1
9794,17,3,2026-02-06,4
9795,252,3,2026-02-06,4
9796,164,3,2026-02-06,3
9797,127,3,2026-02-07,2
9798,68,3,2026-02-07,2
9799,258,3,2026-02-07,1
9800,103,3,2026-02-07,2
9801,143,3,2026-02-07,1
9802,244,3,2026-02-07,1
9803,67,3,2026-02-07,3
9804,78,3,2026-02-07,1
9805,182,3,2026-02-07,1
9806,197,3,2026-02-07,2
9807,62,3,2026-02-07,1
9808,83,3,2026-02-07,2
9809,155,3,2026-02-07,2
9810,44,3,2026-02-07,1
9811,17,3,2026-02-07,1
9812,116,3,2026-02-07,2
9813,249,3,2026-02-07,1
9814,131,3,2026-02-07,1
9815,103,3,2026-02-08,1
9816,287,3,2026-02-08,1
9817,226,3,2026-02-08,1
9818,17,3,2026-02-08,1
9819,212,3,2026-02-08,2
9820,216,3,2026-02-08,1
9821,131,3,2026-02-08,1
9822,75,3,2026-02-08,2
9823,4,3,2026-02-08,1
9824,196,3,2026-02-09,2
9825,103,3,2026-02-09,2
9826,85,3,2026-02-09,3
9827,164,3,2026-02-09,1
9828,204,3,2026-02-09,3
9829,242,3,2026-02-09,4
9830,67,3,2026-02-09,1
9831,7,3,2026-02-09,2
9832,201,3,2026-02-09,1
9833,75,3,2026-02-09,5
9834,218,3,2026-02-09,3
9835,39,3,2026-02-09,2
9836,6,3,2026-02-09,4
9837,84,3,2026-02-09,4
9838,287,3,2026-02-09,4
9839,181,3,2026-02-09,1
9840,119,3,2026-02-09,4
9841,252,3,2026-02-09,3
9842,202,3,2026-02-09,1
9843,258,3,2026-02-09,1
9844,59,3,2026-02-09,4
9845,104,3,2026-02-09,2
9846,255,3,2026-02-09,1
9847,167,3,2026-02-09,1
9848,133,3,2026-02-09,2
9849,71,3,2026-02-09,4
9850,135,3,2026-02-09,3
9851,51,3,2026-02-09,2
9852,15,3,2026-02-09,3
9853,128,3,2026-02-09,1
9854,32,3,2026-02-09,1
9855,178,3,2026-02-10,4
9856,147,3,2026-02-10,2
9857,298,3,2026-02-10,1
9858,78,3,2026-02-10,3
9859,6,3,2026-02-10,2
9860,62,3,2026-02-10,1
9861,26,3,2026-02-10,4
9862,24,3,2026-02-10,1
9863,17,3,2026-02-10,3
9864,211,3,2026-02-10,3
9865,109,3,2026-02-10,4
9866,7,3,2026-02-10,1
9867,287,3,2026-02-10,2
9868,68,3,2026-02-10,1
9869,182,3,2026-02-10,2
9870,66,3,2026-02-10,2
9871,252,3,2026-02-10,3
9872,218,3,2026-02-10,1
9873,255,3,2026-02-10,3
9874,285,3,2026-02-10,1
9875,181,3,2026-02-10,1
9876,230,3,2026-02-10,4
9877,84,3,2026-02-10,1
9878,242,3,2026-02-10,3
9879,67,3,2026-02-10,4
9880,74,3,2026-02-10,3
9881,135,3,2026-02-11,2
9882,26,3,2026-02-11,1
9883,214,3,2026-02-11,2
9884,154,3,2026-02-11,2
9885,201,3,2026-02-11,3
9886,38,3,2026-02-11,2
9887,133,3,2026-02-11,1
9888,285,3,2026-02-11,1
9889,6,3,2026-02-11,2
9890,249,3,2026-02-11,2
9891,196,3,2026-02-11,6
9892,67,3,2026-02-11,1
9893,181,3,2026-02-11,2
9894,197,3,2026-02-11,3
9895,71,3,2026-02-11,1
9896,147,3,2026-02-11,4
9897,15,3,2026-02-11,3
9898,103,3,2026-02-11,1
9899,131,3,2026-02-11,6
9900,127,3,2026-02-11,1
9901,85,3,2026-02-11,2
9902,59,3,2026-02-11,4
9903,32,3,2026-02-11,1
9904,48,3,2026-02-11,3
9905,119,3,2026-02-11,3
9906,7,3,2026-02-11,5
9907,17,3,2026-02-11,2
9908,211,3,2026-02-11,3
9909,155,3,2026-02-11,1
9910,47,3,2026-02-12,2
9911,67,3,2026-02-12,3
9912,116,3,2026-02-12,3
9913,103,3,2026-02-12,3
9914,298,3,2026-02-12,1
9915,242,3,2026-02-12,4
9916,143,3,2026-02-12,3
9917,4,3,2026-02-12,2
9918,127,3,2026-02-12,2
9919,119,3,2026-02-12,3
9920,164,3,2026-02-12,2
9921,75,3,2026-02-12,5
9922,212,3,2026-02-12,1
9923,204,3,2026-02-12,2
9924,133,3,2026-02-13,1
9925,67,3,2026-02-13,1
9926,226,3,2026-02-13,3
9927,135,3,2026-02-13,4
9928,143,3,2026-02-13,2
9929,75,3,2026-02-13,2
9930,26,3,2026-02-13,3
9931,131,3,2026-02-13,1
9932,15,3,2026-02-13,2
9933,287,3,2026-02-13,2
9934,218,3,2026-02-13,2
9935,128,3,2026-02-13,2
9936,202,3,2026-02-13,1
9937,164,3,2026-02-13,3
9938,255,3,2026-02-13,4
9939,182,3,2026-02-13,2
9940,79,3,2026-02-13,3
9941,216,3,2026-02-13,4
9942,127,3,2026-02-13,2
9943,178,3,2026-02-13,1
9944,196,3,2026-02-13,4
9945,154,3,2026-02-13,1
9946,68,3,2026-02-13,4
9947,24,3,2026-02-13,1
9948,6,3,2026-02-13,3
9949,155,3,2026-02-13,4
9950,65,3,2026-02-13,2
9951,39,3,2026-02-13,1
9952,298,3,2026-02-13,2
9953,258,3,2026-02-13,1
9954,181,3,2026-02-13,6
9955,147,3,2026-02-13,4
9956,32,3,2026-02-14,1
9957,182,3,2026-02-14,1
9958,214,3,2026-02-14,2
9959,109,3,2026-02-14,2
9960,71,3,2026-02-14,1
9961,285,3,2026-02-14,1
9962,298,3,2026-02-14,2
9963,62,3,2026-02-14,1
9964,181,3,2026-02-14,3
9965,202,3,2026-02-14,1
9966,84,3,2026-02-14,2
9967,127,3,2026-02-14,2
9968,74,3,2026-02-14,1
9969,6,3,2026-02-15,4
9970,32,3,2026-02-15,2
9971,285,3,2026-02-15,2
9972,4,3,2026-02-15,2
9973,62,3,2026-02-15,2
9974,255,3,2026-02-15,1
9975,84,3,2026-02-15,3
9976,154,3,2026-02-16,7
9977,155,3,2026-02-16,4
9978,131,3,2026-02-16,2
9979,26,3,2026-02-16,2
9980,48,3,2026-02-16,3
9981,127,3,2026-02-16,2
9982,212,3,2026-02-16,1
9983,44,3,2026-02-16,1
9984,167,3,2026-02-16,4
9985,51,3,2026-02-16,1
9986,67,3,2026-02-16,4
9987,110,3,2026-02-16,1
9988,135,3,2026-02-16,2
9989,59,3,2026-02-16,2
9990,204,3,2026-02-16,1
9991,7,3,2026-02-16,1
9992,59,3,2026-02-17,2
9993,197,3,2026-02-17,3
9994,201,3,2026-02-17,2
9995,218,3,2026-02-17,1
9996,71,3,2026-02-17,2
9997,285,3,2026-02-17,3
9998,6,3,2026-02-17,1
9999,252,3,2026-02-17,2
10000,214,3,2026-02-17,3
10001,68,3,2026-02-17,3
10002,133,3,2026-02-17,3
10003,128,3,2026-02-17,1
10004,48,3,2026-02-17,1
10005,127,3,2026-02-17,2
10006,39,3,2026-02-17,3
10007,154,3,2026-02-17,3
10008,258,3,2026-02-18,3
10009,62,3,2026-02-18,2
10010,202,3,2026-02-18,3
10011,38,3,2026-02-18,2
10012,226,3,2026-02-18,2
10013,242,3,2026-02-18,1
10014,214,3,2026-02-18,1
10015,116,3,2026-02-18,4
10016,167,3,2026-02-18,4
10017,110,3,2026-02-18,1
10018,182,3,2026-02-18,3
10019,104,3,2026-02-18,2
10020,211,3,2026-02-18,2
10021,68,3,2026-02-18,2
10022,26,3,2026-02-18,2
10023,7,3,2026-02-18,1
10024,24,3,2026-02-18,6
10025,255,3,2026-02-18,3
10026,249,3,2026-02-18,1
10027,244,3,2026-02-18,3
10028,128,3,2026-02-18,3
10029,85,3,2026-02-18,1
10030,6,3,2026-02-18,1
10031,48,3,2026-02-18,1
10032,74,3,2026-02-18,3
10033,75,3,2026-02-19,6
10034,44,3,2026-02-19,1
10035,285,3,2026-02-19,2
10036,167,3,2026-02-19,2
10037,201,3,2026-02-19,5
10038,216,3,2026-02-19,1
10039,62,3,2026-02-19,4
10040,67,3,2026-02-19,1
10041,155,3,2026-02-19,1
10042,298,3,2026-02-19,3
10043,228,3,2026-02-19,3
10044,24,3,2026-02-19,5
10045,83,3,2026-02-19,2
10046,109,3,2026-02-19,2
10047,252,3,2026-02-19,2
10048,135,3,2026-02-20,1
10049,78,3,2026-02-20,3
10050,51,3,2026-02-20,1
10051,244,3,2026-02-20,1
10052,44,3,2026-02-20,1
10053,214,3,2026-02-20,2
10054,110,3,2026-02-20,2
10055,230,3,2026-02-20,2
10056,201,3,2026-02-20,2
10057,167,3,2026-02-20,1
10058,32,3,2026-02-20,2
10059,4,3,2026-02-20,4
10060,103,3,2026-02-20,2
10061,258,3,2026-02-20,4
10062,59,3,2026-02-20,5
10063,62,3,2026-02-20,2
10064,6,3,2026-02-20,7
10065,204,3,2026-02-20,3
10066,119,3,2026-02-20,3
10067,133,3,2026-02-20,3
10068,68,3,2026-02-20,5
10069,216,3,2026-02-20,2
10070,249,3,2026-02-20,2
10071,164,3,2026-02-20,4
10072,131,3,2026-02-21,2
10073,7,3,2026-02-21,1
10074,298,3,2026-02-21,2
10075,216,3,2026-02-21,1
10076,67,3,2026-02-21,2
10077,143,3,2026-02-21,1
10078,167,3,2026-02-21,2
10079,51,3,2026-02-21,1
10080,39,3,2026-02-21,2
10081,212,3,2026-02-21,2
10082,62,3,2026-02-22,1
10083,298,3,2026-02-22,1
10084,212,3,2026-02-22,1
10085,147,3,2026-02-22,2
10086,26,3,2026-02-22,2
10087,230,3,2026-02-22,2
10088,67,3,2026-02-22,2
10089,197,3,2026-02-22,2
10090,258,3,2026-02-22,1
10091,204,3,2026-02-22,3
10092,6,3,2026-02-22,1
10093,252,3,2026-02-22,1
10094,51,3,2026-02-22,2
10095,154,3,2026-02-22,1
10096,131,3,2026-02-22,1
10097,181,3,2026-02-22,2
10098,116,3,2026-02-23,1
10099,65,3,2026-02-23,3
10100,119,3,2026-02-23,2
10101,66,3,2026-02-23,1
10102,38,3,2026-02-23,2
10103,226,3,2026-02-23,3
10104,204,3,2026-02-23,4
10105,85,3,2026-02-23,2
10106,6,3,2026-02-23,3
10107,147,3,2026-02-23,1
10108,79,3,2026-02-23,2
10109,75,3,2026-02-23,6
10110,214,3,2026-02-23,3
10111,110,3,2026-02-23,1
10112,244,3,2026-02-23,1
10113,59,3,2026-02-23,1
10114,154,3,2026-02-23,2
10115,216,3,2026-02-23,1
10116,48,3,2026-02-23,6
10117,44,3,2026-02-23,1
10118,298,3,2026-02-23,2
10119,78,3,2026-02-23,1
10120,62,3,2026-02-23,2
10121,39,3,2026-02-23,3
10122,201,3,2026-02-23,1
10123,32,3,2026-02-23,2
10124,211,3,2026-02-23,3
10125,128,3,2026-02-23,2
10126,26,3,2026-02-23,2
10127,197,3,2026-02-23,2
10128,127,3,2026-02-24,4
10129,119,3,2026-02-24,2
10130,83,3,2026-02-24,2
10131,38,3,2026-02-24,3
10132,109,3,2026-02-24,2
10133,154,3,2026-02-24,2
10134,47,3,2026-02-24,2
10135,252,3,2026-02-24,2
10136,249,3,2026-02-24,6
10137,135,3,2026-02-24,1
10138,48,3,2026-02-24,3
10139,128,3,2026-02-24,4
10140,181,3,2026-02-24,3
10141,71,3,2026-02-24,4
10142,44,3,2026-02-24,4
10143,201,3,2026-02-25,1
10144,110,3,2026-02-25,3
10145,51,3,2026-02-25,2
10146,244,3,2026-02-25,4
10147,255,3,2026-02-25,1
10148,218,3,2026-02-25,2
10149,230,3,2026-02-25,2
10150,258,3,2026-02-25,1
10151,154,3,2026-02-25,3
10152,7,3,2026-02-25,1
10153,62,3,2026-02-25,3
10154,228,3,2026-02-25,3
10155,75,3,2026-02-25,4
10156,252,3,2026-02-25,3
10157,116,3,2026-02-25,1
10158,24,3,2026-02-25,3
10159,85,3,2026-02-25,1
10160,182,3,2026-02-25,2
10161,211,3,2026-02-25,2
10162,83,3,2026-02-25,2
10163,39,3,2026-02-25,2
10164,196,3,2026-02-25,3
10165,59,3,2026-02-25,1
10166,135,3,2026-02-25,1
10167,249,3,2026-02-25,1
10168,212,3,2026-02-25,2
10169,68,3,2026-02-25,1
10170,119,3,2026-02-25,5
10171,6,3,2026-02-25,1
10172,285,3,2026-02-25,4
10173,66,3,2026-02-25,3
10174,242,3,2026-02-25,2
10175,38,3,2026-02-25,4
10176,167,3,2026-02-25,6
10177,133,3,2026-02-25,1
10178,110,3,2026-02-26,2
10179,287,3,2026-02-26,2
10180,67,3,2026-02-26,3
10181,182,3,2026-02-26,3
10182,75,3,2026-02-26,7
10183,17,3,2026-02-26,2
10184,26,3,2026-02-26,3
10185,216,3,2026-02-26,1
10186,24,3,2026-02-26,4
10187,104,3,2026-02-26,6
10188,214,3,2026-02-26,6
10189,15,3,2026-02-26,5
10190,109,3,2026-02-26,5
10191,116,3,2026-02-26,2
10192,4,3,2026-02-26,7
10193,65,3,2026-02-26,3
10194,131,3,2026-02-26,4
10195,85,3,2026-02-26,3
10196,68,3,2026-02-26,3
10197,230,3,2026-02-26,5
10198,204,3,2026-02-26,4
10199,79,3,2026-02-26,4
10200,298,3,2026-02-26,4
10201,133,3,2026-02-26,4
10202,119,3,2026-02-26,2
10203,147,3,2026-02-26,3
10204,44,3,2026-02-26,3
10205,181,3,2026-02-26,6
10206,103,3,2026-02-26,1
10207,7,3,2026-02-26,4
10208,228,3,2026-02-26,4
10209,196,3,2026-02-27,1
10210,79,3,2026-02-27,5
10211,154,3,2026-02-27,1
10212,116,3,2026-02-27,1
10213,135,3,2026-02-27,1
10214,226,3,2026-02-27,2
10215,62,3,2026-02-27,2
10216,214,3,2026-02-27,1
10217,201,3,2026-02-27,4
10218,66,3,2026-02-27,2
10219,74,3,2026-02-27,1
10220,128,3,2026-02-27,3
10221,178,3,2026-02-27,1
10222,75,3,2026-02-27,3
10223,211,3,2026-02-27,3
10224,38,3,2026-02-27,2
10225,249,3,2026-02-27,3
10226,59,3,2026-02-27,2
10227,103,3,2026-02-27,2
10228,51,3,2026-02-27,1
10229,51,3,2026-02-28,1
10230,164,3,2026-02-28,1
10231,182,3,2026-02-28,1
10232,6,3,2026-02-28,1
10233,4,3,2026-02-28,1
10234,7,3,2026-02-28,1
10235,258,3,2026-02-28,2
10236,26,3,2026-02-28,1
10237,38,3,2026-02-28,1
10238,167,3,2026-02-28,1
10239,127,3,2026-02-28,1
10240,182,3,2026-03-01,1
10241,154,3,2026-03-01,1
10242,287,3,2026-03-01,1
10243,181,3,2026-03-01,2
10244,119,3,2026-03-01,3
10245,298,3,2026-03-01,1
10246,71,3,2026-03-01,1
10247,131,3,2026-03-01,1
10248,62,3,2026-03-01,3
10249,244,3,2026-03-01,3
10250,67,3,2026-03-01,1
10251,75,3,2026-03-01,2
10252,216,3,2026-03-01,4
10253,79,3,2026-03-01,1
10254,104,3,2026-03-01,1
10255,178,3,2026-03-01,1
10256,202,3,2026-03-01,2
10257,230,3,2026-03-01,1
10258,24,3,2026-03-01,2
10259,181,3,2026-03-02,1
10260,218,3,2026-03-02,3
10261,154,3,2026-03-02,2
10262,214,3,2026-03-02,1
10263,211,3,2026-03-02,2
10264,287,3,2026-03-02,3
10265,255,3,2026-03-02,3
10266,133,3,2026-03-02,3
10267,164,3,2026-03-02,1
10268,44,3,2026-03-02,4
10269,226,3,2026-03-02,2
10270,110,3,2026-03-02,1
10271,17,3,2026-03-02,1
10272,24,3,2026-03-02,1
10273,68,3,2026-03-02,2
10274,147,3,2026-03-02,1
10275,38,3,2026-03-03,1
10276,228,3,2026-03-03,7
10277,17,3,2026-03-03,3
10278,74,3,2026-03-03,1
10279,214,3,2026-03-03,2
10280,68,3,2026-03-03,2
10281,255,3,2026-03-03,1
10282,181,3,2026-03-03,4
10283,201,3,2026-03-03,2
10284,242,3,2026-03-03,3
10285,285,3,2026-03-03,2
10286,4,3,2026-03-03,3
10287,26,3,2026-03-03,2
10288,164,3,2026-03-03,3
10289,67,3,2026-03-03,1
10290,143,3,2026-03-03,3
10291,71,3,2026-03-03,1
10292,249,3,2026-03-03,4
10293,110,3,2026-03-03,2
10294,32,3,2026-03-03,1
10295,6,3,2026-03-03,3
10296,39,3,2026-03-03,4
10297,211,3,2026-03-03,3
10298,44,3,2026-03-03,1
10299,178,3,2026-03-03,1
10300,182,3,2026-03-03,3
10301,167,3,2026-03-03,2
10302,66,3,2026-03-03,6
10303,79,3,2026-03-03,1
10304,230,3,2026-03-03,5
10305,15,3,2026-03-04,2
10306,44,3,2026-03-04,4
10307,133,3,2026-03-04,2
10308,242,3,2026-03-04,3
10309,85,3,2026-03-04,2
10310,66,3,2026-03-04,5
10311,285,3,2026-03-04,1
10312,6,3,2026-03-04,1
10313,127,3,2026-03-04,2
10314,32,3,2026-03-04,3
10315,38,3,2026-03-04,1
10316,84,3,2026-03-04,3
10317,59,3,2026-03-04,2
10318,83,3,2026-03-04,4
10319,83,3,2026-03-05,4
10320,127,3,2026-03-05,2
10321,65,3,2026-03-05,2
10322,135,3,2026-03-05,1
10323,202,3,2026-03-05,4
10324,26,3,2026-03-05,3
10325,6,3,2026-03-05,5
10326,182,3,2026-03-05,1
10327,71,3,2026-03-05,3
10328,7,3,2026-03-05,3
10329,285,3,2026-03-05,2
10330,119,3,2026-03-05,2
10331,255,3,2026-03-05,2
10332,197,3,2026-03-05,1
10333,131,3,2026-03-05,2
10334,103,3,2026-03-05,4
10335,47,3,2026-03-05,3
10336,62,3,2026-03-05,4
10337,244,3,2026-03-05,3
10338,155,3,2026-03-05,4
10339,133,3,2026-03-05,4
10340,116,3,2026-03-05,1
10341,104,3,2026-03-05,1
10342,17,3,2026-03-05,1
10343,128,3,2026-03-05,1
10344,196,3,2026-03-05,1
10345,109,3,2026-03-05,2
10346,109,3,2026-03-06,4
10347,39,3,2026-03-06,1
10348,44,3,2026-03-06,1
10349,74,3,2026-03-06,3
10350,7,3,2026-03-06,4
10351,128,3,2026-03-06,2
10352,252,3,2026-03-06,3
10353,71,3,2026-03-06,3
10354,26,3,2026-03-06,1
10355,201,3,2026-03-06,4
10356,211,3,2026-03-06,3
10357,287,3,2026-03-06,2
10358,6,3,2026-03-06,5
10359,226,3,2026-03-06,1
10360,83,3,2026-03-06,3
10361,38,3,2026-03-06,2
10362,214,3,2026-03-06,3
10363,228,3,2026-03-06,1
10364,65,3,2026-03-06,2
10365,298,3,2026-03-06,3
10366,32,3,2026-03-07,1
10367,214,3,2026-03-07,1
10368,103,3,2026-03-07,3
10369,66,3,2026-03-07,1
10370,178,3,2026-03-07,2
10371,51,3,2026-03-07,2
10372,196,3,2026-03-07,1
10373,84,3,2026-03-07,1
10374,78,3,2026-03-07,2
10375,255,3,2026-03-07,1
10376,258,3,2026-03-07,1
10377,79,3,2026-03-07,1
10378,65,3,2026-03-07,1
10379,74,3,2026-03-07,4
10380,285,3,2026-03-07,1
10381,244,3,2026-03-08,1
10382,258,3,2026-03-08,1
10383,230,3,2026-03-08,2
10384,298,3,2026-03-08,2
10385,116,3,2026-03-08,2
10386,85,3,2026-03-08,1
10387,196,3,2026-03-08,1
10388,75,3,2026-03-08,1
10389,26,3,2026-03-08,2
10390,249,3,2026-03-08,2
10391,84,3,2026-03-08,4
10392,287,3,2026-03-08,1
10393,201,3,2026-03-08,2
10394,66,3,2026-03-08,3
10395,135,3,2026-03-08,2
10396,62,3,2026-03-09,2
10397,287,3,2026-03-09,1
10398,155,3,2026-03-09,2
10399,71,3,2026-03-09,4
10400,85,3,2026-03-09,3
10401,143,3,2026-03-09,3
10402,104,3,2026-03-09,2
10403,164,3,2026-03-09,1
10404,211,3,2026-03-09,4
10405,65,3,2026-03-09,2
10406,285,3,2026-03-09,5
10407,154,3,2026-03-09,2
10408,133,3,2026-03-09,6
10409,24,3,2026-03-09,3
10410,66,3,2026-03-09,2
10411,79,3,2026-03-09,3
10412,39,3,2026-03-09,2
10413,244,3,2026-03-09,2
10414,47,3,2026-03-09,3
10415,249,3,2026-03-09,2
10416,202,3,2026-03-09,1
10417,218,3,2026-03-09,1
10418,178,3,2026-03-09,2
10419,6,3,2026-03-09,4
10420,110,3,2026-03-09,1
10421,131,3,2026-03-09,1
10422,182,3,2026-03-09,1
10423,17,3,2026-03-09,2
10424,68,3,2026-03-09,1
10425,48,3,2026-03-09,2
10426,59,3,2026-03-09,2
10427,26,3,2026-03-09,1
10428,66,3,2026-03-10,4
10429,32,3,2026-03-10,1
10430,75,3,2026-03-10,3
10431,74,3,2026-03-10,1
10432,201,3,2026-03-10,3
10433,62,3,2026-03-10,2
10434,26,3,2026-03-10,1
10435,48,3,2026-03-10,1
10436,155,3,2026-03-10,3
10437,110,3,2026-03-10,2
10438,226,3,2026-03-10,4
10439,78,3,2026-03-10,2
10440,104,3,2026-03-10,3
10441,127,3,2026-03-10,4
10442,255,3,2026-03-10,1
10443,218,3,2026-03-10,3
10444,167,3,2026-03-10,3
10445,214,3,2026-03-10,1
10446,6,3,2026-03-10,1
10447,17,3,2026-03-10,2
10448,84,3,2026-03-10,3
10449,47,3,2026-03-10,1
10450,103,3,2026-03-10,3
10451,154,3,2026-03-10,4
10452,204,3,2026-03-10,2
10453,83,3,2026-03-10,2
10454,252,3,2026-03-10,1
10455,244,3,2026-03-11,3
10456,197,3,2026-03-11,2
10457,128,3,2026-03-11,3
10458,164,3,2026-03-11,4
10459,26,3,2026-03-11,1
10460,47,3,2026-03-11,2
10461,143,3,2026-03-11,2
10462,230,3,2026-03-11,4
10463,204,3,2026-03-11,1
10464,285,3,2026-03-11,4
10465,59,3,2026-03-11,3
10466,32,3,2026-03-11,3
10467,79,3,2026-03-11,2
10468,155,3,2026-03-11,1
10469,287,3,2026-03-11,3
10470,47,3,2026-03-12,1
10471,24,3,2026-03-12,1
10472,38,3,2026-03-12,1
10473,143,3,2026-03-12,2
10474,62,3,2026-03-12,2
10475,109,3,2026-03-12,1
10476,79,3,2026-03-12,2
10477,255,3,2026-03-12,3
10478,44,3,2026-03-12,2
10479,147,3,2026-03-12,2
10480,65,3,2026-03-12,7
10481,15,3,2026-03-12,2
10482,204,3,2026-03-12,2
10483,67,3,2026-03-12,2
10484,214,3,2026-03-12,1
10485,285,3,2026-03-12,1
10486,135,3,2026-03-12,2
10487,119,3,2026-03-12,2
10488,202,3,2026-03-12,1
10489,32,3,2026-03-12,1
10490,75,3,2026-03-12,5
10491,74,3,2026-03-12,5
10492,230,3,2026-03-12,1
10493,39,3,2026-03-12,2
10494,242,3,2026-03-12,4
10495,127,3,2026-03-12,4
10496,7,3,2026-03-12,3
10497,83,3,2026-03-12,1
10498,154,3,2026-03-12,2
10499,244,3,2026-03-12,4
10500,51,3,2026-03-12,2
10501,133,3,2026-03-12,2
10502,38,3,2026-03-13,2
10503,258,3,2026-03-13,1
10504,216,3,2026-03-13,2
10505,78,3,2026-03-13,3
10506,230,3,2026-03-13,3
10507,109,3,2026-03-13,3
10508,66,3,2026-03-13,3
10509,48,3,2026-03-13,1
10510,103,3,2026-03-13,3
10511,47,3,2026-03-13,3
10512,127,3,2026-03-13,2
10513,244,3,2026-03-13,2
10514,131,3,2026-03-13,3
10515,65,3,2026-03-13,1
10516,298,3,2026-03-13,1
10517,226,3,2026-03-14,1
10518,26,3,2026-03-14,2
10519,167,3,2026-03-14,2
10520,230,3,2026-03-14,4
10521,135,3,2026-03-14,2
10522,44,3,2026-03-14,2
10523,285,3,2026-03-14,1
10524,59,3,2026-03-14,2
10525,216,3,2026-03-14,6
10526,66,3,2026-03-14,1
10527,131,3,2026-03-14,3
10528,181,3,2026-03-14,2
10529,214,3,2026-03-14,3
10530,178,3,2026-03-14,1
10531,116,3,2026-03-14,2
10532,32,3,2026-03-14,1
10533,39,3,2026-03-14,2
10534,128,3,2026-03-14,1
10535,71,3,2026-03-14,1
10536,6,3,2026-03-14,1
10537,109,3,2026-03-14,2
10538,202,3,2026-03-14,3
10539,15,3,2026-03-14,1
10540,155,3,2026-03-14,3
10541,164,3,2026-03-14,4
10542,211,3,2026-03-14,1
10543,83,3,2026-03-14,4
10544,244,3,2026-03-14,4
10545,68,3,2026-03-14,1
10546,75,3,2026-03-14,4
10547,218,3,2026-03-14,3
10548,79,3,2026-03-14,1
10549,167,3,2026-03-15,1
10550,211,3,2026-03-15,1
10551,75,3,2026-03-15,2
10552,147,3,2026-03-15,1
10553,51,3,2026-03-15,1
10554,249,3,2026-03-15,1
10555,218,3,2026-03-15,1
10556,65,3,2026-03-15,1
10557,155,3,2026-03-15,4
10558,48,3,2026-03-16,2
10559,83,3,2026-03-16,1
10560,298,3,2026-03-16,1
10561,287,3,2026-03-16,1
10562,32,3,2026-03-16,5
10563,135,3,2026-03-16,3
10564,104,3,2026-03-16,2
10565,226,3,2026-03-16,1
10566,79,3,2026-03-16,3
10567,17,3,2026-03-16,1
10568,103,3,2026-03-16,2
10569,216,3,2026-03-16,4
10570,109,3,2026-03-16,2
10571,71,3,2026-03-16,2
10572,167,3,2026-03-16,3
10573,249,3,2026-03-16,2
10574,78,3,2026-03-16,2
10575,182,3,2026-03-16,1
10576,258,3,2026-03-16,2
10577,197,3,2026-03-16,5
10578,68,3,2026-03-16,4
10579,4,3,2026-03-16,1
10580,51,3,2026-03-16,3
10581,38,3,2026-03-16,2
10582,143,3,2026-03-17,3
10583,71,3,2026-03-17,1
10584,47,3,2026-03-17,4
10585,51,3,2026-03-17,1
10586,298,3,2026-03-17,1
10587,4,3,2026-03-17,2
10588,24,3,2026-03-17,1
10589,39,3,2026-03-17,1
10590,6,3,2026-03-17,4
10591,201,3,2026-03-17,1
10592,26,3,2026-03-17,4
10593,204,3,2026-03-17,1
10594,127,3,2026-03-17,1
10595,228,3,2026-03-17,4
10596,17,3,2026-03-17,2
10597,67,3,2026-03-17,3
10598,32,3,2026-03-17,2
10599,181,3,2026-03-18,2
10600,7,3,2026-03-18,3
10601,214,3,2026-03-18,2
10602,51,3,2026-03-18,1
10603,164,3,2026-03-18,3
10604,244,3,2026-03-18,1
10605,62,3,2026-03-18,3
10606,6,3,2026-03-18,1
10607,212,3,2026-03-18,2
10608,197,3,2026-03-18,4
10609,104,3,2026-03-18,2
10610,252,3,2026-03-18,2
10611,201,3,2026-03-18,3
10612,26,3,2026-03-18,3
10613,216,3,2026-03-18,5
10614,135,3,2026-03-18,3
10615,74,3,2026-03-18,4
10616,116,3,2026-03-18,4
10617,228,3,2026-03-18,1
10618,85,3,2026-03-18,2
10619,285,3,2026-03-18,2
10620,39,3,2026-03-18,5
10621,255,3,2026-03-18,3
10622,285,3,2026-03-19,4
10623,109,3,2026-03-19,1
10624,39,3,2026-03-19,4
10625,62,3,2026-03-19,1
10626,133,3,2026-03-19,3
10627,228,3,2026-03-19,1
10628,204,3,2026-03-19,9
10629,85,3,2026-03-19,3
10630,155,3,2026-03-19,1
10631,74,3,2026-03-19,4
10632,110,3,2026-03-19,2
10633,24,3,2026-03-19,2
10634,47,3,2026-03-19,4
10635,48,3,2026-03-19,1
10636,178,3,2026-03-19,2
10637,258,3,2026-03-19,1
10638,252,3,2026-03-19,3
10639,216,3,2026-03-19,1
10640,182,3,2026-03-19,2
10641,197,3,2026-03-19,2
10642,214,3,2026-03-19,2
10643,6,3,2026-03-19,1
10644,15,3,2026-03-19,5
10645,66,3,2026-03-19,2
10646,242,3,2026-03-19,3
10647,226,3,2026-03-19,4
10648,249,3,2026-03-19,1
10649,211,3,2026-03-19,1
10650,44,3,2026-03-19,2
10651,26,3,2026-03-19,1
10652,84,3,2026-03-19,3
10653,255,3,2026-03-19,2
10654,59,3,2026-03-19,5
10655,74,3,2026-03-20,1
10656,68,3,2026-03-20,5
10657,242,3,2026-03-20,2
10658,39,3,2026-03-20,4
10659,201,3,2026-03-20,3
10660,44,3,2026-03-20,3
10661,155,3,2026-03-20,2
10662,143,3,2026-03-20,1
10663,287,3,2026-03-20,1
10664,216,3,2026-03-20,2
10665,204,3,2026-03-20,1
10666,131,3,2026-03-20,4
10667,167,3,2026-03-20,1
10668,62,3,2026-03-20,3
10669,109,3,2026-03-20,5
10670,228,3,2026-03-20,6
10671,181,3,2026-03-20,2
10672,212,3,2026-03-20,1
10673,67,3,2026-03-20,1
10674,197,3,2026-03-20,1
10675,211,3,2026-03-20,2
10676,298,3,2026-03-20,3
10677,116,3,2026-03-20,4
10678,133,3,2026-03-20,3
10679,258,3,2026-03-20,2
10680,7,3,2026-03-21,1
10681,143,3,2026-03-21,1
10682,71,3,2026-03-21,1
10683,109,3,2026-03-21,2
10684,51,3,2026-03-21,4
10685,164,3,2026-03-21,1
10686,135,3,2026-03-21,1
10687,6,3,2026-03-21,2
10688,17,3,2026-03-21,3
10689,255,3,2026-03-21,1
10690,298,3,2026-03-22,2
10691,211,3,2026-03-22,1
10692,116,3,2026-03-22,1
10693,178,3,2026-03-22,1
10694,143,3,2026-03-22,1
10695,26,3,2026-03-22,1
10696,79,3,2026-03-22,1
10697,167,3,2026-03-22,2
10698,38,3,2026-03-22,2
10699,216,3,2026-03-22,1
10700,44,3,2026-03-22,1
10701,109,3,2026-03-22,1
10702,285,3,2026-03-22,1
10703,249,3,2026-03-22,1
10704,66,3,2026-03-22,1
10705,119,3,2026-03-22,2
10706,7,3,2026-03-22,2
10707,226,3,2026-03-22,1
10708,67,3,2026-03-22,1
10709,24,3,2026-03-22,1
10710,6,3,2026-03-22,2
10711,196,3,2026-03-23,2
10712,4,3,2026-03-23,1
10713,214,3,2026-03-23,3
10714,128,3,2026-03-23,2
10715,26,3,2026-03-23,2
10716,216,3,2026-03-23,2
10717,155,3,2026-03-23,1
10718,110,3,2026-03-23,1
10719,109,3,2026-03-23,2
10720,127,3,2026-03-23,4
10721,7,3,2026-03-23,4
10722,66,3,2026-03-23,5
10723,79,3,2026-03-23,1
10724,48,3,2026-03-23,2
10725,287,3,2026-03-23,3
10726,212,3,2026-03-23,4
10727,131,3,2026-03-23,1
10728,204,3,2026-03-23,1
10729,103,3,2026-03-23,1
10730,62,3,2026-03-23,1
10731,32,3,2026-03-23,2
10732,147,3,2026-03-23,2
10733,202,3,2026-03-23,2
10734,143,3,2026-03-23,2
10735,298,3,2026-03-23,1
10736,38,3,2026-03-23,3
10737,154,3,2026-03-23,3
10738,104,3,2026-03-23,2
10739,258,3,2026-03-23,2
10740,74,3,2026-03-23,3
10741,249,3,2026-03-23,2
10742,244,3,2026-03-24,4
10743,182,3,2026-03-24,2
10744,68,3,2026-03-24,2
10745,255,3,2026-03-24,1
10746,164,3,2026-03-24,4
10747,119,3,2026-03-24,2
10748,65,3,2026-03-24,3
10749,201,3,2026-03-24,3
10750,83,3,2026-03-24,1
10751,127,3,2026-03-24,1
10752,212,3,2026-03-24,2
10753,74,3,2026-03-24,2
10754,298,3,2026-03-24,3
10755,62,3,2026-03-24,4
10756,39,3,2026-03-24,3
10757,17,3,2026-03-24,1
10758,110,3,2026-03-24,1
10759,47,3,2026-03-24,3
10760,178,3,2026-03-24,4
10761,7,3,2026-03-24,3
10762,216,3,2026-03-24,1
10763,218,3,2026-03-24,8
10764,131,3,2026-03-24,1
10765,230,3,2026-03-24,1
10766,59,3,2026-03-24,3
10767,211,3,2026-03-25,3
10768,71,3,2026-03-25,4
10769,15,3,2026-03-25,2
10770,154,3,2026-03-25,3
10771,39,3,2026-03-25,3
10772,67,3,2026-03-25,2
10773,255,3,2026-03-25,2
10774,83,3,2026-03-25,4
10775,127,3,2026-03-25,2
10776,128,3,2026-03-25,1
10777,4,3,2026-03-25,1
10778,17,3,2026-03-25,1
10779,84,3,2026-03-25,4
10780,38,3,2026-03-25,2
10781,85,3,2026-03-25,2
10782,44,3,2026-03-25,3
10783,249,3,2026-03-25,2
10784,212,3,2026-03-25,2
10785,26,3,2026-03-26,4
10786,78,3,2026-03-26,1
10787,4,3,2026-03-26,3
10788,44,3,2026-03-26,3
10789,38,3,2026-03-26,4
10790,167,3,2026-03-26,2
10791,182,3,2026-03-26,3
10792,154,3,2026-03-26,3
10793,24,3,2026-03-26,5
10794,103,3,2026-03-26,1
10795,258,3,2026-03-26,3
10796,83,3,2026-03-26,1
10797,287,3,2026-03-26,2
10798,74,3,2026-03-26,3
10799,230,3,2026-03-26,6
10800,212,3,2026-03-26,2
10801,15,3,2026-03-26,3
10802,298,3,2026-03-26,3
10803,285,3,2026-03-26,2
10804,79,3,2026-03-26,3
10805,181,3,2026-03-27,1
10806,212,3,2026-03-27,3
10807,285,3,2026-03-27,2
10808,147,3,2026-03-27,1
10809,128,3,2026-03-27,4
10810,7,3,2026-03-27,3
10811,182,3,2026-03-27,2
10812,211,3,2026-03-27,1
10813,26,3,2026-03-27,1
10814,201,3,2026-03-27,1
10815,252,3,2026-03-27,5
10816,44,3,2026-03-27,2
10817,59,3,2026-03-27,1
10818,258,3,2026-03-27,2
10819,216,3,2026-03-27,3
10820,164,3,2026-03-27,2
10821,196,3,2026-03-27,2
10822,287,3,2026-03-27,1
10823,116,3,2026-03-27,4
10824,119,3,2026-03-27,2
10825,48,3,2026-03-27,2
10826,6,3,2026-03-27,4
10827,133,3,2026-03-27,3
10828,85,3,2026-03-27,4
10829,197,3,2026-03-27,6
10830,71,3,2026-03-27,5
10831,249,3,2026-03-27,6
10832,24,3,2026-03-27,2
10833,196,3,2026-03-28,2
10834,47,3,2026-03-28,1
10835,44,3,2026-03-28,2
10836,230,3,2026-03-28,1
10837,155,3,2026-03-28,1
10838,197,3,2026-03-28,2
10839,83,3,2026-03-28,1
10840,110,3,2026-03-28,1
10841,242,3,2026-03-28,1
10842,39,3,2026-03-28,1
10843,51,3,2026-03-28,1
10844,127,3,2026-03-28,1
10845,83,3,2026-03-29,1
10846,7,3,2026-03-29,1
10847,214,3,2026-03-29,2
10848,78,3,2026-03-29,1
10849,244,3,2026-03-29,2
10850,226,3,2026-03-29,3
10851,38,3,2026-03-29,2
10852,79,3,2026-03-29,2
10853,143,3,2026-03-29,1
10854,218,3,2026-03-29,3
10855,202,3,2026-03-29,1
10856,285,3,2026-03-29,1
10857,196,3,2026-03-29,1
10858,287,3,2026-03-30,1
10859,67,3,2026-03-30,1
10860,110,3,2026-03-30,4
10861,59,3,2026-03-30,4
10862,127,3,2026-03-30,1
10863,204,3,2026-03-30,1
10864,211,3,2026-03-30,3
10865,44,3,2026-03-30,1
10866,74,3,2026-03-30,2
10867,212,3,2026-03-30,3
10868,116,3,2026-03-30,4
10869,167,3,2026-03-30,4
10870,4,3,2026-03-30,2
10871,216,3,2026-03-30,1
10872,178,3,2026-03-30,4
10873,249,3,2026-03-30,2
10874,196,3,2026-03-30,2
10875,68,3,2026-03-30,4
10876,79,3,2026-03-30,1
10877,244,3,2026-03-30,5
10878,155,3,2026-03-30,3
10879,133,3,2026-03-30,1
10880,298,3,2026-03-30,2
10881,143,3,2026-03-30,3
10882,226,3,2026-03-30,4
10883,155,3,2026-03-31,3
10884,147,3,2026-03-31,1
10885,214,3,2026-03-31,2
10886,228,3,2026-03-31,5
10887,128,3,2026-03-31,1
10888,48,3,2026-03-31,2
10889,242,3,2026-03-31,1
10890,258,3,2026-03-31,3
10891,178,3,2026-03-31,1
10892,83,3,2026-03-31,4
10893,15,3,2026-03-31,2
10894,133,3,2026-03-31,2
10895,167,3,2026-03-31,2
10896,6,3,2026-03-31,2
10897,216,3,2026-03-31,3
10898,127,3,2026-03-31,3
10899,211,3,2026-03-31,3
10900,204,3,2026-03-31,3
10901,181,3,2026-03-31,1
10902,39,3,2026-03-31,2
10903,285,3,2026-03-31,2
10904,26,3,2026-03-31,2
10905,51,3,2026-03-31,4
10906,7,3,2026-03-31,6
10907,298,3,2026-03-31,2
10908,79,3,2026-03-31,3
10909,201,3,2026-03-31,4
10910,71,3,2026-03-31,2
10911,244,3,2026-03-31,3
10912,252,3,2026-03-31,2
10913,85,3,2026-03-31,1
10914,38,3,2026-03-31,4
10915,103,3,2026-04-01,4
10916,104,3,2026-04-01,7
10917,230,3,2026-04-01,6
10918,216,3,2026-04-01,3
10919,154,3,2026-04-01,7
10920,85,3,2026-04-01,2
10921,252,3,2026-04-01,4
10922,44,3,2026-04-01,1
10923,298,3,2026-04-01,3
10924,48,3,2026-04-01,3
10925,6,3,2026-04-01,5
10926,255,3,2026-04-01,3
10927,84,3,2026-04-01,2
10928,181,3,2026-04-01,5
10929,287,3,2026-04-01,7
10930,155,3,2026-04-01,2
10931,147,3,2026-04-01,6
10932,242,3,2026-04-01,4
10933,7,3,2026-04-01,1
10934,65,3,2026-04-01,6
10935,62,3,2026-04-01,2
10936,47,3,2026-04-01,2
10937,244,3,2026-04-01,5
10938,78,3,2026-04-01,4
10939,218,3,2026-04-01,2
10940,119,3,2026-04-01,3
10941,226,3,2026-04-01,3
10942,178,3,2026-04-01,3
10943,258,3,2026-04-01,2
10944,182,3,2026-04-01,4
10945,71,3,2026-04-01,6
10946,143,3,2026-04-01,1
10947,17,3,2026-04-01,4
10948,74,3,2026-04-01,6
10949,4,3,2026-04-01,4
10950,26,3,2026-04-01,6
10951,133,3,2026-04-01,3
10952,242,3,2026-04-02,6
10953,104,3,2026-04-02,2
10954,249,3,2026-04-02,1
10955,214,3,2026-04-02,1
10956,216,3,2026-04-02,4
10957,17,3,2026-04-02,8
10958,83,3,2026-04-02,4
10959,252,3,2026-04-02,5
10960,67,3,2026-04-02,3
10961,119,3,2026-04-02,8
10962,244,3,2026-04-02,4
10963,38,3,2026-04-02,5
10964,226,3,2026-04-02,3
10965,181,3,2026-04-02,2
10966,116,3,2026-04-02,5
10967,202,3,2026-04-02,1
10968,78,3,2026-04-02,4
10969,154,3,2026-04-02,2
10970,65,3,2026-04-02,1
10971,26,3,2026-04-02,5
10972,59,3,2026-04-03,1
10973,178,3,2026-04-03,6
10974,109,3,2026-04-03,2
10975,38,3,2026-04-03,2
10976,143,3,2026-04-03,5
10977,6,3,2026-04-03,5
10978,83,3,2026-04-03,4
10979,214,3,2026-04-03,4
10980,104,3,2026-04-03,1
10981,127,3,2026-04-03,2
10982,26,3,2026-04-03,2
10983,17,3,2026-04-03,1
10984,128,3,2026-04-03,2
10985,48,3,2026-04-03,2
10986,167,3,2026-04-03,3
10987,47,3,2026-04-03,1
10988,202,3,2026-04-03,3
10989,218,3,2026-04-03,3
10990,67,3,2026-04-03,2
10991,258,3,2026-04-03,4
10992,4,3,2026-04-03,2
10993,204,3,2026-04-03,5
10994,7,3,2026-04-03,3
10995,39,3,2026-04-03,1
10996,154,3,2026-04-03,4
10997,181,3,2026-04-03,5
10998,51,3,2026-04-03,2
10999,244,3,2026-04-03,4
11000,230,3,2026-04-03,2
11001,201,3,2026-04-03,4
11002,44,3,2026-04-04,1
11003,154,3,2026-04-04,1
11004,128,3,2026-04-04,2
11005,110,3,2026-04-04,1
11006,216,3,2026-04-04,1
11007,6,3,2026-04-04,1
11008,218,3,2026-04-04,2
11009,38,3,2026-04-04,1
11010,230,3,2026-04-04,1
11011,79,3,2026-04-04,1
11012,59,3,2026-04-04,1
11013,84,3,2026-04-04,1
11014,143,3,2026-04-04,1
11015,201,3,2026-04-04,1
11016,181,3,2026-04-04,1
11017,244,3,2026-04-04,1
11018,211,3,2026-04-04,1
11019,109,3,2026-04-04,1
11020,182,3,2026-04-04,1
11021,44,3,2026-04-05,2
11022,197,3,2026-04-05,1
11023,78,3,2026-04-05,2
11024,7,3,2026-04-05,1
11025,66,3,2026-04-05,1
11026,154,3,2026-04-05,1
11027,244,3,2026-04-05,2
11028,65,3,2026-04-05,1
11029,242,3,2026-04-05,1
11030,202,3,2026-04-05,1
11031,32,3,2026-04-05,1
11032,143,3,2026-04-05,2
11033,119,3,2026-04-05,2
11034,74,3,2026-04-05,1
11035,285,3,2026-04-05,1
11036,68,3,2026-04-06,3
11037,178,3,2026-04-06,3
11038,7,3,2026-04-06,3
11039,182,3,2026-04-06,2
11040,201,3,2026-04-06,1
11041,226,3,2026-04-06,2
11042,285,3,2026-04-06,1
11043,230,3,2026-04-06,1
11044,298,3,2026-04-06,2
11045,110,3,2026-04-06,1
11046,196,3,2026-04-06,2
11047,59,3,2026-04-06,2
11048,131,3,2026-04-06,2
11049,65,3,2026-04-06,2
11050,147,3,2026-04-06,1
11051,44,3,2026-04-06,1
11052,116,3,2026-04-06,2
11053,51,3,2026-04-06,2
11054,75,3,2026-04-06,2
11055,287,3,2026-04-07,1
11056,228,3,2026-04-07,3
11057,110,3,2026-04-07,4
11058,84,3,2026-04-07,3
11059,249,3,2026-04-07,1
11060,204,3,2026-04-07,1
11061,6,3,2026-04-07,5
11062,244,3,2026-04-07,1
11063,79,3,2026-04-07,1
11064,154,3,2026-04-07,2
11065,32,3,2026-04-07,5
11066,109,3,2026-04-07,1
11067,252,3,2026-04-07,3
11068,67,3,2026-04-07,1
11069,178,3,2026-04-07,5
11070,182,3,2026-04-07,3
11071,155,3,2026-04-07,1
11072,48,3,2026-04-07,2
11073,47,3,2026-04-07,4
11074,51,3,2026-04-08,2
11075,32,3,2026-04-08,1
11076,26,3,2026-04-08,2
11077,135,3,2026-04-08,2
11078,252,3,2026-04-08,2
11079,17,3,2026-04-08,2
11080,66,3,2026-04-08,1
11081,242,3,2026-04-08,2
11082,287,3,2026-04-08,1
11083,15,3,2026-04-08,1
11084,109,3,2026-04-08,2
11085,216,3,2026-04-08,3
11086,74,3,2026-04-08,3
11087,44,3,2026-04-08,3
11088,255,3,2026-04-08,2
11089,48,3,2026-04-08,4
11090,83,3,2026-04-08,3
11091,47,3,2026-04-09,2
11092,26,3,2026-04-09,1
11093,212,3,2026-04-09,1
11094,228,3,2026-04-09,2
11095,84,3,2026-04-09,4
11096,181,3,2026-04-09,2
11097,104,3,2026-04-09,1
11098,32,3,2026-04-09,3
11099,62,3,2026-04-09,6
11100,155,3,2026-04-09,3
11101,164,3,2026-04-09,2
11102,68,3,2026-04-09,3
11103,74,3,2026-04-09,4
11104,255,3,2026-04-09,1
11105,109,3,2026-04-10,5
11106,147,3,2026-04-10,2
11107,211,3,2026-04-10,3
11108,59,3,2026-04-10,4
11109,39,3,2026-04-10,3
11110,116,3,2026-04-10,4
11111,51,3,2026-04-10,6
11112,244,3,2026-04-10,1
11113,298,3,2026-04-10,6
11114,216,3,2026-04-10,1
11115,214,3,2026-04-10,3
11116,196,3,2026-04-10,5
11117,15,3,2026-04-10,5
11118,38,3,2026-04-10,3
11119,135,3,2026-04-10,6
11120,258,3,2026-04-10,2
11121,143,3,2026-04-10,6
11122,48,3,2026-04-11,2
11123,147,3,2026-04-11,1
11124,59,3,2026-04-11,1
11125,178,3,2026-04-11,3
11126,38,3,2026-04-11,1
11127,252,3,2026-04-11,3
11128,143,3,2026-04-11,1
11129,212,3,2026-04-11,1
11130,110,3,2026-04-11,2
11131,135,3,2026-04-11,1
11132,32,3,2026-04-11,2
11133,131,3,2026-04-11,1
11134,66,3,2026-04-11,1
11135,7,3,2026-04-11,2
11136,127,3,2026-04-11,1
11137,128,3,2026-04-11,1
11138,119,3,2026-04-11,1
11139,204,3,2026-04-11,1
11140,116,3,2026-04-11,1
11141,214,3,2026-04-11,1
11142,244,3,2026-04-12,1
11143,84,3,2026-04-12,2
11144,211,3,2026-04-12,1
11145,131,3,2026-04-12,1
11146,201,3,2026-04-12,2
11147,178,3,2026-04-12,1
11148,249,3,2026-04-12,2
11149,182,3,2026-04-12,1
11150,242,3,2026-04-12,1
11151,196,3,2026-04-12,1
11152,44,3,2026-04-12,2
11153,15,3,2026-04-12,1
11154,59,3,2026-04-12,2
11155,116,3,2026-04-12,1
11156,255,3,2026-04-12,1
11157,71,3,2026-04-12,1
11158,214,3,2026-04-12,2
11159,135,3,2026-04-12,2
11160,17,3,2026-04-12,2
11161,4,3,2026-04-12,3
11162,202,3,2026-04-12,1
11163,68,3,2026-04-12,3
11164,109,3,2026-04-12,2
11165,74,3,2026-04-12,1
11166,258,3,2026-04-12,1
11167,226,3,2026-04-13,1
11168,287,3,2026-04-13,2
11169,65,3,2026-04-13,3
11170,62,3,2026-04-13,2
11171,167,3,2026-04-13,1
11172,230,3,2026-04-13,6
11173,26,3,2026-04-13,1
11174,38,3,2026-04-13,3
11175,66,3,2026-04-13,1
11176,15,3,2026-04-13,2
11177,67,3,2026-04-13,2
11178,7,3,2026-04-13,1
11179,104,3,2026-04-13,3
11180,201,3,2026-04-13,2
11181,103,3,2026-04-13,2
11182,212,3,2026-04-14,2
11183,24,3,2026-04-14,3
11184,214,3,2026-04-14,2
11185,17,3,2026-04-14,1
11186,167,3,2026-04-14,2
11187,59,3,2026-04-14,1
11188,182,3,2026-04-14,4
11189,78,3,2026-04-14,1
11190,135,3,2026-04-14,1
11191,216,3,2026-04-14,2
11192,244,3,2026-04-14,1
11193,155,3,2026-04-14,1
11194,298,3,2026-04-14,1
11195,116,3,2026-04-14,4
11196,196,3,2026-04-14,2
11197,202,3,2026-04-14,3
11198,15,3,2026-04-14,4
11199,47,3,2026-04-14,4
11200,230,3,2026-04-14,2
11201,258,3,2026-04-14,4
11202,228,3,2026-04-14,3
11203,85,3,2026-04-14,1
11204,147,3,2026-04-14,2
11205,128,3,2026-04-14,1
11206,255,3,2026-04-14,1
11207,285,3,2026-04-14,4
11208,71,3,2026-04-14,4
11209,4,3,2026-04-14,4
11210,44,3,2026-04-14,2
11211,128,3,2026-04-15,4
11212,65,3,2026-04-15,1
11213,197,3,2026-04-15,2
11214,258,3,2026-04-15,6
11215,71,3,2026-04-15,2
11216,164,3,2026-04-15,1
11217,202,3,2026-04-15,3
11218,75,3,2026-04-15,6
11219,24,3,2026-04-15,5
11220,7,3,2026-04-15,1
11221,15,3,2026-04-15,2
11222,83,3,2026-04-15,1
11223,214,3,2026-04-15,1
11224,131,3,2026-04-15,3
11225,110,3,2026-04-15,7
11226,38,3,2026-04-15,1
11227,155,3,2026-04-15,4
11228,212,3,2026-04-15,2
11229,59,3,2026-04-15,6
11230,67,3,2026-04-15,3
11231,135,3,2026-04-15,2
11232,201,3,2026-04-15,2
11233,44,3,2026-04-15,2
11234,127,3,2026-04-15,1
11235,167,3,2026-04-15,3
11236,119,3,2026-04-15,1
11237,182,3,2026-04-15,3
11238,68,3,2026-04-15,2
11239,285,3,2026-04-15,2
11240,196,3,2026-04-15,3
11241,26,3,2026-04-15,2
11242,154,3,2026-04-16,2
11243,181,3,2026-04-16,3
11244,65,3,2026-04-16,4
11245,4,3,2026-04-16,3
11246,32,3,2026-04-16,5
11247,59,3,2026-04-16,4
11248,197,3,2026-04-16,2
11249,143,3,2026-04-16,2
11250,85,3,2026-04-16,2
11251,201,3,2026-04-16,1
11252,15,3,2026-04-16,3
11253,252,3,2026-04-16,1
11254,212,3,2026-04-16,2
11255,74,3,2026-04-16,3
11256,119,3,2026-04-16,2
11257,255,3,2026-04-16,1
11258,104,3,2026-04-16,3
11259,84,3,2026-04-16,2
11260,214,3,2026-04-16,1
11261,78,3,2026-04-16,4
11262,242,3,2026-04-16,1
11263,62,3,2026-04-16,1
11264,197,3,2026-04-17,1
11265,218,3,2026-04-17,2
11266,38,3,2026-04-17,1
11267,119,3,2026-04-17,1
11268,167,3,2026-04-17,2
11269,255,3,2026-04-17,2
11270,127,3,2026-04-17,2
11271,298,3,2026-04-17,2
11272,4,3,2026-04-17,2
11273,285,3,2026-04-17,2
11274,147,3,2026-04-17,4
11275,26,3,2026-04-17,2
11276,74,3,2026-04-17,3
11277,85,3,2026-04-17,1
11278,48,3,2026-04-17,1
11279,214,3,2026-04-17,1
11280,216,3,2026-04-17,2
11281,244,3,2026-04-17,2
11282,109,3,2026-04-17,1
11283,178,3,2026-04-17,1
11284,228,3,2026-04-17,1
11285,74,3,2026-04-18,1
11286,133,3,2026-04-18,1
11287,252,3,2026-04-18,1
11288,84,3,2026-04-18,1
11289,79,3,2026-04-18,2
11290,197,3,2026-04-18,1
11291,287,3,2026-04-18,1
11292,164,3,2026-04-18,2
11293,44,3,2026-04-18,1
11294,204,3,2026-04-18,1
11295,143,3,2026-04-18,2
11296,201,3,2026-04-18,3
11297,244,3,2026-04-18,1
11298,65,3,2026-04-18,1
11299,214,3,2026-04-18,1
11300,119,3,2026-04-18,1
11301,182,3,2026-04-18,4
11302,167,3,2026-04-18,2
11303,298,3,2026-04-18,2
11304,83,3,2026-04-18,2
11305,285,3,2026-04-18,1
11306,71,3,2026-04-18,1
11307,4,3,2026-04-18,3
11308,197,3,2026-04-19,2
11309,78,3,2026-04-19,1
11310,6,3,2026-04-19,2
11311,104,3,2026-04-19,1
11312,285,3,2026-04-19,1
11313,287,3,2026-04-19,2
11314,249,3,2026-04-19,1
11315,7,3,2026-04-19,2
11316,216,3,2026-04-19,2
11317,228,3,2026-04-19,1
11318,15,3,2026-04-19,2
11319,252,3,2026-04-19,2
11320,44,3,2026-04-19,3
11321,65,3,2026-04-19,1
11322,244,3,2026-04-19,1
11323,32,3,2026-04-19,1
11324,155,3,2026-04-19,2
11325,103,3,2026-04-19,2
11326,298,3,2026-04-19,1
11327,109,3,2026-04-19,2
11328,38,3,2026-04-19,2
11329,196,3,2026-04-19,1
11330,67,3,2026-04-19,1
11331,59,3,2026-04-20,3
11332,66,3,2026-04-20,3
11333,67,3,2026-04-20,1
11334,17,3,2026-04-20,2
11335,258,3,2026-04-20,2
11336,287,3,2026-04-20,4
11337,83,3,2026-04-20,2
11338,230,3,2026-04-20,3
11339,244,3,2026-04-20,1
11340,62,3,2026-04-20,3
11341,26,3,2026-04-20,3
11342,204,3,2026-04-20,1
11343,84,3,2026-04-20,1
11344,7,3,2026-04-20,5
11345,164,3,2026-04-20,1
11346,154,3,2026-04-20,3
11347,15,3,2026-04-20,4
11348,75,3,2026-04-20,1
11349,202,3,2026-04-20,1
11350,135,3,2026-04-20,2
11351,182,3,2026-04-20,3
11352,298,3,2026-04-20,2
11353,47,3,2026-04-20,1
11354,110,3,2026-04-20,1
11355,255,3,2026-04-20,1
11356,178,3,2026-04-20,6
11357,51,3,2026-04-20,4
11358,201,3,2026-04-20,2
11359,79,3,2026-04-20,2
11360,127,3,2026-04-20,3
11361,252,3,2026-04-20,2
11362,242,3,2026-04-21,4
11363,67,3,2026-04-21,1
11364,71,3,2026-04-21,3
11365,6,3,2026-04-21,2
11366,44,3,2026-04-21,2
11367,196,3,2026-04-21,1
11368,66,3,2026-04-21,3
11369,143,3,2026-04-21,3
11370,4,3,2026-04-21,1
11371,147,3,2026-04-21,4
11372,26,3,2026-04-21,2
11373,65,3,2026-04-21,2
11374,62,3,2026-04-21,1
11375,133,3,2026-04-21,3
11376,249,3,2026-04-21,4
11377,74,3,2026-04-21,2
11378,7,3,2026-04-21,6
11379,38,3,2026-04-21,1
11380,103,3,2026-04-21,1
11381,167,3,2026-04-21,3
11382,252,3,2026-04-21,3
11383,131,3,2026-04-22,2
11384,78,3,2026-04-22,1
11385,110,3,2026-04-22,2
11386,298,3,2026-04-22,1
11387,242,3,2026-04-22,2
11388,84,3,2026-04-22,3
11389,204,3,2026-04-22,2
11390,71,3,2026-04-22,1
11391,255,3,2026-04-22,1
11392,17,3,2026-04-22,1
11393,7,3,2026-04-22,2
11394,167,3,2026-04-22,1
11395,39,3,2026-04-22,3
11396,212,3,2026-04-22,1
11397,83,3,2026-04-22,1
11398,128,3,2026-04-22,3
11399,228,3,2026-04-23,3
11400,242,3,2026-04-23,3
11401,133,3,2026-04-23,3
11402,258,3,2026-04-23,3
11403,214,3,2026-04-23,4
11404,7,3,2026-04-23,2
11405,51,3,2026-04-23,2
11406,26,3,2026-04-23,1
11407,71,3,2026-04-23,3
11408,244,3,2026-04-23,1
11409,287,3,2026-04-23,3
11410,218,3,2026-04-23,2
11411,39,3,2026-04-23,1
11412,74,3,2026-04-23,2
11413,255,3,2026-04-23,3
11414,249,3,2026-04-23,1
11415,66,3,2026-04-23,2
11416,298,3,2026-04-23,1
11417,17,3,2026-04-23,3
11418,211,3,2026-04-23,1
11419,131,3,2026-04-23,3
11420,44,3,2026-04-23,1
11421,32,3,2026-04-23,2
11422,167,3,2026-04-23,3
11423,204,3,2026-04-23,2
11424,84,3,2026-04-23,1
11425,75,3,2026-04-23,2
11426,285,3,2026-04-24,1
11427,244,3,2026-04-24,2
11428,147,3,2026-04-24,5
11429,182,3,2026-04-24,2
11430,84,3,2026-04-24,1
11431,116,3,2026-04-24,1
11432,6,3,2026-04-24,4
11433,62,3,2026-04-24,3
11434,211,3,2026-04-24,3
11435,249,3,2026-04-24,3
11436,167,3,2026-04-24,1
11437,154,3,2026-04-24,2
11438,67,3,2026-04-24,2
11439,47,3,2026-04-24,2
11440,164,3,2026-04-24,2
11441,74,3,2026-04-24,5
11442,242,3,2026-04-24,1
11443,133,3,2026-04-24,3
11444,110,3,2026-04-24,1
11445,230,3,2026-04-24,2
11446,32,3,2026-04-24,3
11447,218,3,2026-04-24,3
11448,109,3,2026-04-24,2
11449,216,3,2026-04-24,2
11450,131,3,2026-04-24,1
11451,39,3,2026-04-24,1
11452,212,3,2026-04-24,1
11453,103,3,2026-04-24,2
11454,143,3,2026-04-24,4
11455,26,3,2026-04-24,4
11456,32,3,2026-04-25,2
11457,181,3,2026-04-25,1
11458,133,3,2026-04-25,1
11459,131,3,2026-04-25,1
11460,252,3,2026-04-25,1
11461,83,3,2026-04-25,1
11462,44,3,2026-04-26,1
11463,287,3,2026-04-26,1
11464,67,3,2026-04-26,1
11465,135,3,2026-04-26,1
11466,119,3,2026-04-26,1
11467,6,3,2026-04-26,2
11468,216,3,2026-04-26,1
11469,85,3,2026-04-26,1
11470,84,3,2026-04-26,1
11471,202,3,2026-04-26,2
11472,196,3,2026-04-26,1
11473,244,3,2026-04-26,2
11474,104,3,2026-04-26,2
11475,83,3,2026-04-26,1
11476,127,3,2026-04-27,2
11477,44,3,2026-04-27,1
11478,48,3,2026-04-27,1
11479,24,3,2026-04-27,2
11480,7,3,2026-04-27,5
11481,68,3,2026-04-27,2
11482,78,3,2026-04-27,4
11483,204,3,2026-04-27,3
11484,178,3,2026-04-27,1
11485,201,3,2026-04-27,5
11486,6,3,2026-04-27,2
11487,66,3,2026-04-27,3
11488,216,3,2026-04-27,3
11489,287,3,2026-04-27,5
11490,85,3,2026-04-27,5
11491,147,3,2026-04-27,2
11492,135,3,2026-04-27,3
11493,71,3,2026-04-27,2
11494,128,3,2026-04-27,1
11495,110,3,2026-04-27,3
11496,298,3,2026-04-27,5
11497,104,3,2026-04-27,2
11498,285,3,2026-04-27,4
11499,167,3,2026-04-27,2
11500,75,3,2026-04-27,1
11501,216,3,2026-04-28,2
11502,67,3,2026-04-28,7
11503,32,3,2026-04-28,1
11504,84,3,2026-04-28,4
11505,167,3,2026-04-28,4
11506,65,3,2026-04-28,7
11507,133,3,2026-04-28,3
11508,104,3,2026-04-28,4
11509,44,3,2026-04-28,6
11510,71,3,2026-04-28,3
11511,226,3,2026-04-28,4
11512,39,3,2026-04-28,1
11513,154,3,2026-04-28,5
11514,116,3,2026-04-28,4
11515,17,3,2026-04-28,5
11516,287,3,2026-04-28,4
11517,66,3,2026-04-28,4
11518,249,3,2026-04-28,4
11519,47,3,2026-04-28,2
11520,85,3,2026-04-28,3
11521,79,3,2026-04-28,2
11522,201,3,2026-04-28,4
11523,62,3,2026-04-28,4
11524,178,3,2026-04-28,4
11525,74,3,2026-04-28,4
11526,78,3,2026-04-29,3
11527,197,3,2026-04-29,1
11528,48,3,2026-04-29,2
11529,218,3,2026-04-29,3
11530,79,3,2026-04-29,1
11531,230,3,2026-04-29,1
11532,202,3,2026-04-29,3
11533,44,3,2026-04-29,2
11534,164,3,2026-04-29,1
11535,258,3,2026-04-29,2
11536,242,3,2026-04-29,7
11537,109,3,2026-04-29,4
11538,85,3,2026-04-29,5
11539,59,3,2026-04-29,2
11540,66,3,2026-04-29,2
11541,167,3,2026-04-29,2
11542,181,3,2026-04-29,1
11543,228,3,2026-04-29,2
11544,71,3,2026-04-29,6
11545,252,3,2026-04-29,3
11546,204,3,2026-04-29,2
11547,7,3,2026-04-29,1
11548,32,3,2026-04-29,2
11549,65,3,2026-04-29,5
11550,127,3,2026-04-29,1
11551,147,3,2026-04-29,1
11552,143,3,2026-04-29,5
11553,75,3,2026-04-29,4
11554,39,3,2026-04-29,2
11555,135,3,2026-04-29,1
11556,62,3,2026-04-29,1
11557,182,3,2026-04-29,2
11558,211,3,2026-04-30,1
11559,167,3,2026-04-30,1
11560,67,3,2026-04-30,4
11561,116,3,2026-04-30,1
11562,32,3,2026-04-30,2
11563,84,3,2026-04-30,3
11564,202,3,2026-04-30,1
11565,38,3,2026-04-30,1
11566,39,3,2026-04-30,2
11567,258,3,2026-04-30,2
11568,230,3,2026-04-30,2
11569,155,3,2026-04-30,3
11570,244,3,2026-04-30,2
11571,285,3,2026-04-30,1
11572,298,3,2026-04-30,3
11573,85,3,2026-04-30,2
11574,79,3,2026-04-30,3
11575,59,3,2026-04-30,5
11576,62,3,2026-04-30,1
11577,78,3,2026-05-01,2
11578,214,3,2026-05-01,1
11579,178,3,2026-05-01,1
11580,197,3,2026-05-01,3
11581,255,3,2026-05-01,4
11582,181,3,2026-05-01,1
11583,110,3,2026-05-01,1
11584,127,3,2026-05-01,3
11585,68,3,2026-05-01,1
11586,244,3,2026-05-01,5
11587,204,3,2026-05-01,1
11588,287,3,2026-05-01,4
11589,216,3,2026-05-01,2
11590,38,3,2026-05-01,4
11591,48,3,2026-05-01,2
11592,242,3,2026-05-01,1
11593,226,3,2026-05-01,1
11594,6,3,2026-05-01,1
11595,17,3,2026-05-01,2
11596,128,3,2026-05-01,1
11597,196,3,2026-05-01,2
11598,131,3,2026-05-01,4
11599,75,3,2026-05-01,1
11600,79,3,2026-05-01,2
11601,212,3,2026-05-01,2
11602,298,3,2026-05-01,2
11603,218,3,2026-05-01,2
11604,103,3,2026-05-01,2
11605,154,3,2026-05-01,3
11606,178,3,2026-05-02,1
11607,110,3,2026-05-02,2
11608,38,3,2026-05-02,1
11609,6,3,2026-05-02,1
11610,62,3,2026-05-02,2
11611,298,3,2026-05-02,4
11612,216,3,2026-05-02,2
11613,32,3,2026-05-02,1
11614,181,3,2026-05-02,1
11615,249,3,2026-05-02,1
11616,109,3,2026-05-02,1
11617,258,3,2026-05-02,3
11618,119,3,2026-05-02,2
11619,68,3,2026-05-02,1
11620,228,3,2026-05-02,1
11621,128,3,2026-05-02,3
11622,85,3,2026-05-03,1
11623,48,3,2026-05-03,2
11624,147,3,2026-05-03,1
11625,182,3,2026-05-03,2
11626,116,3,2026-05-03,1
11627,255,3,2026-05-03,1
11628,211,3,2026-05-03,1
11629,15,3,2026-05-03,1
11630,242,3,2026-05-03,2
11631,143,3,2026-05-03,1
11632,258,3,2026-05-03,1
11633,26,3,2026-05-03,1
11634,66,3,2026-05-03,2
11635,74,3,2026-05-03,1
11636,62,3,2026-05-03,1
11637,38,3,2026-05-04,3
11638,84,3,2026-05-04,1
11639,298,3,2026-05-04,1
11640,228,3,2026-05-04,3
11641,244,3,2026-05-04,2
11642,197,3,2026-05-04,2
11643,6,3,2026-05-04,2
11644,287,3,2026-05-04,1
11645,147,3,2026-05-04,6
11646,242,3,2026-05-04,3
11647,127,3,2026-05-04,2
11648,78,3,2026-05-04,3
11649,226,3,2026-05-04,4
11650,143,3,2026-05-04,1
11651,135,3,2026-05-05,2
11652,181,3,2026-05-05,3
11653,85,3,2026-05-05,3
11654,119,3,2026-05-05,3
11655,7,3,2026-05-05,2
11656,71,3,2026-05-05,1
11657,147,3,2026-05-05,1
11658,116,3,2026-05-05,2
11659,26,3,2026-05-05,3
11660,62,3,2026-05-05,2
11661,167,3,2026-05-05,1
11662,32,3,2026-05-05,2
11663,182,3,2026-05-05,4
11664,78,3,2026-05-05,2
11665,242,3,2026-05-05,2
11666,103,3,2026-05-06,6
11667,67,3,2026-05-06,3
11668,287,3,2026-05-06,2
11669,74,3,2026-05-06,2
11670,84,3,2026-05-06,6
11671,202,3,2026-05-06,2
11672,78,3,2026-05-06,4
11673,7,3,2026-05-06,1
11674,155,3,2026-05-06,2
11675,51,3,2026-05-06,5
11676,182,3,2026-05-06,2
11677,116,3,2026-05-06,9
11678,68,3,2026-05-06,2
11679,24,3,2026-05-06,3
11680,71,3,2026-05-06,4
11681,218,3,2026-05-06,4
11682,204,3,2026-05-07,5
11683,201,3,2026-05-07,4
11684,24,3,2026-05-07,3
11685,216,3,2026-05-07,3
11686,214,3,2026-05-07,4
11687,79,3,2026-05-07,1
11688,78,3,2026-05-07,1
11689,59,3,2026-05-07,2
11690,32,3,2026-05-07,3
11691,258,3,2026-05-07,1
11692,202,3,2026-05-07,2
11693,17,3,2026-05-07,2
11694,135,3,2026-05-07,3
11695,71,3,2026-05-07,2
11696,127,3,2026-05-07,1
11697,15,3,2026-05-07,2
11698,155,3,2026-05-07,3
11699,104,3,2026-05-07,3
11700,75,3,2026-05-07,2
11701,47,3,2026-05-07,4
11702,197,3,2026-05-07,3
11703,249,3,2026-05-07,3
11704,212,3,2026-05-07,5
11705,6,3,2026-05-07,3
11706,66,3,2026-05-07,3
11707,133,3,2026-05-07,2
11708,131,3,2026-05-07,2
11709,116,3,2026-05-07,3
11710,285,3,2026-05-08,5
11711,258,3,2026-05-08,4
11712,65,3,2026-05-08,1
11713,131,3,2026-05-08,3
11714,181,3,2026-05-08,6
11715,6,3,2026-05-08,4
11716,67,3,2026-05-08,5
11717,154,3,2026-05-08,7
11718,110,3,2026-05-08,2
11719,84,3,2026-05-08,6
11720,216,3,2026-05-08,4
11721,127,3,2026-05-08,3
11722,44,3,2026-05-08,3
11723,252,3,2026-05-08,6
11724,204,3,2026-05-08,6
11725,228,3,2026-05-08,3
11726,226,3,2026-05-08,1
11727,244,3,2026-05-08,9
11728,178,3,2026-05-08,4
11729,164,3,2026-05-08,2
11730,38,3,2026-05-08,1
11731,47,3,2026-05-08,5
11732,143,3,2026-05-09,1
11733,216,3,2026-05-09,1
11734,116,3,2026-05-09,1
11735,66,3,2026-05-09,1
11736,44,3,2026-05-09,1
11737,4,3,2026-05-09,3
11738,71,3,2026-05-09,1
11739,197,3,2026-05-09,1
11740,104,3,2026-05-09,2
11741,79,3,2026-05-09,3
11742,167,3,2026-05-09,2
11743,164,3,2026-05-09,2
11744,39,3,2026-05-09,1
11745,51,3,2026-05-09,2
11746,218,3,2026-05-09,2
11747,65,3,2026-05-09,2
11748,78,3,2026-05-09,1
11749,127,3,2026-05-09,2
11750,17,3,2026-05-09,2
11751,74,3,2026-05-09,2
11752,212,3,2026-05-09,2
11753,258,3,2026-05-10,1
11754,109,3,2026-05-10,2
11755,104,3,2026-05-10,3
11756,4,3,2026-05-10,2
11757,83,3,2026-05-10,1
11758,230,3,2026-05-10,1
11759,78,3,2026-05-10,2
11760,255,3,2026-05-10,1
11761,135,3,2026-05-10,1
11762,298,3,2026-05-10,2
11763,15,3,2026-05-10,1
11764,68,3,2026-05-10,1
11765,6,3,2026-05-10,3
11766,181,3,2026-05-10,1
11767,226,3,2026-05-11,2
11768,164,3,2026-05-11,1
11769,128,3,2026-05-11,3
11770,182,3,2026-05-11,3
11771,84,3,2026-05-11,2
11772,116,3,2026-05-11,1
11773,15,3,2026-05-11,2
11774,103,3,2026-05-11,2
11775,32,3,2026-05-11,3
11776,7,3,2026-05-11,2
11777,218,3,2026-05-11,2
11778,201,3,2026-05-11,4
11779,48,3,2026-05-11,3
11780,78,3,2026-05-12,1
11781,298,3,2026-05-12,3
11782,103,3,2026-05-12,3
11783,249,3,2026-05-12,1
11784,178,3,2026-05-12,1
11785,287,3,2026-05-12,3
11786,197,3,2026-05-12,6
11787,7,3,2026-05-12,1
11788,255,3,2026-05-12,3
11789,15,3,2026-05-12,2
11790,65,3,2026-05-12,3
11791,66,3,2026-05-12,2
11792,6,3,2026-05-12,2
11793,116,3,2026-05-12,2
11794,17,3,2026-05-12,4
11795,74,3,2026-05-12,2
11796,155,3,2026-05-12,2
11797,212,3,2026-05-12,3
11798,167,3,2026-05-12,4
11799,104,3,2026-05-12,2
11800,244,3,2026-05-12,1
11801,216,3,2026-05-12,1
11802,84,3,2026-05-12,1
11803,133,3,2026-05-12,2
11804,68,3,2026-05-12,2
11805,131,3,2026-05-12,2
11806,119,3,2026-05-12,1
11807,164,3,2026-05-12,4
11808,211,3,2026-05-12,1
11809,204,3,2026-05-12,4
11810,83,3,2026-05-12,4
11811,32,3,2026-05-12,5
11812,167,3,2026-05-13,2
11813,196,3,2026-05-13,3
11814,103,3,2026-05-13,3
11815,154,3,2026-05-13,1
11816,47,3,2026-05-13,3
11817,143,3,2026-05-13,1
11818,211,3,2026-05-13,1
11819,244,3,2026-05-13,2
11820,131,3,2026-05-13,1
11821,285,3,2026-05-13,2
11822,258,3,2026-05-13,1
11823,51,3,2026-05-13,3
11824,218,3,2026-05-14,2
11825,44,3,2026-05-14,2
11826,249,3,2026-05-14,6
11827,135,3,2026-05-14,3
11828,75,3,2026-05-14,4
11829,110,3,2026-05-14,3
11830,202,3,2026-05-14,1
11831,48,3,2026-05-14,1
11832,116,3,2026-05-14,1
11833,59,3,2026-05-14,5
11834,39,3,2026-05-14,1
11835,51,3,2026-05-14,6
11836,147,3,2026-05-14,2
11837,214,3,2026-05-14,5
11838,84,3,2026-05-14,5
11839,181,3,2026-05-14,2
11840,24,3,2026-05-14,4
11841,131,3,2026-05-14,3
11842,212,3,2026-05-14,1
11843,197,3,2026-05-14,3
11844,15,3,2026-05-14,2
11845,103,3,2026-05-14,4
11846,83,3,2026-05-14,3
11847,255,3,2026-05-14,2
11848,128,3,2026-05-14,1
11849,62,3,2026-05-14,2
11850,17,3,2026-05-14,5
11851,196,3,2026-05-14,1
11852,71,3,2026-05-14,2
11853,68,3,2026-05-14,2
11854,258,3,2026-05-14,1
11855,298,3,2026-05-14,2
11856,216,3,2026-05-14,2
11857,244,3,2026-05-14,2
11858,167,3,2026-05-14,2
11859,74,3,2026-05-14,3
11860,83,3,2026-05-15,2
11861,68,3,2026-05-15,1
11862,258,3,2026-05-15,3
11863,143,3,2026-05-15,4
11864,39,3,2026-05-15,2
11865,62,3,2026-05-15,3
11866,214,3,2026-05-15,4
11867,252,3,2026-05-15,2
11868,298,3,2026-05-15,1
11869,59,3,2026-05-15,1
11870,155,3,2026-05-15,1
11871,15,3,2026-05-15,2
11872,226,3,2026-05-15,4
11873,75,3,2026-05-15,2
11874,249,3,2026-05-15,1
11875,109,3,2026-05-15,2
11876,182,3,2026-05-16,1
11877,116,3,2026-05-16,1
11878,258,3,2026-05-16,3
11879,109,3,2026-05-16,1
11880,104,3,2026-05-16,3
11881,202,3,2026-05-16,2
11882,68,3,2026-05-16,1
11883,197,3,2026-05-16,3
11884,32,3,2026-05-16,2
11885,287,3,2026-05-16,1
11886,74,3,2026-05-16,1
11887,24,3,2026-05-16,2
11888,83,3,2026-05-16,1
11889,4,3,2026-05-16,2
11890,147,3,2026-05-16,1
11891,214,3,2026-05-16,2
11892,4,3,2026-05-17,1
11893,83,3,2026-05-17,1
11894,298,3,2026-05-17,3
11895,135,3,2026-05-17,3
11896,39,3,2026-05-17,1
11897,214,3,2026-05-17,1
11898,74,3,2026-05-17,1
11899,103,3,2026-05-17,1
11900,128,3,2026-05-17,1
11901,202,3,2026-05-17,1
11902,230,3,2026-05-17,1
11903,38,3,2026-05-17,1
11904,226,3,2026-05-17,1
11905,116,3,2026-05-17,1
11906,67,3,2026-05-17,2
11907,109,3,2026-05-17,1
11908,71,3,2026-05-17,1
11909,66,3,2026-05-17,1
11910,7,3,2026-05-17,1
11911,255,3,2026-05-17,1
11912,75,3,2026-05-18,2
11913,147,3,2026-05-18,1
11914,287,3,2026-05-18,1
11915,211,3,2026-05-18,6
11916,47,3,2026-05-18,4
11917,285,3,2026-05-18,1
11918,181,3,2026-05-18,4
11919,38,3,2026-05-18,5
11920,4,3,2026-05-18,4
11921,164,3,2026-05-18,5
11922,62,3,2026-05-18,2
11923,6,3,2026-05-18,4
11924,110,3,2026-05-18,3
11925,133,3,2026-05-18,5
11926,59,3,2026-05-18,3
11927,197,3,2026-05-18,2
11928,78,3,2026-05-18,1
11929,116,3,2026-05-18,1
11930,104,3,2026-05-18,3
11931,85,3,2026-05-18,1
11932,32,3,2026-05-18,5
11933,7,3,2026-05-18,1
11934,135,3,2026-05-18,3
11935,24,3,2026-05-18,2
11936,178,3,2026-05-18,3
11937,244,3,2026-05-18,1
11938,39,3,2026-05-18,2
11939,228,3,2026-05-18,1
11940,214,3,2026-05-18,1
11941,79,3,2026-05-18,3
11942,154,3,2026-05-18,2
11943,182,3,2026-05-18,4
11944,258,3,2026-05-18,2
11945,47,3,2026-05-19,5
11946,181,3,2026-05-19,3
11947,83,3,2026-05-19,5
11948,196,3,2026-05-19,2
11949,167,3,2026-05-19,5
11950,67,3,2026-05-19,4
11951,78,3,2026-05-19,1
11952,252,3,2026-05-19,2
11953,164,3,2026-05-19,2
11954,103,3,2026-05-19,1
11955,65,3,2026-05-19,3
11956,4,3,2026-05-19,1
11957,39,3,2026-05-20,1
11958,66,3,2026-05-20,2
11959,197,3,2026-05-20,2
11960,182,3,2026-05-20,2
11961,133,3,2026-05-20,5
11962,178,3,2026-05-20,3
11963,119,3,2026-05-20,3
11964,59,3,2026-05-20,1
11965,85,3,2026-05-20,1
11966,71,3,2026-05-20,2
11967,135,3,2026-05-20,4
11968,212,3,2026-05-20,2
11969,167,3,2026-05-20,2
11970,228,3,2026-05-20,3
11971,216,3,2026-05-20,3
11972,38,3,2026-05-20,1
11973,47,3,2026-05-20,3
11974,181,3,2026-05-20,2
11975,181,3,2026-05-21,1
11976,226,3,2026-05-21,2
11977,32,3,2026-05-21,2
11978,201,3,2026-05-21,1
11979,249,3,2026-05-21,1
11980,214,3,2026-05-21,2
11981,110,3,2026-05-21,2
11982,285,3,2026-05-21,1
11983,68,3,2026-05-21,2
11984,83,3,2026-05-21,2
11985,84,3,2026-05-21,2
11986,252,3,2026-05-21,2
11987,17,3,2026-05-21,4
11988,167,3,2026-05-21,4
11989,7,3,2026-05-21,6
11990,103,3,2026-05-21,3
11991,128,3,2026-05-21,1
11992,147,3,2026-05-21,1
11993,24,3,2026-05-22,2
11994,74,3,2026-05-22,5
11995,255,3,2026-05-22,2
11996,133,3,2026-05-22,1
11997,154,3,2026-05-22,2
11998,4,3,2026-05-22,3
11999,119,3,2026-05-22,2
12000,79,3,2026-05-22,5
12001,230,3,2026-05-22,1
12002,17,3,2026-05-22,3
12003,197,3,2026-05-22,1
12004,228,3,2026-05-22,2
12005,181,3,2026-05-22,4
12006,66,3,2026-05-22,2
12007,65,3,2026-05-22,3
12008,244,3,2026-05-22,1
12009,258,3,2026-05-22,1
12010,196,3,2026-05-22,2
12011,226,3,2026-05-22,2
12012,147,3,2026-05-22,2
12013,218,3,2026-05-22,2
12014,75,3,2026-05-22,2
12015,249,3,2026-05-22,3
12016,212,3,2026-05-22,1
12017,84,3,2026-05-22,4
12018,109,3,2026-05-22,3
12019,15,3,2026-05-22,2
12020,7,3,2026-05-22,2
12021,127,3,2026-05-23,1
12022,17,3,2026-05-23,3
12023,32,3,2026-05-23,2
12024,128,3,2026-05-23,3
12025,119,3,2026-05-23,1
12026,143,3,2026-05-23,1
12027,181,3,2026-05-23,2
12028,228,3,2026-05-23,1
12029,202,3,2026-05-23,1
12030,38,3,2026-05-23,1
12031,85,3,2026-05-23,3
12032,48,3,2026-05-23,1
12033,44,3,2026-05-23,3
12034,110,3,2026-05-23,2
12035,211,3,2026-05-23,3
12036,167,3,2026-05-23,1
12037,84,3,2026-05-23,1
12038,51,3,2026-05-23,1
12039,79,3,2026-05-23,1
12040,216,3,2026-05-23,2
12041,242,3,2026-05-23,1
12042,197,3,2026-05-23,1
12043,83,3,2026-05-23,2
12044,196,3,2026-05-24,1
12045,255,3,2026-05-24,1
12046,201,3,2026-05-24,2
12047,68,3,2026-05-24,1
12048,17,3,2026-05-24,2
12049,127,3,2026-05-24,1
12050,116,3,2026-05-24,1
12051,119,3,2026-05-24,2
12052,214,3,2026-05-24,1
12053,83,3,2026-05-24,1
12054,26,3,2026-05-24,2
12055,228,3,2026-05-24,1
12056,48,3,2026-05-24,1
12057,252,3,2026-05-24,2
12058,287,3,2026-05-24,2
12059,26,3,2026-05-25,3
12060,38,3,2026-05-25,3
12061,242,3,2026-05-25,4
12062,249,3,2026-05-25,6
12063,287,3,2026-05-25,4
12064,216,3,2026-05-25,3
12065,135,3,2026-05-25,1
12066,4,3,2026-05-25,2
12067,212,3,2026-05-25,2
12068,116,3,2026-05-25,1
12069,147,3,2026-05-25,5
12070,230,3,2026-05-25,2
12071,59,3,2026-05-25,4
12072,143,3,2026-05-25,4
12073,244,3,2026-05-25,1
12074,197,3,2026-05-25,1
12075,67,3,2026-05-25,1
12076,181,3,2026-05-25,3
12077,228,3,2026-05-25,4
12078,204,3,2026-05-25,9
12079,83,3,2026-05-25,2
12080,62,3,2026-05-25,4
12081,133,3,2026-05-25,1
12082,68,3,2026-05-25,1
12083,252,3,2026-05-25,3
12084,103,3,2026-05-25,1
12085,167,3,2026-05-26,1
12086,298,3,2026-05-26,3
12087,178,3,2026-05-26,2
12088,127,3,2026-05-26,1
12089,103,3,2026-05-26,1
12090,255,3,2026-05-26,4
12091,47,3,2026-05-26,1
12092,62,3,2026-05-26,3
12093,252,3,2026-05-26,1
12094,244,3,2026-05-26,3
12095,6,3,2026-05-26,2
12096,109,3,2026-05-26,6
12097,202,3,2026-05-26,2
12098,155,3,2026-05-26,3
12099,230,3,2026-05-26,1
12100,133,3,2026-05-26,1
12101,128,3,2026-05-26,2
12102,181,3,2026-05-26,1
12103,119,3,2026-05-26,1
12104,44,3,2026-05-26,2
12105,32,3,2026-05-26,3
12106,242,3,2026-05-26,2
12107,285,3,2026-05-27,3
12108,211,3,2026-05-27,3
12109,226,3,2026-05-27,2
12110,104,3,2026-05-27,2
12111,39,3,2026-05-27,4
12112,252,3,2026-05-27,3
12113,228,3,2026-05-27,2
12114,110,3,2026-05-27,3
12115,85,3,2026-05-27,1
12116,298,3,2026-05-27,4
12117,143,3,2026-05-27,3
12118,127,3,2026-05-27,2
12119,119,3,2026-05-27,3
12120,202,3,2026-05-27,2
12121,51,3,2026-05-27,2
12122,147,3,2026-05-27,3
12123,103,3,2026-05-27,3
12124,65,3,2026-05-28,2
12125,110,3,2026-05-28,1
12126,67,3,2026-05-28,2
12127,83,3,2026-05-28,4
12128,85,3,2026-05-28,2
12129,252,3,2026-05-28,6
12130,155,3,2026-05-28,2
12131,182,3,2026-05-28,5
12132,204,3,2026-05-28,3
12133,26,3,2026-05-28,2
12134,39,3,2026-05-28,2
12135,143,3,2026-05-28,1
12136,135,3,2026-05-28,6
12137,84,3,2026-05-28,3
12138,127,3,2026-05-28,1
12139,38,3,2026-05-28,3
12140,51,3,2026-05-28,2
12141,71,3,2026-05-28,8
12142,147,3,2026-05-28,1
12143,258,3,2026-05-28,1
12144,75,3,2026-05-28,4
12145,17,3,2026-05-28,5
12146,285,3,2026-05-28,2
12147,78,3,2026-05-28,3
12148,6,3,2026-05-28,2
12149,59,3,2026-05-28,6
12150,66,3,2026-05-28,2
12151,119,3,2026-05-28,1
12152,202,3,2026-05-28,4
12153,79,3,2026-05-28,1
12154,201,3,2026-05-28,2
12155,181,3,2026-05-28,2
12156,252,3,2026-05-29,2
12157,135,3,2026-05-29,3
12158,119,3,2026-05-29,1
12159,67,3,2026-05-29,3
12160,133,3,2026-05-29,4
12161,26,3,2026-05-29,4
12162,38,3,2026-05-29,4
12163,211,3,2026-05-29,1
12164,216,3,2026-05-29,2
12165,4,3,2026-05-29,3
12166,285,3,2026-05-29,2
12167,230,3,2026-05-29,1
12168,228,3,2026-05-29,2
12169,59,3,2026-05-29,1
12170,75,3,2026-05-29,3
12171,244,3,2026-05-29,8
12172,83,3,2026-05-29,1
12173,218,3,2026-05-29,3
12174,298,3,2026-05-30,3
12175,17,3,2026-05-30,2
12176,78,3,2026-05-30,1
12177,71,3,2026-05-30,1
12178,110,3,2026-05-30,1
12179,178,3,2026-05-30,1
12180,119,3,2026-05-30,1
12181,6,3,2026-05-30,1
12182,255,3,2026-05-30,1
12183,143,3,2026-05-30,1
12184,66,3,2026-05-31,2
12185,109,3,2026-05-31,1
12186,212,3,2026-05-31,1
12187,167,3,2026-05-31,1
12188,218,3,2026-05-31,3
12189,74,3,2026-05-31,1
12190,147,3,2026-05-31,1
12191,67,3,2026-05-31,3
12192,7,3,2026-05-31,2
12193,51,3,2026-05-31,1
12194,59,3,2026-05-31,1
12195,287,3,2026-05-31,2
12196,230,3,2026-05-31,2
12197,17,3,2026-05-31,1
12198,204,3,2026-05-31,2
12199,26,3,2026-05-31,2
12200,211,3,2026-05-31,1
12201,133,3,2026-05-31,2
12202,24,3,2026-06-01,1
12203,242,3,2026-06-01,5
12204,32,3,2026-06-01,3
12205,154,3,2026-06-01,5
12206,298,3,2026-06-01,1
12207,6,3,2026-06-01,4
12208,218,3,2026-06-01,3
12209,197,3,2026-06-01,3
12210,181,3,2026-06-01,1
12211,17,3,2026-06-01,4
12212,44,3,2026-06-01,1
12213,79,3,2026-06-01,3
12214,38,3,2026-06-01,1
12215,15,3,2026-06-01,2
12216,128,3,2026-06-01,1
12217,26,3,2026-06-01,2
12218,155,3,2026-06-01,4
12219,204,3,2026-06-01,1
12220,164,3,2026-06-01,1
12221,202,3,2026-06-01,2
12222,62,3,2026-06-01,2
12223,287,3,2026-06-01,2
12224,147,3,2026-06-01,4
12225,226,3,2026-06-01,1
12226,182,3,2026-06-02,2
12227,85,3,2026-06-02,1
12228,178,3,2026-06-02,4
12229,196,3,2026-06-02,3
12230,32,3,2026-06-02,3
12231,211,3,2026-06-02,3
12232,38,3,2026-06-02,1
12233,104,3,2026-06-02,2
12234,202,3,2026-06-02,2
12235,287,3,2026-06-02,2
12236,249,3,2026-06-02,2
12237,143,3,2026-06-02,3
12238,17,3,2026-06-02,2
12239,78,3,2026-06-02,3
12240,216,3,2026-06-02,1
12241,197,3,2026-06-02,5
12242,110,3,2026-06-02,1
12243,26,3,2026-06-02,2
12244,131,3,2026-06-02,2
12245,249,3,2026-06-03,2
12246,285,3,2026-06-03,2
12247,216,3,2026-06-03,4
12248,178,3,2026-06-03,2
12249,116,3,2026-06-03,3
12250,59,3,2026-06-03,1
12251,66,3,2026-06-03,1
12252,67,3,2026-06-03,1
12253,38,3,2026-06-03,2
12254,6,3,2026-06-03,1
12255,75,3,2026-06-03,1
12256,32,3,2026-06-03,3
12257,202,3,2026-06-03,4
12258,228,3,2026-06-03,2
12259,62,3,2026-06-03,2
12260,103,3,2026-06-03,3
12261,74,3,2026-06-03,3
12262,85,3,2026-06-03,2
12263,244,3,2026-06-03,1
12264,197,3,2026-06-03,2
12265,212,3,2026-06-03,2
12266,17,3,2026-06-03,1
12267,201,3,2026-06-03,1
12268,24,3,2026-06-03,4
12269,147,3,2026-06-03,2
12270,26,3,2026-06-03,2
12271,252,3,2026-06-03,5
12272,143,3,2026-06-03,4
12273,258,3,2026-06-04,3
12274,230,3,2026-06-04,2
12275,7,3,2026-06-04,4
12276,4,3,2026-06-04,3
12277,164,3,2026-06-04,3
12278,242,3,2026-06-04,2
12279,83,3,2026-06-04,1
12280,249,3,2026-06-04,1
12281,32,3,2026-06-04,1
12282,154,3,2026-06-04,4
12283,26,3,2026-06-04,1
12284,226,3,2026-06-04,3
12285,116,3,2026-06-04,2
12286,147,3,2026-06-04,1
12287,109,3,2026-06-04,3
12288,110,3,2026-06-04,2
12289,78,3,2026-06-04,2
12290,128,3,2026-06-04,3
12291,204,3,2026-06-04,1
12292,59,3,2026-06-04,2
12293,298,3,2026-06-04,1
12294,252,3,2026-06-04,1
12295,24,3,2026-06-04,1
12296,62,3,2026-06-04,1
12297,119,3,2026-06-04,3
12298,79,3,2026-06-04,4
12299,133,3,2026-06-04,1
12300,39,3,2026-06-04,1
12301,110,3,2026-06-05,2
12302,48,3,2026-06-05,2
12303,258,3,2026-06-05,1
12304,197,3,2026-06-05,3
12305,298,3,2026-06-05,1
12306,181,3,2026-06-05,2
12307,287,3,2026-06-05,3
12308,154,3,2026-06-05,1
12309,228,3,2026-06-05,1
12310,244,3,2026-06-05,4
12311,62,3,2026-06-05,2
12312,84,3,2026-06-05,2
12313,24,3,2026-06-05,2
12314,178,3,2026-06-05,3
12315,85,3,2026-06-05,1
12316,131,3,2026-06-05,2
12317,155,3,2026-06-05,1
12318,255,3,2026-06-05,1
12319,15,3,2026-06-05,2
12320,79,3,2026-06-05,2
12321,202,3,2026-06-05,3
12322,133,3,2026-06-05,5
12323,51,3,2026-06-05,4
12324,252,3,2026-06-05,3
12325,216,3,2026-06-05,5
12326,182,3,2026-06-05,2
12327,83,3,2026-06-05,9
12328,39,3,2026-06-05,3
12329,71,3,2026-06-05,2
12330,6,3,2026-06-05,3
12331,103,3,2026-06-05,4
12332,71,3,2026-06-06,1
12333,62,3,2026-06-06,2
12334,109,3,2026-06-06,1
12335,133,3,2026-06-06,1
12336,154,3,2026-06-06,1
12337,83,3,2026-06-06,2
12338,65,3,2026-06-06,2
12339,119,3,2026-06-06,1
12340,226,3,2026-06-06,1
12341,181,3,2026-06-06,2
12342,17,3,2026-06-06,2
12343,182,3,2026-06-06,3
12344,74,3,2026-06-06,2
12345,249,3,2026-06-06,2
12346,128,3,2026-06-06,1
12347,216,3,2026-06-06,1
12348,131,3,2026-06-06,3
12349,66,3,2026-06-06,1
12350,202,3,2026-06-06,1
12351,147,3,2026-06-06,2
12352,244,3,2026-06-06,1
12353,67,3,2026-06-07,4
12354,17,3,2026-06-07,1
12355,74,3,2026-06-07,3
12356,154,3,2026-06-07,2
12357,15,3,2026-06-07,1
12358,103,3,2026-06-07,1
12359,79,3,2026-06-07,1
12360,38,3,2026-06-07,1
12361,32,3,2026-06-07,2
12362,258,3,2026-06-07,1
12363,119,3,2026-06-07,1
12364,196,3,2026-06-07,1
12365,230,3,2026-06-07,1
12366,255,3,2026-06-07,1
12367,78,3,2026-06-07,2
12368,252,3,2026-06-08,2
12369,258,3,2026-06-08,1
12370,287,3,2026-06-08,2
12371,32,3,2026-06-08,1
12372,167,3,2026-06-08,1
12373,71,3,2026-06-08,2
12374,154,3,2026-06-08,4
12375,48,3,2026-06-08,2
12376,298,3,2026-06-08,1
12377,128,3,2026-06-08,1
12378,84,3,2026-06-08,2
12379,78,3,2026-06-08,3
12380,182,3,2026-06-08,2
12381,85,3,2026-06-09,3
12382,119,3,2026-06-09,2
12383,79,3,2026-06-09,3
12384,218,3,2026-06-09,1
12385,214,3,2026-06-09,2
12386,7,3,2026-06-09,1
12387,39,3,2026-06-09,4
12388,228,3,2026-06-09,3
12389,24,3,2026-06-09,2
12390,103,3,2026-06-09,3
12391,84,3,2026-06-09,1
12392,32,3,2026-06-09,2
12393,249,3,2026-06-09,2
12394,74,3,2026-06-09,2
12395,167,3,2026-06-09,1
12396,211,3,2026-06-09,1
12397,242,3,2026-06-09,2
12398,204,3,2026-06-09,3
12399,110,3,2026-06-09,5
12400,75,3,2026-06-09,5
12401,216,3,2026-06-09,5
12402,181,3,2026-06-09,2
12403,127,3,2026-06-09,3
12404,116,3,2026-06-09,2
12405,147,3,2026-06-09,1
12406,59,3,2026-06-09,1
12407,133,3,2026-06-09,2
12408,202,3,2026-06-09,1
12409,252,3,2026-06-09,1
12410,109,3,2026-06-09,1
12411,38,3,2026-06-09,2
12412,4,3,2026-06-09,1
12413,78,3,2026-06-09,1
12414,26,3,2026-06-09,3
12415,214,3,2026-06-10,1
12416,65,3,2026-06-10,1
12417,127,3,2026-06-10,1
12418,116,3,2026-06-10,3
12419,71,3,2026-06-10,2
12420,44,3,2026-06-10,1
12421,216,3,2026-06-10,1
12422,79,3,2026-06-10,3
12423,26,3,2026-06-10,1
12424,258,3,2026-06-10,1
12425,167,3,2026-06-10,2
12426,244,3,2026-06-10,3
12427,298,3,2026-06-10,3
12428,154,3,2026-06-10,3
12429,155,3,2026-06-10,1
12430,226,3,2026-06-10,5
12431,147,3,2026-06-10,3
12432,84,3,2026-06-10,2
12433,83,3,2026-06-10,2
12434,249,3,2026-06-10,2
12435,143,3,2026-06-10,2
12436,133,3,2026-06-10,2
12437,47,3,2026-06-10,8
12438,68,3,2026-06-10,1
12439,128,3,2026-06-10,2
12440,164,3,2026-06-10,3
12441,79,3,2026-06-11,4
12442,51,3,2026-06-11,1
12443,109,3,2026-06-11,4
12444,104,3,2026-06-11,2
12445,116,3,2026-06-11,3
12446,242,3,2026-06-11,2
12447,258,3,2026-06-11,3
12448,65,3,2026-06-11,1
12449,24,3,2026-06-11,3
12450,178,3,2026-06-11,1
12451,84,3,2026-06-11,1
12452,44,3,2026-06-11,5
12453,71,3,2026-06-12,2
12454,197,3,2026-06-12,1
12455,201,3,2026-06-12,1
12456,119,3,2026-06-12,3
12457,79,3,2026-06-12,1
12458,4,3,2026-06-12,1
12459,212,3,2026-06-12,3
12460,287,3,2026-06-12,1
12461,74,3,2026-06-12,5
12462,182,3,2026-06-12,3
12463,47,3,2026-06-12,3
12464,226,3,2026-06-12,2
12465,116,3,2026-06-12,1
12466,66,3,2026-06-12,1
12467,230,3,2026-06-12,2
12468,48,3,2026-06-12,4
12469,62,3,2026-06-13,1
12470,167,3,2026-06-13,1
12471,242,3,2026-06-13,1
12472,143,3,2026-06-13,4
12473,155,3,2026-06-13,1
12474,6,3,2026-06-13,1
12475,48,3,2026-06-13,1
12476,204,3,2026-06-13,1
12477,258,3,2026-06-13,2
12478,116,3,2026-06-13,2
12479,218,3,2026-06-13,2
12480,298,3,2026-06-13,2
12481,178,3,2026-06-13,2
12482,26,3,2026-06-13,1
12483,67,3,2026-06-13,1
12484,135,3,2026-06-13,1
12485,202,3,2026-06-13,1
12486,44,3,2026-06-13,1
12487,104,3,2026-06-13,3
12488,212,3,2026-06-14,2
12489,211,3,2026-06-14,1
12490,116,3,2026-06-14,3
12491,155,3,2026-06-14,1
12492,133,3,2026-06-14,2
12493,4,3,2026-06-14,1
12494,298,3,2026-06-14,3
12495,51,3,2026-06-14,1
12496,32,3,2026-06-14,1
12497,135,3,2026-06-14,2
12498,214,3,2026-06-14,2
12499,74,3,2026-06-14,4
12500,39,3,2026-06-14,2
12501,6,3,2026-06-14,1
12502,17,3,2026-06-14,2
12503,287,3,2026-06-14,1
12504,83,3,2026-06-14,1
12505,230,3,2026-06-14,1
12506,204,3,2026-06-14,1
12507,143,3,2026-06-14,1
12508,119,3,2026-06-14,2
12509,202,3,2026-06-14,2
12510,127,3,2026-06-14,1
12511,65,3,2026-06-14,1
12512,285,3,2026-06-14,1
12513,242,3,2026-06-14,1
12514,104,3,2026-06-14,1
12515,24,3,2026-06-14,1
12516,51,3,2026-06-15,3
12517,244,3,2026-06-15,1
12518,196,3,2026-06-15,4
12519,298,3,2026-06-15,1
12520,218,3,2026-06-15,2
12521,79,3,2026-06-15,3
12522,75,3,2026-06-15,1
12523,212,3,2026-06-15,1
12524,155,3,2026-06-15,3
12525,127,3,2026-06-15,2
12526,258,3,2026-06-15,3
12527,216,3,2026-06-15,3
12528,24,3,2026-06-15,1
12529,38,3,2026-06-15,2
12530,127,3,2026-06-16,2
12531,47,3,2026-06-16,3
12532,24,3,2026-06-16,3
12533,68,3,2026-06-16,2
12534,216,3,2026-06-16,5
12535,51,3,2026-06-16,3
12536,287,3,2026-06-16,2
12537,211,3,2026-06-16,7
12538,182,3,2026-06-16,1
12539,66,3,2026-06-16,2
12540,255,3,2026-06-16,4
12541,128,3,2026-06-16,2
12542,44,3,2026-06-16,4
12543,197,3,2026-06-16,4
12544,258,3,2026-06-16,3
12545,15,3,2026-06-16,4
12546,167,3,2026-06-16,6
12547,249,3,2026-06-16,4
12548,79,3,2026-06-16,2
12549,48,3,2026-06-16,2
12550,164,3,2026-06-16,6
12551,119,3,2026-06-16,3
12552,85,3,2026-06-16,1
12553,78,3,2026-06-16,1
12554,230,3,2026-06-16,2
12555,178,3,2026-06-16,1
12556,67,3,2026-06-16,2
12557,204,3,2026-06-16,4
12558,133,3,2026-06-16,2
12559,181,3,2026-06-16,4
12560,244,3,2026-06-16,1
12561,202,3,2026-06-16,3
12562,7,3,2026-06-16,2
12563,182,3,2026-06-17,4
12564,48,3,2026-06-17,2
12565,17,3,2026-06-17,5
12566,218,3,2026-06-17,1
12567,7,3,2026-06-17,2
12568,181,3,2026-06-17,5
12569,212,3,2026-06-17,5
12570,44,3,2026-06-17,6
12571,110,3,2026-06-17,4
12572,127,3,2026-06-17,1
12573,164,3,2026-06-17,3
12574,128,3,2026-06-17,2
12575,32,3,2026-06-17,6
12576,68,3,2026-06-17,3
12577,131,3,2026-06-17,2
12578,59,3,2026-06-17,2
12579,38,3,2026-06-17,3
12580,258,3,2026-06-17,6
12581,226,3,2026-06-17,2
12582,133,3,2026-06-17,1
12583,84,3,2026-06-17,3
12584,47,3,2026-06-17,4
12585,211,3,2026-06-17,3
12586,85,3,2026-06-17,4
12587,78,3,2026-06-17,5
12588,178,3,2026-06-17,6
12589,135,3,2026-06-17,3
12590,252,3,2026-06-17,3
12591,287,3,2026-06-17,4
12592,65,3,2026-06-17,2
12593,104,3,2026-06-17,4
12594,147,3,2026-06-17,5
12595,167,3,2026-06-17,5
12596,255,3,2026-06-17,7
12597,4,3,2026-06-17,8
12598,51,3,2026-06-17,2
12599,155,3,2026-06-17,3
12600,204,3,2026-06-17,3
12601,75,3,2026-06-17,2
12602,83,3,2026-06-18,5
12603,285,3,2026-06-18,2
12604,26,3,2026-06-18,2
12605,226,3,2026-06-18,1
12606,258,3,2026-06-18,3
12607,48,3,2026-06-18,1
12608,230,3,2026-06-18,3
12609,133,3,2026-06-18,1
12610,135,3,2026-06-18,3
12611,147,3,2026-06-18,2
12612,65,3,2026-06-18,1
12613,298,3,2026-06-18,3
12614,214,3,2026-06-18,2
12615,119,3,2026-06-18,3
12616,116,3,2026-06-18,1
12617,155,3,2026-06-18,1
12618,181,3,2026-06-18,3
12619,218,3,2026-06-18,6
12620,39,3,2026-06-18,3
12621,211,3,2026-06-18,3
12622,59,3,2026-06-18,2
12623,6,3,2026-06-18,3
12624,85,3,2026-06-18,4
12625,67,3,2026-06-18,3
12626,164,3,2026-06-18,1
12627,38,3,2026-06-18,1
12628,78,3,2026-06-18,4
12629,249,3,2026-06-18,3
12630,127,3,2026-06-18,2
12631,196,3,2026-06-18,1
12632,32,3,2026-06-18,2
12633,216,3,2026-06-18,1
12634,4,3,2026-06-19,2
12635,127,3,2026-06-19,3
12636,214,3,2026-06-19,1
12637,67,3,2026-06-19,2
12638,287,3,2026-06-19,2
12639,104,3,2026-06-19,2
12640,143,3,2026-06-19,5
12641,196,3,2026-06-19,5
12642,65,3,2026-06-19,2
12643,230,3,2026-06-19,3
12644,85,3,2026-06-19,1
12645,164,3,2026-06-19,2
12646,155,3,2026-06-19,2
12647,110,3,2026-06-19,5
12648,228,3,2026-06-19,4
12649,181,3,2026-06-19,1
12650,78,3,2026-06-19,1
12651,119,3,2026-06-19,5
12652,71,3,2026-06-19,1
12653,182,3,2026-06-19,3
12654,143,3,2026-06-20,1
12655,216,3,2026-06-20,1
12656,109,3,2026-06-20,1
12657,79,3,2026-06-20,3
12658,119,3,2026-06-20,1
12659,211,3,2026-06-20,1
12660,197,3,2026-06-20,1
12661,214,3,2026-06-20,1
12662,24,3,2026-06-20,1
12663,128,3,2026-06-21,1
12664,242,3,2026-06-21,1
12665,15,3,2026-06-21,3
12666,133,3,2026-06-21,1
12667,66,3,2026-06-21,2
12668,147,3,2026-06-21,1
12669,135,3,2026-06-21,2
12670,44,3,2026-06-21,1
12671,68,3,2026-06-21,1
12672,74,3,2026-06-21,2
12673,211,3,2026-06-21,1
12674,230,3,2026-06-21,2
12675,24,3,2026-06-21,1
12676,65,3,2026-06-21,2
12677,71,3,2026-06-21,2
12678,143,3,2026-06-21,1
12679,83,3,2026-06-21,4
12680,154,3,2026-06-21,1
12681,196,3,2026-06-21,1
12682,48,3,2026-06-21,1
12683,104,3,2026-06-21,1
12684,78,3,2026-06-21,1
12685,7,3,2026-06-21,1
12686,252,3,2026-06-21,3
12687,143,3,2026-06-22,1
12688,38,3,2026-06-22,1
12689,298,3,2026-06-22,2
12690,79,3,2026-06-22,4
12691,135,3,2026-06-22,1
12692,24,3,2026-06-22,4
12693,211,3,2026-06-22,2
12694,258,3,2026-06-22,3
12695,249,3,2026-06-22,3
12696,75,3,2026-06-22,2
12697,44,3,2026-06-22,1
12698,109,3,2026-06-22,4
12699,119,3,2026-06-22,2
12700,204,3,2026-06-22,4
12701,216,3,2026-06-22,2
12702,66,3,2026-06-22,1
12703,202,3,2026-06-22,4
12704,15,3,2026-06-22,4
12705,164,3,2026-06-22,1
12706,212,3,2026-06-22,2
12707,181,3,2026-06-22,4
12708,17,3,2026-06-22,1
12709,32,3,2026-06-22,1
12710,26,3,2026-06-22,3
12711,197,3,2026-06-22,2
12712,128,3,2026-06-22,1
12713,39,3,2026-06-22,4
12714,252,3,2026-06-22,2
12715,128,3,2026-06-23,4
12716,116,3,2026-06-23,2
12717,285,3,2026-06-23,1
12718,214,3,2026-06-23,4
12719,24,3,2026-06-23,2
12720,143,3,2026-06-23,2
12721,85,3,2026-06-23,3
12722,71,3,2026-06-23,1
12723,44,3,2026-06-23,2
12724,201,3,2026-06-23,2
12725,78,3,2026-06-23,1
12726,249,3,2026-06-23,1
12727,230,3,2026-06-23,1
12728,133,3,2026-06-23,1
12729,47,3,2026-06-23,2
12730,127,3,2026-06-23,2
12731,66,3,2026-06-24,2
12732,109,3,2026-06-24,3
12733,47,3,2026-06-24,3
12734,6,3,2026-06-24,3
12735,196,3,2026-06-24,1
12736,67,3,2026-06-24,1
12737,119,3,2026-06-24,2
12738,133,3,2026-06-24,4
12739,78,3,2026-06-24,1
12740,131,3,2026-06-24,5
12741,230,3,2026-06-24,3
12742,164,3,2026-06-24,3
12743,182,3,2026-06-24,5
12744,79,3,2026-06-24,3
12745,65,3,2026-06-24,2
12746,83,3,2026-06-24,4
12747,59,3,2026-06-24,1
12748,204,3,2026-06-24,4
12749,287,3,2026-06-24,2
12750,110,3,2026-06-24,2
12751,214,3,2026-06-24,4
12752,26,3,2026-06-24,1
12753,201,3,2026-06-24,2
12754,249,3,2026-06-24,2
12755,202,3,2026-06-24,1
12756,242,3,2026-06-24,2
12757,51,3,2026-06-24,2
12758,48,3,2026-06-24,4
12759,181,3,2026-06-25,2
12760,38,3,2026-06-25,2
12761,226,3,2026-06-25,1
12762,287,3,2026-06-25,2
12763,197,3,2026-06-25,2
12764,104,3,2026-06-25,3
12765,59,3,2026-06-25,2
12766,26,3,2026-06-25,1
12767,252,3,2026-06-25,1
12768,249,3,2026-06-25,2
12769,103,3,2026-06-25,1
12770,182,3,2026-06-25,3
12771,110,3,2026-06-25,1
12772,4,3,2026-06-25,1
12773,135,3,2026-06-25,1
12774,109,3,2026-06-25,1
12775,83,3,2026-06-25,2
12776,24,3,2026-06-25,4
12777,48,3,2026-06-25,1
12778,67,3,2026-06-25,3
12779,6,3,2026-06-25,2
12780,79,3,2026-06-25,1
12781,116,3,2026-06-25,2
12782,68,3,2026-06-25,2
12783,196,3,2026-06-25,2
12784,143,3,2026-06-25,1
12785,47,3,2026-06-25,2
12786,204,3,2026-06-25,4
12787,71,3,2026-06-25,1
12788,164,3,2026-06-26,4
12789,218,3,2026-06-26,2
12790,230,3,2026-06-26,2
12791,39,3,2026-06-26,4
12792,202,3,2026-06-26,1
12793,197,3,2026-06-26,3
12794,26,3,2026-06-26,2
12795,201,3,2026-06-26,4
12796,67,3,2026-06-26,1
12797,62,3,2026-06-26,2
12798,24,3,2026-06-26,3
12799,104,3,2026-06-26,3
12800,85,3,2026-06-27,1
12801,202,3,2026-06-27,1
12802,147,3,2026-06-27,1
12803,155,3,2026-06-27,4
12804,78,3,2026-06-27,1
12805,196,3,2026-06-27,3
12806,212,3,2026-06-27,2
12807,7,3,2026-06-27,4
12808,242,3,2026-06-27,1
12809,68,3,2026-06-27,1
12810,143,3,2026-06-27,1
12811,65,3,2026-06-27,3
12812,79,3,2026-06-27,1
12813,39,3,2026-06-27,2
12814,228,3,2026-06-27,1
12815,119,3,2026-06-27,1
12816,44,3,2026-06-27,1
12817,218,3,2026-06-27,1
12818,104,3,2026-06-27,2
12819,216,3,2026-06-27,3
12820,38,3,2026-06-27,1
12821,109,3,2026-06-27,1
12822,128,3,2026-06-27,2
12823,167,3,2026-06-27,1
12824,249,3,2026-06-27,1
12825,103,3,2026-06-28,2
12826,78,3,2026-06-28,1
12827,26,3,2026-06-28,1
12828,17,3,2026-06-28,1
12829,216,3,2026-06-28,2
12830,75,3,2026-06-28,1
12831,135,3,2026-06-28,3
12832,110,3,2026-06-28,1
12833,71,3,2026-06-28,2
12834,214,3,2026-06-28,2
12835,196,3,2026-06-28,2
12836,6,3,2026-06-28,1
12837,116,3,2026-06-28,1
12838,204,3,2026-06-28,2
12839,164,3,2026-06-28,3
12840,181,3,2026-06-28,1
12841,143,3,2026-06-28,2
12842,15,3,2026-06-28,2
12843,182,3,2026-06-28,1
12844,74,3,2026-06-28,3
12845,197,3,2026-06-28,1
12846,84,3,2026-06-28,2
12847,201,3,2026-06-28,1
12848,155,3,2026-06-28,2
12849,78,3,2026-06-29,2
12850,201,3,2026-06-29,3
12851,214,3,2026-06-29,1
12852,143,3,2026-06-29,4
12853,79,3,2026-06-29,1
12854,32,3,2026-06-29,1
12855,74,3,2026-06-29,1
12856,211,3,2026-06-29,2
12857,17,3,2026-06-29,1
12858,181,3,2026-06-29,3
12859,298,3,2026-06-29,3
12860,255,3,2026-06-29,3
12861,128,3,2026-06-29,4
12862,44,3,2026-06-29,2
12863,164,3,2026-06-29,2
12864,204,3,2026-06-29,2
12865,69,4,2026-01-01,12
12866,67,4,2026-01-01,8
12867,280,4,2026-01-01,7
12868,19,4,2026-01-01,7
12869,104,4,2026-01-01,4
12870,56,4,2026-01-01,9
12871,143,4,2026-01-01,8
12872,12,4,2026-01-01,12
12873,83,4,2026-01-01,2
12874,164,4,2026-01-01,4
12875,219,4,2026-01-01,8
12876,48,4,2026-01-01,5
12877,245,4,2026-01-01,10
12878,49,4,2026-01-01,5
12879,46,4,2026-01-01,7
12880,192,4,2026-01-01,9
12881,114,4,2026-01-01,5
12882,107,4,2026-01-01,5
12883,227,4,2026-01-01,13
12884,7,4,2026-01-01,8
12885,153,4,2026-01-01,11
12886,167,4,2026-01-01,5
12887,294,4,2026-01-01,3
12888,134,4,2026-01-01,5
12889,89,4,2026-01-01,7
12890,174,4,2026-01-01,6
12891,44,4,2026-01-01,6
12892,40,4,2026-01-01,9
12893,138,4,2026-01-02,3
12894,93,4,2026-01-02,3
12895,180,4,2026-01-02,12
12896,112,4,2026-01-02,2
12897,225,4,2026-01-02,4
12898,71,4,2026-01-02,2
12899,100,4,2026-01-02,4
12900,285,4,2026-01-02,3
12901,242,4,2026-01-02,5
12902,129,4,2026-01-02,2
12903,164,4,2026-01-02,4
12904,179,4,2026-01-02,3
12905,15,4,2026-01-02,4
12906,153,4,2026-01-02,3
12907,212,4,2026-01-02,4
12908,204,4,2026-01-02,5
12909,2,4,2026-01-02,2
12910,279,4,2026-01-02,5
12911,130,4,2026-01-02,4
12912,89,4,2026-01-02,4
12913,217,4,2026-01-02,4
12914,65,4,2026-01-02,1
12915,34,4,2026-01-02,2
12916,102,4,2026-01-02,7
12917,245,4,2026-01-02,3
12918,113,4,2026-01-02,3
12919,148,4,2026-01-02,5
12920,203,4,2026-01-02,8
12921,294,4,2026-01-02,3
12922,17,4,2026-01-02,1
12923,280,4,2026-01-02,2
12924,227,4,2026-01-03,1
12925,294,4,2026-01-03,1
12926,219,4,2026-01-03,1
12927,47,4,2026-01-03,3
12928,164,4,2026-01-03,3
12929,143,4,2026-01-03,1
12930,181,4,2026-01-03,1
12931,192,4,2026-01-03,1
12932,265,4,2026-01-03,5
12933,221,4,2026-01-03,1
12934,125,4,2026-01-03,1
12935,201,4,2026-01-03,1
12936,135,4,2026-01-03,3
12937,174,4,2026-01-03,2
12938,48,4,2026-01-03,1
12939,280,4,2026-01-03,3
12940,44,4,2026-01-03,2
12941,20,4,2026-01-03,1
12942,34,4,2026-01-03,3
12943,181,4,2026-01-04,2
12944,234,4,2026-01-04,1
12945,67,4,2026-01-04,1
12946,40,4,2026-01-04,1
12947,7,4,2026-01-04,1
12948,71,4,2026-01-04,1
12949,102,4,2026-01-04,1
12950,107,4,2026-01-04,2
12951,148,4,2026-01-04,2
12952,192,4,2026-01-04,1
12953,300,4,2026-01-04,1
12954,70,4,2026-01-04,1
12955,134,4,2026-01-04,2
12956,81,4,2026-01-04,1
12957,158,4,2026-01-04,2
12958,240,4,2026-01-04,2
12959,85,4,2026-01-04,1
12960,296,4,2026-01-04,2
12961,89,4,2026-01-04,2
12962,221,4,2026-01-04,2
12963,179,4,2026-01-04,3
12964,185,4,2026-01-04,2
12965,47,4,2026-01-04,2
12966,225,4,2026-01-04,1
12967,65,4,2026-01-04,1
12968,153,4,2026-01-04,3
12969,112,4,2026-01-04,1
12970,17,4,2026-01-05,3
12971,71,4,2026-01-05,3
12972,161,4,2026-01-05,3
12973,154,4,2026-01-05,3
12974,298,4,2026-01-05,3
12975,112,4,2026-01-05,1
12976,89,4,2026-01-05,4
12977,114,4,2026-01-05,3
12978,294,4,2026-01-05,4
12979,164,4,2026-01-05,6
12980,46,4,2026-01-05,6
12981,225,4,2026-01-05,5
12982,130,4,2026-01-05,4
12983,245,4,2026-01-05,2
12984,246,4,2026-01-05,3
12985,155,4,2026-01-05,2
12986,101,4,2026-01-05,2
12987,94,4,2026-01-05,2
12988,56,4,2026-01-05,4
12989,2,4,2026-01-05,2
12990,85,4,2026-01-05,5
12991,181,4,2026-01-06,4
12992,130,4,2026-01-06,5
12993,25,4,2026-01-06,4
12994,173,4,2026-01-06,2
12995,179,4,2026-01-06,2
12996,143,4,2026-01-06,2
12997,300,4,2026-01-06,5
12998,214,4,2026-01-06,3
12999,17,4,2026-01-06,3
13000,2,4,2026-01-06,4
13001,12,4,2026-01-06,5
13002,134,4,2026-01-06,3
13003,225,4,2026-01-06,8
13004,265,4,2026-01-06,4
13005,129,4,2026-01-06,5
13006,112,4,2026-01-06,5
13007,227,4,2026-01-06,10
13008,298,4,2026-01-06,1
13009,72,4,2026-01-06,4
13010,294,4,2026-01-06,3
13011,279,4,2026-01-06,1
13012,158,4,2026-01-06,7
13013,107,4,2026-01-06,6
13014,221,4,2026-01-06,1
13015,56,4,2026-01-06,2
13016,124,4,2026-01-06,3
13017,40,4,2026-01-06,5
13018,64,4,2026-01-06,5
13019,248,4,2026-01-06,2
13020,167,4,2026-01-06,1
13021,293,4,2026-01-06,4
13022,92,4,2026-01-06,6
13023,156,4,2026-01-06,5
13024,292,4,2026-01-06,3
13025,113,4,2026-01-06,1
13026,125,4,2026-01-06,3
13027,245,4,2026-01-06,3
13028,94,4,2026-01-07,2
13029,20,4,2026-01-07,2
13030,135,4,2026-01-07,4
13031,46,4,2026-01-07,3
13032,113,4,2026-01-07,3
13033,280,4,2026-01-07,3
13034,174,4,2026-01-07,3
13035,227,4,2026-01-07,6
13036,138,4,2026-01-07,3
13037,93,4,2026-01-07,2
13038,298,4,2026-01-07,3
13039,48,4,2026-01-07,4
13040,62,4,2026-01-07,7
13041,161,4,2026-01-07,1
13042,300,4,2026-01-07,3
13043,14,4,2026-01-07,6
13044,231,4,2026-01-07,6
13045,248,4,2026-01-07,3
13046,112,4,2026-01-07,5
13047,293,4,2026-01-07,10
13048,67,4,2026-01-07,4
13049,56,4,2026-01-07,2
13050,72,4,2026-01-07,4
13051,225,4,2026-01-07,4
13052,13,4,2026-01-07,2
13053,12,4,2026-01-07,3
13054,134,4,2026-01-07,6
13055,158,4,2026-01-07,3
13056,265,4,2026-01-07,2
13057,296,4,2026-01-07,5
13058,285,4,2026-01-08,5
13059,153,4,2026-01-08,5
13060,185,4,2026-01-08,3
13061,34,4,2026-01-08,5
13062,19,4,2026-01-08,6
13063,174,4,2026-01-08,9
13064,213,4,2026-01-08,5
13065,293,4,2026-01-08,5
13066,300,4,2026-01-08,4
13067,270,4,2026-01-08,3
13068,114,4,2026-01-08,8
13069,154,4,2026-01-08,4
13070,14,4,2026-01-08,5
13071,124,4,2026-01-08,2
13072,135,4,2026-01-08,3
13073,143,4,2026-01-08,5
13074,173,4,2026-01-08,3
13075,156,4,2026-01-08,5
13076,231,4,2026-01-08,2
13077,85,4,2026-01-08,5
13078,102,4,2026-01-08,3
13079,94,4,2026-01-08,3
13080,65,4,2026-01-08,3
13081,234,4,2026-01-08,2
13082,295,4,2026-01-08,8
13083,203,4,2026-01-08,3
13084,219,4,2026-01-08,4
13085,201,4,2026-01-08,3
13086,43,4,2026-01-08,1
13087,265,4,2026-01-08,5
13088,47,4,2026-01-08,6
13089,192,4,2026-01-08,6
13090,100,4,2026-01-08,8
13091,70,4,2026-01-08,2
13092,294,4,2026-01-08,6
13093,135,4,2026-01-09,3
13094,12,4,2026-01-09,3
13095,113,4,2026-01-09,3
13096,83,4,2026-01-09,6
13097,248,4,2026-01-09,4
13098,280,4,2026-01-09,2
13099,297,4,2026-01-09,3
13100,143,4,2026-01-09,3
13101,46,4,2026-01-09,3
13102,81,4,2026-01-09,6
13103,173,4,2026-01-09,2
13104,242,4,2026-01-09,6
13105,180,4,2026-01-09,6
13106,219,4,2026-01-09,5
13107,279,4,2026-01-09,1
13108,167,4,2026-01-09,3
13109,13,4,2026-01-09,5
13110,155,4,2026-01-09,6
13111,129,4,2026-01-09,8
13112,225,4,2026-01-09,3
13113,174,4,2026-01-09,4
13114,300,4,2026-01-09,1
13115,56,4,2026-01-09,4
13116,67,4,2026-01-09,5
13117,7,4,2026-01-09,4
13118,114,4,2026-01-09,2
13119,84,4,2026-01-09,5
13120,245,4,2026-01-10,1
13121,46,4,2026-01-10,2
13122,49,4,2026-01-10,2
13123,129,4,2026-01-10,2
13124,158,4,2026-01-10,2
13125,15,4,2026-01-10,2
13126,85,4,2026-01-10,2
13127,100,4,2026-01-10,1
13128,285,4,2026-01-10,2
13129,13,4,2026-01-10,2
13130,193,4,2026-01-10,2
13131,167,4,2026-01-10,4
13132,81,4,2026-01-10,4
13133,124,4,2026-01-10,1
13134,295,4,2026-01-10,2
13135,138,4,2026-01-10,1
13136,214,4,2026-01-10,4
13137,164,4,2026-01-10,2
13138,265,4,2026-01-10,2
13139,234,4,2026-01-10,2
13140,279,4,2026-01-10,4
13141,270,4,2026-01-10,2
13142,48,4,2026-01-10,2
13143,280,4,2026-01-10,2
13144,114,4,2026-01-10,2
13145,225,4,2026-01-10,3
13146,46,4,2026-01-11,4
13147,234,4,2026-01-11,1
13148,148,4,2026-01-11,2
13149,161,4,2026-01-11,2
13150,181,4,2026-01-11,1
13151,117,4,2026-01-11,5
13152,113,4,2026-01-11,1
13153,125,4,2026-01-11,4
13154,85,4,2026-01-11,4
13155,155,4,2026-01-11,1
13156,192,4,2026-01-11,2
13157,2,4,2026-01-11,2
13158,217,4,2026-01-11,3
13159,13,4,2026-01-11,2
13160,158,4,2026-01-12,6
13161,213,4,2026-01-12,2
13162,89,4,2026-01-12,1
13163,246,4,2026-01-12,7
13164,293,4,2026-01-12,6
13165,298,4,2026-01-12,8
13166,204,4,2026-01-12,7
13167,44,4,2026-01-12,3
13168,14,4,2026-01-12,1
13169,92,4,2026-01-12,7
13170,81,4,2026-01-12,4
13171,155,4,2026-01-12,3
13172,67,4,2026-01-12,3
13173,34,4,2026-01-12,3
13174,101,4,2026-01-12,3
13175,174,4,2026-01-12,2
13176,300,4,2026-01-12,1
13177,242,4,2026-01-12,3
13178,49,4,2026-01-13,1
13179,296,4,2026-01-13,3
13180,246,4,2026-01-13,6
13181,2,4,2026-01-13,6
13182,114,4,2026-01-13,7
13183,20,4,2026-01-13,1
13184,107,4,2026-01-13,6
13185,138,4,2026-01-13,2
13186,167,4,2026-01-13,3
13187,102,4,2026-01-13,4
13188,203,4,2026-01-13,4
13189,124,4,2026-01-13,5
13190,265,4,2026-01-13,4
13191,93,4,2026-01-13,4
13192,69,4,2026-01-13,6
13193,297,4,2026-01-13,7
13194,13,4,2026-01-13,2
13195,227,4,2026-01-13,5
13196,125,4,2026-01-13,2
13197,174,4,2026-01-13,4
13198,217,4,2026-01-13,4
13199,292,4,2026-01-13,6
13200,221,4,2026-01-13,2
13201,204,4,2026-01-14,2
13202,217,4,2026-01-14,5
13203,17,4,2026-01-14,2
13204,113,4,2026-01-14,5
13205,248,4,2026-01-14,4
13206,234,4,2026-01-14,3
13207,219,4,2026-01-14,4
13208,104,4,2026-01-14,2
13209,296,4,2026-01-14,2
13210,65,4,2026-01-14,2
13211,62,4,2026-01-14,3
13212,285,4,2026-01-14,5
13213,49,4,2026-01-14,3
13214,213,4,2026-01-14,8
13215,148,4,2026-01-14,6
13216,107,4,2026-01-14,7
13217,15,4,2026-01-14,6
13218,193,4,2026-01-14,2
13219,92,4,2026-01-14,6
13220,231,4,2026-01-14,4
13221,64,4,2026-01-14,3
13222,72,4,2026-01-14,4
13223,48,4,2026-01-14,4
13224,25,4,2026-01-14,1
13225,14,4,2026-01-14,2
13226,85,4,2026-01-14,4
13227,246,4,2026-01-14,5
13228,2,4,2026-01-14,4
13229,12,4,2026-01-14,6
13230,300,4,2026-01-14,4
13231,125,4,2026-01-14,4
13232,292,4,2026-01-14,3
13233,148,4,2026-01-15,6
13234,44,4,2026-01-15,2
13235,134,4,2026-01-15,2
13236,285,4,2026-01-15,3
13237,296,4,2026-01-15,1
13238,100,4,2026-01-15,3
13239,107,4,2026-01-15,2
13240,72,4,2026-01-15,2
13241,13,4,2026-01-15,3
13242,153,4,2026-01-15,3
13243,192,4,2026-01-15,2
13244,154,4,2026-01-15,3
13245,2,4,2026-01-15,3
13246,174,4,2026-01-15,2
13247,64,4,2026-01-15,2
13248,48,4,2026-01-15,5
13249,279,4,2026-01-15,2
13250,102,4,2026-01-15,3
13251,49,4,2026-01-15,1
13252,185,4,2026-01-15,2
13253,94,4,2026-01-15,3
13254,234,4,2026-01-15,6
13255,158,4,2026-01-15,7
13256,180,4,2026-01-15,4
13257,124,4,2026-01-15,3
13258,7,4,2026-01-15,8
13259,225,4,2026-01-15,1
13260,143,4,2026-01-15,7
13261,69,4,2026-01-15,4
13262,155,4,2026-01-15,3
13263,156,4,2026-01-15,5
13264,15,4,2026-01-15,1
13265,89,4,2026-01-15,8
13266,138,4,2026-01-15,3
13267,46,4,2026-01-15,4
13268,219,4,2026-01-15,6
13269,85,4,2026-01-15,5
13270,217,4,2026-01-15,4
13271,117,4,2026-01-16,2
13272,44,4,2026-01-16,6
13273,65,4,2026-01-16,4
13274,15,4,2026-01-16,1
13275,219,4,2026-01-16,6
13276,204,4,2026-01-16,3
13277,70,4,2026-01-16,2
13278,173,4,2026-01-16,3
13279,93,4,2026-01-16,2
13280,180,4,2026-01-16,3
13281,25,4,2026-01-16,8
13282,245,4,2026-01-16,3
13283,246,4,2026-01-16,3
13284,94,4,2026-01-16,4
13285,212,4,2026-01-16,4
13286,113,4,2026-01-16,4
13287,167,4,2026-01-16,6
13288,7,4,2026-01-16,4
13289,297,4,2026-01-16,3
13290,185,4,2026-01-16,2
13291,300,4,2026-01-16,4
13292,13,4,2026-01-16,5
13293,89,4,2026-01-16,4
13294,64,4,2026-01-16,4
13295,2,4,2026-01-16,4
13296,201,4,2026-01-16,5
13297,134,4,2026-01-16,4
13298,47,4,2026-01-16,2
13299,153,4,2026-01-16,2
13300,69,4,2026-01-16,7
13301,143,4,2026-01-16,2
13302,246,4,2026-01-17,2
13303,89,4,2026-01-17,1
13304,148,4,2026-01-17,1
13305,285,4,2026-01-17,2
13306,15,4,2026-01-17,1
13307,248,4,2026-01-17,2
13308,114,4,2026-01-17,1
13309,2,4,2026-01-17,1
13310,279,4,2026-01-17,3
13311,85,4,2026-01-17,3
13312,295,4,2026-01-17,3
13313,25,4,2026-01-17,1
13314,293,4,2026-01-17,2
13315,12,4,2026-01-17,2
13316,135,4,2026-01-17,3
13317,134,4,2026-01-17,2
13318,214,4,2026-01-17,1
13319,89,4,2026-01-18,1
13320,46,4,2026-01-18,1
13321,280,4,2026-01-18,1
13322,180,4,2026-01-18,1
13323,143,4,2026-01-18,1
13324,246,4,2026-01-18,1
13325,48,4,2026-01-18,1
13326,225,4,2026-01-18,2
13327,214,4,2026-01-18,1
13328,298,4,2026-01-18,2
13329,104,4,2026-01-18,1
13330,245,4,2026-01-18,3
13331,2,4,2026-01-18,1
13332,134,4,2026-01-18,1
13333,164,4,2026-01-18,2
13334,64,4,2026-01-18,2
13335,294,4,2026-01-18,1
13336,158,4,2026-01-18,3
13337,242,4,2026-01-18,1
13338,201,4,2026-01-18,1
13339,270,4,2026-01-18,1
13340,25,4,2026-01-18,1
13341,84,4,2026-01-18,2
13342,85,4,2026-01-18,3
13343,70,4,2026-01-18,2
13344,240,4,2026-01-18,3
13345,164,4,2026-01-19,2
13346,293,4,2026-01-19,6
13347,180,4,2026-01-19,5
13348,94,4,2026-01-19,3
13349,62,4,2026-01-19,7
13350,2,4,2026-01-19,4
13351,47,4,2026-01-19,6
13352,117,4,2026-01-19,3
13353,225,4,2026-01-19,4
13354,245,4,2026-01-19,2
13355,181,4,2026-01-19,10
13356,84,4,2026-01-19,2
13357,201,4,2026-01-19,6
13358,81,4,2026-01-19,4
13359,67,4,2026-01-19,2
13360,34,4,2026-01-19,5
13361,292,4,2026-01-19,2
13362,12,4,2026-01-19,4
13363,138,4,2026-01-19,5
13364,7,4,2026-01-19,2
13365,15,4,2026-01-19,2
13366,25,4,2026-01-19,3
13367,245,4,2026-01-20,2
13368,20,4,2026-01-20,4
13369,134,4,2026-01-20,4
13370,180,4,2026-01-20,3
13371,7,4,2026-01-20,2
13372,234,4,2026-01-20,6
13373,242,4,2026-01-20,5
13374,217,4,2026-01-20,2
13375,270,4,2026-01-20,2
13376,124,4,2026-01-20,3
13377,64,4,2026-01-20,9
13378,94,4,2026-01-20,3
13379,46,4,2026-01-20,7
13380,44,4,2026-01-20,4
13381,62,4,2026-01-20,2
13382,292,4,2026-01-20,1
13383,161,4,2026-01-20,5
13384,154,4,2026-01-20,5
13385,155,4,2026-01-20,5
13386,83,4,2026-01-20,5
13387,107,4,2026-01-20,2
13388,93,4,2026-01-20,6
13389,89,4,2026-01-20,5
13390,129,4,2026-01-20,1
13391,156,4,2026-01-20,5
13392,84,4,2026-01-20,5
13393,69,4,2026-01-20,4
13394,12,4,2026-01-20,6
13395,293,4,2026-01-20,7
13396,14,4,2026-01-20,5
13397,158,4,2026-01-21,4
13398,225,4,2026-01-21,8
13399,203,4,2026-01-21,1
13400,279,4,2026-01-21,5
13401,124,4,2026-01-21,5
13402,161,4,2026-01-21,3
13403,44,4,2026-01-21,2
13404,71,4,2026-01-21,5
13405,25,4,2026-01-21,3
13406,270,4,2026-01-21,4
13407,294,4,2026-01-21,4
13408,242,4,2026-01-21,7
13409,69,4,2026-01-21,2
13410,185,4,2026-01-21,7
13411,219,4,2026-01-21,6
13412,72,4,2026-01-21,1
13413,192,4,2026-01-21,1
13414,154,4,2026-01-21,2
13415,134,4,2026-01-21,6
13416,20,4,2026-01-21,6
13417,2,4,2026-01-22,5
13418,48,4,2026-01-22,6
13419,212,4,2026-01-22,7
13420,117,4,2026-01-22,4
13421,153,4,2026-01-22,1
13422,93,4,2026-01-22,2
13423,56,4,2026-01-22,5
13424,296,4,2026-01-22,4
13425,135,4,2026-01-22,5
13426,231,4,2026-01-22,3
13427,25,4,2026-01-22,6
13428,181,4,2026-01-22,4
13429,85,4,2026-01-22,2
13430,107,4,2026-01-22,3
13431,167,4,2026-01-22,2
13432,180,4,2026-01-22,2
13433,293,4,2026-01-22,8
13434,113,4,2026-01-22,1
13435,114,4,2026-01-22,5
13436,7,4,2026-01-22,4
13437,203,4,2026-01-22,7
13438,124,4,2026-01-22,1
13439,135,4,2026-01-23,1
13440,227,4,2026-01-23,6
13441,212,4,2026-01-23,1
13442,13,4,2026-01-23,4
13443,34,4,2026-01-23,1
13444,124,4,2026-01-23,5
13445,15,4,2026-01-23,6
13446,2,4,2026-01-23,4
13447,158,4,2026-01-23,6
13448,104,4,2026-01-23,3
13449,201,4,2026-01-23,5
13450,113,4,2026-01-23,1
13451,167,4,2026-01-23,7
13452,117,4,2026-01-23,2
13453,102,4,2026-01-23,2
13454,43,4,2026-01-23,4
13455,100,4,2026-01-23,4
13456,93,4,2026-01-23,1
13457,92,4,2026-01-23,4
13458,67,4,2026-01-23,9
13459,203,4,2026-01-23,5
13460,225,4,2026-01-23,6
13461,138,4,2026-01-23,6
13462,101,4,2026-01-23,3
13463,204,4,2026-01-23,1
13464,20,4,2026-01-23,7
13465,174,4,2026-01-23,3
13466,47,4,2026-01-23,7
13467,245,4,2026-01-23,5
13468,280,4,2026-01-23,2
13469,179,4,2026-01-23,3
13470,112,4,2026-01-23,7
13471,130,4,2026-01-23,1
13472,85,4,2026-01-23,4
13473,83,4,2026-01-23,5
13474,62,4,2026-01-23,3
13475,298,4,2026-01-24,3
13476,217,4,2026-01-24,1
13477,219,4,2026-01-24,4
13478,70,4,2026-01-24,4
13479,124,4,2026-01-24,1
13480,17,4,2026-01-24,3
13481,248,4,2026-01-24,1
13482,67,4,2026-01-24,2
13483,279,4,2026-01-24,4
13484,204,4,2026-01-24,1
13485,155,4,2026-01-24,5
13486,49,4,2026-01-24,4
13487,56,4,2026-01-24,3
13488,44,4,2026-01-24,1
13489,292,4,2026-01-24,2
13490,113,4,2026-01-24,4
13491,179,4,2026-01-24,3
13492,201,4,2026-01-24,1
13493,102,4,2026-01-24,1
13494,193,4,2026-01-24,2
13495,7,4,2026-01-24,2
13496,107,4,2026-01-25,1
13497,47,4,2026-01-25,3
13498,130,4,2026-01-25,1
13499,246,4,2026-01-25,2
13500,270,4,2026-01-25,3
13501,174,4,2026-01-25,1
13502,72,4,2026-01-25,3
13503,101,4,2026-01-25,3
13504,81,4,2026-01-25,4
13505,164,4,2026-01-25,1
13506,49,4,2026-01-25,6
13507,20,4,2026-01-25,1
13508,297,4,2026-01-25,2
13509,292,4,2026-01-25,1
13510,279,4,2026-01-25,4
13511,93,4,2026-01-25,1
13512,134,4,2026-01-25,3
13513,19,4,2026-01-25,4
13514,56,4,2026-01-25,1
13515,48,4,2026-01-25,2
13516,185,4,2026-01-25,1
13517,2,4,2026-01-25,2
13518,173,4,2026-01-25,1
13519,15,4,2026-01-25,2
13520,298,4,2026-01-26,9
13521,43,4,2026-01-26,3
13522,25,4,2026-01-26,5
13523,217,4,2026-01-26,5
13524,34,4,2026-01-26,4
13525,204,4,2026-01-26,4
13526,67,4,2026-01-26,3
13527,156,4,2026-01-26,8
13528,201,4,2026-01-26,2
13529,180,4,2026-01-26,5
13530,240,4,2026-01-26,2
13531,64,4,2026-01-26,5
13532,20,4,2026-01-26,2
13533,2,4,2026-01-26,4
13534,48,4,2026-01-26,3
13535,70,4,2026-01-26,6
13536,174,4,2026-01-26,3
13537,296,4,2026-01-26,4
13538,13,4,2026-01-26,6
13539,14,4,2026-01-26,4
13540,70,4,2026-01-27,2
13541,285,4,2026-01-27,1
13542,279,4,2026-01-27,4
13543,84,4,2026-01-27,4
13544,129,4,2026-01-27,5
13545,174,4,2026-01-27,3
13546,300,4,2026-01-27,3
13547,154,4,2026-01-27,4
13548,143,4,2026-01-27,5
13549,34,4,2026-01-27,6
13550,46,4,2026-01-27,3
13551,161,4,2026-01-27,3
13552,85,4,2026-01-27,6
13553,292,4,2026-01-27,4
13554,293,4,2026-01-27,3
13555,25,4,2026-01-27,6
13556,13,4,2026-01-27,6
13557,217,4,2026-01-27,3
13558,72,4,2026-01-27,3
13559,246,4,2026-01-27,1
13560,242,4,2026-01-27,6
13561,112,4,2026-01-27,3
13562,65,4,2026-01-27,5
13563,17,4,2026-01-27,6
13564,92,4,2026-01-27,1
13565,130,4,2026-01-27,2
13566,234,4,2026-01-27,3
13567,164,4,2026-01-27,5
13568,114,4,2026-01-28,2
13569,300,4,2026-01-28,3
13570,154,4,2026-01-28,5
13571,227,4,2026-01-28,1
13572,138,4,2026-01-28,3
13573,19,4,2026-01-28,3
13574,93,4,2026-01-28,5
13575,294,4,2026-01-28,2
13576,65,4,2026-01-28,2
13577,155,4,2026-01-28,5
13578,285,4,2026-01-28,4
13579,101,4,2026-01-28,3
13580,85,4,2026-01-28,3
13581,94,4,2026-01-28,4
13582,135,4,2026-01-28,6
13583,49,4,2026-01-28,3
13584,92,4,2026-01-28,4
13585,69,4,2026-01-28,3
13586,34,4,2026-01-28,4
13587,204,4,2026-01-28,5
13588,280,4,2026-01-28,5
13589,48,4,2026-01-28,3
13590,71,4,2026-01-29,4
13591,234,4,2026-01-29,6
13592,135,4,2026-01-29,3
13593,153,4,2026-01-29,7
13594,181,4,2026-01-29,2
13595,92,4,2026-01-29,1
13596,46,4,2026-01-29,1
13597,280,4,2026-01-29,5
13598,72,4,2026-01-29,4
13599,48,4,2026-01-29,4
13600,296,4,2026-01-29,5
13601,270,4,2026-01-29,2
13602,84,4,2026-01-29,1
13603,179,4,2026-01-29,3
13604,94,4,2026-01-29,4
13605,221,4,2026-01-29,4
13606,204,4,2026-01-29,1
13607,7,4,2026-01-29,6
13608,89,4,2026-01-30,1
13609,67,4,2026-01-30,5
13610,270,4,2026-01-30,3
13611,43,4,2026-01-30,7
13612,47,4,2026-01-30,4
13613,153,4,2026-01-30,5
13614,84,4,2026-01-30,2
13615,245,4,2026-01-30,6
13616,192,4,2026-01-30,3
13617,154,4,2026-01-30,1
13618,213,4,2026-01-30,2
13619,204,4,2026-01-30,7
13620,25,4,2026-01-30,2
13621,17,4,2026-01-30,3
13622,225,4,2026-01-30,6
13623,104,4,2026-01-30,1
13624,101,4,2026-01-30,6
13625,227,4,2026-01-30,6
13626,294,4,2026-01-30,4
13627,7,4,2026-01-30,5
13628,2,4,2026-01-30,4
13629,70,4,2026-01-30,3
13630,129,4,2026-01-30,4
13631,280,4,2026-01-30,4
13632,242,4,2026-01-30,4
13633,193,4,2026-01-30,6
13634,246,4,2026-01-30,2
13635,173,4,2026-01-30,4
13636,293,4,2026-01-30,3
13637,112,4,2026-01-30,3
13638,279,4,2026-01-31,1
13639,102,4,2026-01-31,2
13640,295,4,2026-01-31,2
13641,85,4,2026-01-31,1
13642,213,4,2026-01-31,1
13643,225,4,2026-01-31,1
13644,69,4,2026-01-31,5
13645,143,4,2026-01-31,4
13646,64,4,2026-01-31,1
13647,155,4,2026-01-31,1
13648,296,4,2026-01-31,1
13649,130,4,2026-01-31,4
13650,104,4,2026-01-31,3
13651,227,4,2026-01-31,3
13652,47,4,2026-01-31,2
13653,101,4,2026-01-31,1
13654,25,4,2026-01-31,2
13655,34,4,2026-01-31,2
13656,292,4,2026-01-31,3
13657,72,4,2026-01-31,1
13658,14,4,2026-01-31,2
13659,294,4,2026-01-31,1
13660,12,4,2026-02-01,1
13661,14,4,2026-02-01,3
13662,71,4,2026-02-01,2
13663,185,4,2026-02-01,2
13664,2,4,2026-02-01,2
13665,72,4,2026-02-01,1
13666,201,4,2026-02-01,2
13667,65,4,2026-02-01,4
13668,248,4,2026-02-01,2
13669,155,4,2026-02-01,2
13670,227,4,2026-02-01,2
13671,248,4,2026-02-02,3
13672,124,4,2026-02-02,13
13673,246,4,2026-02-02,13
13674,279,4,2026-02-02,11
13675,240,4,2026-02-02,9
13676,2,4,2026-02-02,6
13677,84,4,2026-02-02,8
13678,14,4,2026-02-02,8
13679,71,4,2026-02-02,7
13680,94,4,2026-02-02,5
13681,219,4,2026-02-02,9
13682,164,4,2026-02-02,11
13683,130,4,2026-02-02,7
13684,89,4,2026-02-02,3
13685,43,4,2026-02-02,11
13686,193,4,2026-02-02,5
13687,204,4,2026-02-02,4
13688,295,4,2026-02-02,11
13689,217,4,2026-02-02,7
13690,49,4,2026-02-02,5
13691,167,4,2026-02-02,2
13692,221,4,2026-02-02,5
13693,201,4,2026-02-02,4
13694,117,4,2026-02-02,5
13695,69,4,2026-02-02,8
13696,185,4,2026-02-02,14
13697,15,4,2026-02-02,7
13698,70,4,2026-02-02,16
13699,153,4,2026-02-02,11
13700,245,4,2026-02-03,2
13701,20,4,2026-02-03,3
13702,213,4,2026-02-03,4
13703,14,4,2026-02-03,4
13704,181,4,2026-02-03,4
13705,114,4,2026-02-03,4
13706,56,4,2026-02-03,8
13707,164,4,2026-02-03,3
13708,100,4,2026-02-03,6
13709,179,4,2026-02-03,3
13710,89,4,2026-02-03,1
13711,44,4,2026-02-03,3
13712,242,4,2026-02-03,3
13713,143,4,2026-02-03,1
13714,203,4,2026-02-03,1
13715,124,4,2026-02-03,2
13716,248,4,2026-02-03,7
13717,107,4,2026-02-03,5
13718,193,4,2026-02-03,5
13719,214,4,2026-02-03,3
13720,227,4,2026-02-03,4
13721,204,4,2026-02-03,2
13722,212,4,2026-02-03,6
13723,154,4,2026-02-03,5
13724,295,4,2026-02-03,2
13725,300,4,2026-02-03,5
13726,112,4,2026-02-03,7
13727,293,4,2026-02-03,5
13728,279,4,2026-02-04,6
13729,64,4,2026-02-04,3
13730,46,4,2026-02-04,5
13731,227,4,2026-02-04,5
13732,285,4,2026-02-04,4
13733,217,4,2026-02-04,4
13734,44,4,2026-02-04,7
13735,43,4,2026-02-04,3
13736,248,4,2026-02-04,8
13737,148,4,2026-02-04,6
13738,15,4,2026-02-04,5
13739,49,4,2026-02-04,4
13740,179,4,2026-02-04,3
13741,17,4,2026-02-04,8
13742,242,4,2026-02-04,6
13743,181,4,2026-02-04,1
13744,104,4,2026-02-05,6
13745,100,4,2026-02-05,6
13746,89,4,2026-02-05,2
13747,124,4,2026-02-05,3
13748,179,4,2026-02-05,1
13749,280,4,2026-02-05,4
13750,298,4,2026-02-05,6
13751,227,4,2026-02-05,4
13752,214,4,2026-02-05,3
13753,295,4,2026-02-05,6
13754,34,4,2026-02-05,3
13755,240,4,2026-02-05,4
13756,294,4,2026-02-05,1
13757,296,4,2026-02-05,3
13758,143,4,2026-02-05,5
13759,15,4,2026-02-05,4
13760,221,4,2026-02-05,5
13761,193,4,2026-02-05,5
13762,225,4,2026-02-05,6
13763,117,4,2026-02-05,4
13764,65,4,2026-02-05,4
13765,48,4,2026-02-05,4
13766,231,4,2026-02-05,5
13767,204,4,2026-02-05,5
13768,217,4,2026-02-05,6
13769,293,4,2026-02-05,4
13770,67,4,2026-02-05,4
13771,112,4,2026-02-05,3
13772,49,4,2026-02-05,4
13773,138,4,2026-02-05,1
13774,71,4,2026-02-05,2
13775,246,4,2026-02-06,3
13776,242,4,2026-02-06,4
13777,12,4,2026-02-06,3
13778,280,4,2026-02-06,2
13779,148,4,2026-02-06,3
13780,155,4,2026-02-06,3
13781,56,4,2026-02-06,6
13782,83,4,2026-02-06,6
13783,213,4,2026-02-06,4
13784,173,4,2026-02-06,3
13785,204,4,2026-02-06,1
13786,85,4,2026-02-06,5
13787,164,4,2026-02-06,4
13788,71,4,2026-02-06,3
13789,14,4,2026-02-06,1
13790,143,4,2026-02-06,2
13791,101,4,2026-02-06,2
13792,129,4,2026-02-06,6
13793,84,4,2026-02-06,9
13794,234,4,2026-02-06,4
13795,265,4,2026-02-07,3
13796,130,4,2026-02-07,2
13797,40,4,2026-02-07,1
13798,285,4,2026-02-07,2
13799,89,4,2026-02-07,1
13800,43,4,2026-02-07,1
13801,295,4,2026-02-07,3
13802,114,4,2026-02-07,3
13803,212,4,2026-02-07,1
13804,48,4,2026-02-07,1
13805,17,4,2026-02-07,3
13806,296,4,2026-02-07,2
13807,138,4,2026-02-07,2
13808,217,4,2026-02-08,1
13809,265,4,2026-02-08,7
13810,125,4,2026-02-08,7
13811,93,4,2026-02-08,3
13812,246,4,2026-02-08,5
13813,227,4,2026-02-08,3
13814,173,4,2026-02-08,1
13815,203,4,2026-02-08,6
13816,270,4,2026-02-08,5
13817,102,4,2026-02-08,3
13818,81,4,2026-02-08,1
13819,164,4,2026-02-08,5
13820,225,4,2026-02-08,3
13821,185,4,2026-02-08,2
13822,19,4,2026-02-08,3
13823,15,4,2026-02-08,3
13824,156,4,2026-02-08,5
13825,70,4,2026-02-08,4
13826,15,4,2026-02-09,5
13827,246,4,2026-02-09,4
13828,156,4,2026-02-09,4
13829,185,4,2026-02-09,7
13830,101,4,2026-02-09,9
13831,174,4,2026-02-09,3
13832,280,4,2026-02-09,8
13833,297,4,2026-02-09,5
13834,129,4,2026-02-09,2
13835,83,4,2026-02-09,1
13836,143,4,2026-02-09,5
13837,295,4,2026-02-09,1
13838,138,4,2026-02-09,4
13839,117,4,2026-02-09,2
13840,153,4,2026-02-09,2
13841,114,4,2026-02-09,1
13842,69,4,2026-02-10,2
13843,15,4,2026-02-10,3
13844,117,4,2026-02-10,4
13845,213,4,2026-02-10,7
13846,285,4,2026-02-10,2
13847,217,4,2026-02-10,2
13848,279,4,2026-02-10,3
13849,148,4,2026-02-10,3
13850,13,4,2026-02-10,3
13851,7,4,2026-02-10,1
13852,265,4,2026-02-10,2
13853,114,4,2026-02-10,2
13854,65,4,2026-02-10,7
13855,100,4,2026-02-10,6
13856,219,4,2026-02-10,4
13857,14,4,2026-02-10,1
13858,161,4,2026-02-10,2
13859,81,4,2026-02-10,2
13860,85,4,2026-02-10,5
13861,72,4,2026-02-10,4
13862,135,4,2026-02-10,4
13863,248,4,2026-02-10,5
13864,201,4,2026-02-10,3
13865,34,4,2026-02-10,4
13866,167,4,2026-02-10,4
13867,62,4,2026-02-10,4
13868,46,4,2026-02-10,6
13869,221,4,2026-02-10,5
13870,129,4,2026-02-10,3
13871,185,4,2026-02-10,2
13872,40,4,2026-02-10,5
13873,104,4,2026-02-10,5
13874,125,4,2026-02-10,3
13875,84,4,2026-02-10,3
13876,174,4,2026-02-10,4
13877,114,4,2026-02-11,4
13878,143,4,2026-02-11,5
13879,125,4,2026-02-11,2
13880,85,4,2026-02-11,3
13881,101,4,2026-02-11,3
13882,156,4,2026-02-11,4
13883,138,4,2026-02-11,3
13884,185,4,2026-02-11,2
13885,20,4,2026-02-11,1
13886,148,4,2026-02-11,6
13887,221,4,2026-02-11,6
13888,69,4,2026-02-11,5
13889,225,4,2026-02-11,5
13890,219,4,2026-02-11,3
13891,93,4,2026-02-11,3
13892,2,4,2026-02-11,3
13893,100,4,2026-02-11,1
13894,89,4,2026-02-11,4
13895,71,4,2026-02-11,4
13896,46,4,2026-02-11,5
13897,81,4,2026-02-11,3
13898,112,4,2026-02-11,5
13899,56,4,2026-02-11,4
13900,234,4,2026-02-11,7
13901,135,4,2026-02-11,2
13902,167,4,2026-02-11,5
13903,117,4,2026-02-11,6
13904,13,4,2026-02-11,6
13905,14,4,2026-02-11,4
13906,181,4,2026-02-11,2
13907,62,4,2026-02-12,4
13908,248,4,2026-02-12,5
13909,104,4,2026-02-12,3
13910,71,4,2026-02-12,6
13911,155,4,2026-02-12,5
13912,240,4,2026-02-12,2
13913,174,4,2026-02-12,5
13914,295,4,2026-02-12,3
13915,185,4,2026-02-12,2
13916,47,4,2026-02-12,7
13917,221,4,2026-02-12,4
13918,242,4,2026-02-12,2
13919,296,4,2026-02-12,2
13920,130,4,2026-02-12,2
13921,69,4,2026-02-12,3
13922,158,4,2026-02-12,4
13923,203,4,2026-02-12,5
13924,180,4,2026-02-12,4
13925,34,4,2026-02-12,2
13926,46,4,2026-02-13,1
13927,14,4,2026-02-13,2
13928,25,4,2026-02-13,3
13929,204,4,2026-02-13,3
13930,179,4,2026-02-13,5
13931,34,4,2026-02-13,2
13932,67,4,2026-02-13,3
13933,7,4,2026-02-13,4
13934,280,4,2026-02-13,4
13935,212,4,2026-02-13,3
13936,56,4,2026-02-13,3
13937,148,4,2026-02-13,2
13938,107,4,2026-02-13,9
13939,213,4,2026-02-13,6
13940,219,4,2026-02-13,4
13941,84,4,2026-02-13,1
13942,64,4,2026-02-13,3
13943,62,4,2026-02-13,3
13944,270,4,2026-02-13,8
13945,19,4,2026-02-13,4
13946,104,4,2026-02-13,5
13947,227,4,2026-02-13,7
13948,185,4,2026-02-13,3
13949,129,4,2026-02-13,2
13950,48,4,2026-02-13,6
13951,155,4,2026-02-13,1
13952,12,4,2026-02-13,4
13953,102,4,2026-02-13,4
13954,20,4,2026-02-13,4
13955,138,4,2026-02-13,3
13956,214,4,2026-02-13,2
13957,246,4,2026-02-13,4
13958,221,4,2026-02-13,1
13959,101,4,2026-02-13,4
13960,158,4,2026-02-13,7
13961,85,4,2026-02-13,2
13962,70,4,2026-02-13,5
13963,72,4,2026-02-13,3
13964,64,4,2026-02-14,2
13965,20,4,2026-02-14,1
13966,70,4,2026-02-14,1
13967,125,4,2026-02-14,3
13968,296,4,2026-02-14,1
13969,240,4,2026-02-14,2
13970,217,4,2026-02-14,3
13971,279,4,2026-02-14,1
13972,204,4,2026-02-14,1
13973,56,4,2026-02-14,4
13974,34,4,2026-02-14,1
13975,214,4,2026-02-14,3
13976,107,4,2026-02-14,1
13977,285,4,2026-02-14,3
13978,69,4,2026-02-14,2
13979,101,4,2026-02-14,2
13980,270,4,2026-02-14,1
13981,185,4,2026-02-14,1
13982,93,4,2026-02-14,1
13983,25,4,2026-02-14,2
13984,246,4,2026-02-15,2
13985,67,4,2026-02-15,3
13986,164,4,2026-02-15,2
13987,180,4,2026-02-15,1
13988,12,4,2026-02-15,1
13989,13,4,2026-02-15,1
13990,130,4,2026-02-15,1
13991,14,4,2026-02-15,3
13992,173,4,2026-02-15,3
13993,19,4,2026-02-15,1
13994,138,4,2026-02-15,1
13995,34,4,2026-02-15,3
13996,143,4,2026-02-15,2
13997,285,4,2026-02-15,2
13998,153,4,2026-02-16,5
13999,285,4,2026-02-16,4
14000,164,4,2026-02-16,3
14001,7,4,2026-02-16,1
14002,71,4,2026-02-16,1
14003,292,4,2026-02-16,4
14004,46,4,2026-02-16,5
14005,231,4,2026-02-16,3
14006,265,4,2026-02-16,7
14007,234,4,2026-02-16,3
14008,43,4,2026-02-16,1
14009,180,4,2026-02-16,3
14010,94,4,2026-02-16,5
14011,102,4,2026-02-16,4
14012,67,4,2026-02-16,3
14013,17,4,2026-02-16,5
14014,138,4,2026-02-16,4
14015,213,4,2026-02-16,4
14016,154,4,2026-02-16,5
14017,40,4,2026-02-16,5
14018,25,4,2026-02-16,6
14019,158,4,2026-02-17,3
14020,69,4,2026-02-17,9
14021,101,4,2026-02-17,3
14022,48,4,2026-02-17,4
14023,113,4,2026-02-17,1
14024,285,4,2026-02-17,2
14025,181,4,2026-02-17,6
14026,231,4,2026-02-17,1
14027,81,4,2026-02-17,2
14028,135,4,2026-02-17,3
14029,293,4,2026-02-17,9
14030,164,4,2026-02-17,3
14031,129,4,2026-02-17,3
14032,107,4,2026-02-17,4
14033,2,4,2026-02-17,6
14034,300,4,2026-02-17,5
14035,130,4,2026-02-18,3
14036,69,4,2026-02-18,2
14037,129,4,2026-02-18,4
14038,104,4,2026-02-18,4
14039,49,4,2026-02-18,3
14040,174,4,2026-02-18,4
14041,14,4,2026-02-18,4
14042,161,4,2026-02-18,5
14043,43,4,2026-02-18,3
14044,270,4,2026-02-18,2
14045,65,4,2026-02-18,2
14046,297,4,2026-02-18,4
14047,15,4,2026-02-18,5
14048,64,4,2026-02-18,3
14049,298,4,2026-02-18,2
14050,285,4,2026-02-18,6
14051,107,4,2026-02-18,6
14052,279,4,2026-02-18,2
14053,70,4,2026-02-18,4
14054,83,4,2026-02-18,7
14055,242,4,2026-02-18,5
14056,47,4,2026-02-18,6
14057,101,4,2026-02-18,5
14058,56,4,2026-02-18,6
14059,135,4,2026-02-19,4
14060,125,4,2026-02-19,1
14061,114,4,2026-02-19,5
14062,248,4,2026-02-19,1
14063,219,4,2026-02-19,3
14064,143,4,2026-02-19,4
14065,47,4,2026-02-19,4
14066,84,4,2026-02-19,6
14067,49,4,2026-02-19,3
14068,164,4,2026-02-19,3
14069,204,4,2026-02-19,4
14070,161,4,2026-02-19,2
14071,102,4,2026-02-19,4
14072,225,4,2026-02-19,8
14073,153,4,2026-02-19,4
14074,130,4,2026-02-19,2
14075,113,4,2026-02-19,1
14076,13,4,2026-02-19,3
14077,34,4,2026-02-19,4
14078,265,4,2026-02-19,1
14079,129,4,2026-02-19,7
14080,47,4,2026-02-20,2
14081,92,4,2026-02-20,8
14082,225,4,2026-02-20,6
14083,67,4,2026-02-20,5
14084,129,4,2026-02-20,5
14085,25,4,2026-02-20,4
14086,246,4,2026-02-20,4
14087,201,4,2026-02-20,3
14088,234,4,2026-02-20,5
14089,71,4,2026-02-20,7
14090,227,4,2026-02-20,5
14091,148,4,2026-02-20,1
14092,270,4,2026-02-20,2
14093,56,4,2026-02-20,5
14094,89,4,2026-02-20,4
14095,231,4,2026-02-20,3
14096,179,4,2026-02-20,3
14097,72,4,2026-02-20,9
14098,292,4,2026-02-20,3
14099,40,4,2026-02-20,3
14100,94,4,2026-02-20,4
14101,134,4,2026-02-20,5
14102,62,4,2026-02-20,7
14103,193,4,2026-02-20,8
14104,204,4,2026-02-20,3
14105,102,4,2026-02-20,3
14106,221,4,2026-02-20,4
14107,13,4,2026-02-20,4
14108,167,4,2026-02-20,2
14109,93,4,2026-02-20,5
14110,180,4,2026-02-20,4
14111,279,4,2026-02-20,4
14112,46,4,2026-02-20,10
14113,219,4,2026-02-20,5
14114,192,4,2026-02-20,3
14115,70,4,2026-02-20,4
14116,20,4,2026-02-20,5
14117,69,4,2026-02-20,1
14118,234,4,2026-02-21,4
14119,213,4,2026-02-21,3
14120,89,4,2026-02-21,1
14121,161,4,2026-02-21,2
14122,174,4,2026-02-21,1
14123,19,4,2026-02-21,3
14124,298,4,2026-02-21,2
14125,265,4,2026-02-21,2
14126,56,4,2026-02-21,1
14127,70,4,2026-02-21,3
14128,192,4,2026-02-21,4
14129,240,4,2026-02-21,2
14130,46,4,2026-02-21,2
14131,43,4,2026-02-21,4
14132,155,4,2026-02-21,1
14133,134,4,2026-02-21,1
14134,25,4,2026-02-21,2
14135,102,4,2026-02-21,4
14136,143,4,2026-02-21,1
14137,17,4,2026-02-21,3
14138,221,4,2026-02-21,1
14139,148,4,2026-02-21,1
14140,180,4,2026-02-21,1
14141,246,4,2026-02-22,2
14142,174,4,2026-02-22,1
14143,234,4,2026-02-22,2
14144,13,4,2026-02-22,1
14145,19,4,2026-02-22,1
14146,64,4,2026-02-22,1
14147,240,4,2026-02-22,2
14148,43,4,2026-02-22,1
14149,138,4,2026-02-22,1
14150,17,4,2026-02-22,1
14151,217,4,2026-02-22,1
14152,70,4,2026-02-22,3
14153,94,4,2026-02-22,3
14154,225,4,2026-02-22,1
14155,212,4,2026-02-22,3
14156,280,4,2026-02-22,1
14157,113,4,2026-02-22,1
14158,214,4,2026-02-22,2
14159,135,4,2026-02-22,2
14160,2,4,2026-02-22,2
14161,245,4,2026-02-22,3
14162,129,4,2026-02-22,1
14163,134,4,2026-02-22,3
14164,292,4,2026-02-22,2
14165,155,4,2026-02-22,1
14166,161,4,2026-02-23,10
14167,43,4,2026-02-23,1
14168,100,4,2026-02-23,4
14169,148,4,2026-02-23,5
14170,245,4,2026-02-23,2
14171,242,4,2026-02-23,3
14172,193,4,2026-02-23,2
14173,221,4,2026-02-23,7
14174,117,4,2026-02-23,4
14175,181,4,2026-02-23,3
14176,2,4,2026-02-23,2
14177,69,4,2026-02-23,2
14178,107,4,2026-02-23,3
14179,62,4,2026-02-23,1
14180,180,4,2026-02-23,4
14181,280,4,2026-02-23,4
14182,217,4,2026-02-23,3
14183,81,4,2026-02-23,7
14184,70,4,2026-02-24,5
14185,81,4,2026-02-24,8
14186,213,4,2026-02-24,7
14187,114,4,2026-02-24,3
14188,154,4,2026-02-24,4
14189,124,4,2026-02-24,2
14190,246,4,2026-02-24,4
14191,14,4,2026-02-24,5
14192,181,4,2026-02-24,4
14193,292,4,2026-02-24,5
14194,298,4,2026-02-24,3
14195,143,4,2026-02-24,3
14196,94,4,2026-02-24,3
14197,7,4,2026-02-24,2
14198,297,4,2026-02-24,3
14199,153,4,2026-02-24,5
14200,71,4,2026-02-25,3
14201,221,4,2026-02-25,1
14202,234,4,2026-02-25,1
14203,89,4,2026-02-25,3
14204,156,4,2026-02-25,5
14205,69,4,2026-02-25,7
14206,113,4,2026-02-25,7
14207,213,4,2026-02-25,3
14208,81,4,2026-02-25,2
14209,167,4,2026-02-25,4
14210,192,4,2026-02-25,3
14211,153,4,2026-02-25,6
14212,100,4,2026-02-25,3
14213,270,4,2026-02-25,2
14214,279,4,2026-02-25,7
14215,124,4,2026-02-25,4
14216,248,4,2026-02-25,5
14217,179,4,2026-02-25,6
14218,285,4,2026-02-25,2
14219,46,4,2026-02-25,5
14220,20,4,2026-02-25,5
14221,219,4,2026-02-25,4
14222,85,4,2026-02-25,3
14223,101,4,2026-02-25,4
14224,201,4,2026-02-25,3
14225,56,4,2026-02-25,6
14226,164,4,2026-02-26,4
14227,83,4,2026-02-26,4
14228,48,4,2026-02-26,6
14229,124,4,2026-02-26,2
14230,153,4,2026-02-26,4
14231,25,4,2026-02-26,3
14232,245,4,2026-02-26,2
14233,67,4,2026-02-26,5
14234,181,4,2026-02-26,6
14235,12,4,2026-02-26,7
14236,62,4,2026-02-26,3
14237,204,4,2026-02-26,5
14238,20,4,2026-02-26,6
14239,49,4,2026-02-26,2
14240,85,4,2026-02-26,3
14241,15,4,2026-02-26,1
14242,2,4,2026-02-26,7
14243,203,4,2026-02-26,6
14244,227,4,2026-02-26,5
14245,14,4,2026-02-26,4
14246,46,4,2026-02-27,1
14247,156,4,2026-02-27,9
14248,280,4,2026-02-27,3
14249,64,4,2026-02-27,3
14250,13,4,2026-02-27,1
14251,130,4,2026-02-27,3
14252,135,4,2026-02-27,8
14253,71,4,2026-02-27,4
14254,179,4,2026-02-27,2
14255,125,4,2026-02-27,1
14256,148,4,2026-02-27,2
14257,295,4,2026-02-27,6
14258,219,4,2026-02-27,2
14259,161,4,2026-02-27,6
14260,203,4,2026-02-27,2
14261,185,4,2026-02-27,5
14262,158,4,2026-02-27,3
14263,204,4,2026-02-27,1
14264,242,4,2026-02-27,2
14265,117,4,2026-02-27,3
14266,225,4,2026-02-27,5
14267,67,4,2026-02-27,8
14268,217,4,2026-02-27,2
14269,138,4,2026-02-27,2
14270,143,4,2026-02-27,4
14271,102,4,2026-02-27,1
14272,155,4,2026-02-27,3
14273,297,4,2026-02-27,5
14274,40,4,2026-02-27,8
14275,2,4,2026-02-27,6
14276,114,4,2026-02-27,3
14277,15,4,2026-02-27,2
14278,245,4,2026-02-27,1
14279,81,4,2026-02-27,3
14280,70,4,2026-02-27,2
14281,94,4,2026-02-27,7
14282,69,4,2026-02-27,3
14283,227,4,2026-02-27,5
14284,164,4,2026-02-27,1
14285,201,4,2026-02-28,2
14286,270,4,2026-02-28,2
14287,234,4,2026-02-28,3
14288,112,4,2026-02-28,1
14289,285,4,2026-02-28,2
14290,219,4,2026-02-28,1
14291,67,4,2026-02-28,1
14292,292,4,2026-02-28,1
14293,212,4,2026-02-28,1
14294,49,4,2026-02-28,1
14295,246,4,2026-02-28,1
14296,192,4,2026-02-28,1
14297,242,4,2026-02-28,3
14298,20,4,2026-02-28,3
14299,225,4,2026-02-28,2
14300,19,4,2026-02-28,1
14301,300,4,2026-02-28,2
14302,100,4,2026-02-28,1
14303,64,4,2026-02-28,1
14304,14,4,2026-02-28,2
14305,113,4,2026-02-28,3
14306,104,4,2026-02-28,2
14307,83,4,2026-02-28,1
14308,94,4,2026-02-28,1
14309,43,4,2026-03-01,3
14310,14,4,2026-03-01,2
14311,113,4,2026-03-01,2
14312,225,4,2026-03-01,1
14313,93,4,2026-03-01,1
14314,125,4,2026-03-01,1
14315,158,4,2026-03-01,1
14316,94,4,2026-03-01,2
14317,156,4,2026-03-01,1
14318,221,4,2026-03-01,4
14319,129,4,2026-03-01,2
14320,7,4,2026-03-01,2
14321,231,4,2026-03-01,1
14322,81,4,2026-03-01,2
14323,56,4,2026-03-01,1
14324,179,4,2026-03-01,2
14325,143,4,2026-03-02,5
14326,12,4,2026-03-02,3
14327,285,4,2026-03-02,3
14328,214,4,2026-03-02,5
14329,15,4,2026-03-02,3
14330,217,4,2026-03-02,5
14331,134,4,2026-03-02,6
14332,265,4,2026-03-02,5
14333,161,4,2026-03-02,4
14334,94,4,2026-03-02,10
14335,70,4,2026-03-02,11
14336,48,4,2026-03-02,3
14337,92,4,2026-03-02,4
14338,113,4,2026-03-02,3
14339,71,4,2026-03-02,5
14340,104,4,2026-03-02,7
14341,25,4,2026-03-02,4
14342,107,4,2026-03-02,2
14343,83,4,2026-03-02,3
14344,84,4,2026-03-02,5
14345,193,4,2026-03-02,5
14346,180,4,2026-03-02,4
14347,153,4,2026-03-02,5
14348,93,4,2026-03-02,4
14349,242,4,2026-03-02,5
14350,138,4,2026-03-02,5
14351,148,4,2026-03-02,3
14352,201,4,2026-03-02,4
14353,85,4,2026-03-02,3
14354,124,4,2026-03-02,6
14355,279,4,2026-03-02,3
14356,192,4,2026-03-02,4
14357,155,4,2026-03-02,3
14358,62,4,2026-03-02,2
14359,296,4,2026-03-03,6
14360,19,4,2026-03-03,7
14361,71,4,2026-03-03,5
14362,49,4,2026-03-03,8
14363,17,4,2026-03-03,3
14364,100,4,2026-03-03,9
14365,192,4,2026-03-03,10
14366,280,4,2026-03-03,6
14367,245,4,2026-03-03,6
14368,84,4,2026-03-03,10
14369,40,4,2026-03-03,7
14370,203,4,2026-03-03,8
14371,240,4,2026-03-03,12
14372,297,4,2026-03-03,8
14373,242,4,2026-03-03,5
14374,46,4,2026-03-03,7
14375,89,4,2026-03-03,8
14376,14,4,2026-03-03,5
14377,7,4,2026-03-03,7
14378,164,4,2026-03-03,5
14379,81,4,2026-03-03,9
14380,107,4,2026-03-03,11
14381,102,4,2026-03-03,7
14382,44,4,2026-03-03,13
14383,65,4,2026-03-03,2
14384,70,4,2026-03-03,6
14385,193,4,2026-03-03,6
14386,265,4,2026-03-03,10
14387,300,4,2026-03-03,4
14388,104,4,2026-03-03,8
14389,217,4,2026-03-03,5
14390,101,4,2026-03-04,3
14391,280,4,2026-03-04,4
14392,134,4,2026-03-04,7
14393,44,4,2026-03-04,2
14394,158,4,2026-03-04,3
14395,246,4,2026-03-04,6
14396,234,4,2026-03-04,2
14397,72,4,2026-03-04,1
14398,67,4,2026-03-04,6
14399,43,4,2026-03-04,6
14400,204,4,2026-03-04,4
14401,124,4,2026-03-04,4
14402,297,4,2026-03-04,2
14403,15,4,2026-03-04,6
14404,240,4,2026-03-04,4
14405,7,4,2026-03-04,1
14406,167,4,2026-03-04,7
14407,181,4,2026-03-04,4
14408,107,4,2026-03-04,4
14409,69,4,2026-03-04,2
14410,193,4,2026-03-04,5
14411,56,4,2026-03-04,1
14412,148,4,2026-03-04,5
14413,293,4,2026-03-04,2
14414,296,4,2026-03-04,4
14415,292,4,2026-03-04,2
14416,20,4,2026-03-04,5
14417,135,4,2026-03-04,4
14418,294,4,2026-03-04,3
14419,17,4,2026-03-04,1
14420,70,4,2026-03-04,2
14421,25,4,2026-03-04,6
14422,125,4,2026-03-04,4
14423,46,4,2026-03-04,4
14424,161,4,2026-03-05,1
14425,155,4,2026-03-05,1
14426,93,4,2026-03-05,5
14427,167,4,2026-03-05,4
14428,64,4,2026-03-05,5
14429,280,4,2026-03-05,3
14430,70,4,2026-03-05,5
14431,217,4,2026-03-05,5
14432,124,4,2026-03-05,4
14433,158,4,2026-03-05,5
14434,296,4,2026-03-05,2
14435,181,4,2026-03-05,2
14436,248,4,2026-03-05,6
14437,138,4,2026-03-05,3
14438,173,4,2026-03-05,5
14439,203,4,2026-03-05,2
14440,20,4,2026-03-05,6
14441,296,4,2026-03-06,4
14442,85,4,2026-03-06,5
14443,219,4,2026-03-06,5
14444,213,4,2026-03-06,4
14445,292,4,2026-03-06,4
14446,64,4,2026-03-06,5
14447,138,4,2026-03-06,7
14448,265,4,2026-03-06,8
14449,279,4,2026-03-06,3
14450,20,4,2026-03-06,5
14451,69,4,2026-03-06,3
14452,143,4,2026-03-06,10
14453,25,4,2026-03-06,7
14454,130,4,2026-03-06,3
14455,212,4,2026-03-06,4
14456,174,4,2026-03-06,2
14457,117,4,2026-03-06,2
14458,40,4,2026-03-06,6
14459,12,4,2026-03-06,6
14460,124,4,2026-03-06,2
14461,134,4,2026-03-06,5
14462,48,4,2026-03-06,2
14463,125,4,2026-03-06,3
14464,129,4,2026-03-06,4
14465,240,4,2026-03-06,3
14466,201,4,2026-03-07,2
14467,219,4,2026-03-07,1
14468,203,4,2026-03-07,1
14469,125,4,2026-03-07,2
14470,174,4,2026-03-07,2
14471,129,4,2026-03-07,1
14472,85,4,2026-03-07,2
14473,89,4,2026-03-07,2
14474,56,4,2026-03-07,1
14475,143,4,2026-03-07,3
14476,240,4,2026-03-07,1
14477,135,4,2026-03-07,3
14478,70,4,2026-03-07,2
14479,34,4,2026-03-07,3
14480,227,4,2026-03-07,1
14481,164,4,2026-03-07,1
14482,173,4,2026-03-07,1
14483,112,4,2026-03-07,3
14484,65,4,2026-03-07,1
14485,248,4,2026-03-07,4
14486,214,4,2026-03-08,1
14487,242,4,2026-03-08,3
14488,81,4,2026-03-08,2
14489,125,4,2026-03-08,1
14490,93,4,2026-03-08,1
14491,117,4,2026-03-08,3
14492,17,4,2026-03-08,1
14493,85,4,2026-03-08,2
14494,193,4,2026-03-08,1
14495,25,4,2026-03-08,1
14496,298,4,2026-03-08,1
14497,129,4,2026-03-08,4
14498,156,4,2026-03-08,2
14499,148,4,2026-03-08,2
14500,212,4,2026-03-08,3
14501,62,4,2026-03-08,1
14502,112,4,2026-03-08,1
14503,234,4,2026-03-08,2
14504,265,4,2026-03-08,2
14505,2,4,2026-03-08,1
14506,40,4,2026-03-08,3
14507,101,4,2026-03-08,1
14508,135,4,2026-03-08,1
14509,155,4,2026-03-08,1
14510,100,4,2026-03-09,3
14511,240,4,2026-03-09,3
14512,117,4,2026-03-09,2
14513,7,4,2026-03-09,6
14514,164,4,2026-03-09,1
14515,234,4,2026-03-09,2
14516,231,4,2026-03-09,4
14517,19,4,2026-03-09,5
14518,280,4,2026-03-09,7
14519,246,4,2026-03-09,1
14520,56,4,2026-03-09,1
14521,294,4,2026-03-09,2
14522,12,4,2026-03-09,7
14523,297,4,2026-03-09,4
14524,227,4,2026-03-10,7
14525,181,4,2026-03-10,2
14526,214,4,2026-03-10,7
14527,164,4,2026-03-10,5
14528,46,4,2026-03-10,7
14529,173,4,2026-03-10,6
14530,64,4,2026-03-10,4
14531,265,4,2026-03-10,3
14532,292,4,2026-03-10,9
14533,219,4,2026-03-10,5
14534,297,4,2026-03-10,2
14535,117,4,2026-03-10,2
14536,14,4,2026-03-10,4
14537,221,4,2026-03-10,1
14538,84,4,2026-03-10,4
14539,56,4,2026-03-10,3
14540,15,4,2026-03-10,5
14541,17,4,2026-03-10,8
14542,44,4,2026-03-10,2
14543,112,4,2026-03-10,3
14544,248,4,2026-03-10,10
14545,25,4,2026-03-10,4
14546,242,4,2026-03-10,1
14547,174,4,2026-03-10,3
14548,7,4,2026-03-10,1
14549,294,4,2026-03-10,5
14550,138,4,2026-03-11,7
14551,129,4,2026-03-11,5
14552,49,4,2026-03-11,6
14553,114,4,2026-03-11,6
14554,240,4,2026-03-11,5
14555,135,4,2026-03-11,2
14556,15,4,2026-03-11,4
14557,201,4,2026-03-11,1
14558,46,4,2026-03-11,4
14559,25,4,2026-03-11,2
14560,47,4,2026-03-11,2
14561,296,4,2026-03-11,6
14562,20,4,2026-03-11,5
14563,161,4,2026-03-11,2
14564,193,4,2026-03-11,5
14565,173,4,2026-03-11,7
14566,270,4,2026-03-11,4
14567,12,4,2026-03-11,2
14568,69,4,2026-03-11,7
14569,246,4,2026-03-11,5
14570,192,4,2026-03-11,7
14571,48,4,2026-03-11,3
14572,65,4,2026-03-11,3
14573,107,4,2026-03-11,3
14574,2,4,2026-03-11,1
14575,180,4,2026-03-11,8
14576,34,4,2026-03-12,10
14577,212,4,2026-03-12,6
14578,155,4,2026-03-12,5
14579,231,4,2026-03-12,5
14580,153,4,2026-03-12,2
14581,20,4,2026-03-12,4
14582,154,4,2026-03-12,3
14583,242,4,2026-03-12,5
14584,298,4,2026-03-12,4
14585,124,4,2026-03-12,2
14586,193,4,2026-03-12,2
14587,265,4,2026-03-12,4
14588,173,4,2026-03-12,3
14589,48,4,2026-03-12,2
14590,72,4,2026-03-12,3
14591,89,4,2026-03-12,4
14592,125,4,2026-03-12,6
14593,93,4,2026-03-12,1
14594,158,4,2026-03-12,2
14595,248,4,2026-03-12,2
14596,85,4,2026-03-12,3
14597,296,4,2026-03-12,6
14598,19,4,2026-03-12,2
14599,221,4,2026-03-12,3
14600,49,4,2026-03-12,2
14601,240,4,2026-03-12,4
14602,300,4,2026-03-12,4
14603,130,4,2026-03-12,2
14604,217,4,2026-03-12,3
14605,62,4,2026-03-12,1
14606,104,4,2026-03-13,4
14607,125,4,2026-03-13,3
14608,46,4,2026-03-13,2
14609,217,4,2026-03-13,7
14610,174,4,2026-03-13,5
14611,84,4,2026-03-13,5
14612,7,4,2026-03-13,5
14613,265,4,2026-03-13,6
14614,214,4,2026-03-13,1
14615,64,4,2026-03-13,4
14616,65,4,2026-03-13,4
14617,148,4,2026-03-13,3
14618,124,4,2026-03-13,4
14619,248,4,2026-03-13,3
14620,154,4,2026-03-13,2
14621,285,4,2026-03-13,7
14622,298,4,2026-03-13,1
14623,280,4,2026-03-13,2
14624,158,4,2026-03-13,3
14625,89,4,2026-03-14,1
14626,49,4,2026-03-14,1
14627,181,4,2026-03-14,2
14628,138,4,2026-03-14,2
14629,85,4,2026-03-14,1
14630,234,4,2026-03-14,4
14631,285,4,2026-03-14,5
14632,13,4,2026-03-14,2
14633,107,4,2026-03-14,2
14634,112,4,2026-03-14,1
14635,153,4,2026-03-14,2
14636,40,4,2026-03-14,3
14637,240,4,2026-03-14,1
14638,155,4,2026-03-14,1
14639,296,4,2026-03-14,2
14640,245,4,2026-03-14,2
14641,225,4,2026-03-14,3
14642,161,4,2026-03-14,1
14643,227,4,2026-03-14,1
14644,221,4,2026-03-14,3
14645,180,4,2026-03-14,2
14646,143,4,2026-03-14,1
14647,193,4,2026-03-14,1
14648,155,4,2026-03-15,1
14649,70,4,2026-03-15,2
14650,225,4,2026-03-15,1
14651,294,4,2026-03-15,1
14652,46,4,2026-03-15,2
14653,12,4,2026-03-15,1
14654,17,4,2026-03-15,3
14655,81,4,2026-03-15,1
14656,193,4,2026-03-15,3
14657,153,4,2026-03-15,2
14658,292,4,2026-03-15,2
14659,270,4,2026-03-15,1
14660,114,4,2026-03-15,2
14661,212,4,2026-03-15,1
14662,293,4,2026-03-15,1
14663,248,4,2026-03-15,1
14664,20,4,2026-03-15,2
14665,49,4,2026-03-16,3
14666,129,4,2026-03-16,4
14667,265,4,2026-03-16,2
14668,231,4,2026-03-16,5
14669,100,4,2026-03-16,3
14670,102,4,2026-03-16,6
14671,219,4,2026-03-16,5
14672,154,4,2026-03-16,4
14673,203,4,2026-03-16,4
14674,212,4,2026-03-16,4
14675,201,4,2026-03-16,7
14676,85,4,2026-03-16,5
14677,213,4,2026-03-16,3
14678,93,4,2026-03-16,1
14679,174,4,2026-03-16,2
14680,181,4,2026-03-16,5
14681,114,4,2026-03-16,4
14682,138,4,2026-03-16,7
14683,12,4,2026-03-16,4
14684,298,4,2026-03-16,5
14685,204,4,2026-03-16,2
14686,19,4,2026-03-16,3
14687,180,4,2026-03-16,3
14688,65,4,2026-03-16,3
14689,81,4,2026-03-16,2
14690,185,4,2026-03-16,3
14691,70,4,2026-03-16,3
14692,34,4,2026-03-16,3
14693,138,4,2026-03-17,2
14694,72,4,2026-03-17,3
14695,135,4,2026-03-17,9
14696,143,4,2026-03-17,5
14697,117,4,2026-03-17,2
14698,212,4,2026-03-17,3
14699,13,4,2026-03-17,2
14700,19,4,2026-03-17,1
14701,219,4,2026-03-17,5
14702,227,4,2026-03-17,2
14703,295,4,2026-03-17,4
14704,173,4,2026-03-17,7
14705,20,4,2026-03-17,2
14706,113,4,2026-03-17,1
14707,297,4,2026-03-17,6
14708,47,4,2026-03-17,1
14709,101,4,2026-03-17,4
14710,193,4,2026-03-17,6
14711,234,4,2026-03-17,2
14712,180,4,2026-03-18,6
14713,89,4,2026-03-18,3
14714,129,4,2026-03-18,4
14715,246,4,2026-03-18,6
14716,297,4,2026-03-18,5
14717,56,4,2026-03-18,5
14718,221,4,2026-03-18,10
14719,25,4,2026-03-18,4
14720,293,4,2026-03-18,9
14721,124,4,2026-03-18,5
14722,156,4,2026-03-18,11
14723,214,4,2026-03-18,7
14724,72,4,2026-03-18,5
14725,40,4,2026-03-18,10
14726,219,4,2026-03-18,3
14727,135,4,2026-03-18,9
14728,20,4,2026-03-18,6
14729,113,4,2026-03-18,5
14730,17,4,2026-03-18,4
14731,65,4,2026-03-18,11
14732,213,4,2026-03-18,9
14733,100,4,2026-03-18,3
14734,84,4,2026-03-18,1
14735,62,4,2026-03-18,8
14736,114,4,2026-03-18,6
14737,265,4,2026-03-18,5
14738,7,4,2026-03-18,8
14739,185,4,2026-03-18,7
14740,161,4,2026-03-18,8
14741,107,4,2026-03-18,10
14742,43,4,2026-03-18,8
14743,217,4,2026-03-18,2
14744,174,4,2026-03-18,8
14745,134,4,2026-03-18,7
14746,13,4,2026-03-18,10
14747,298,4,2026-03-18,6
14748,155,4,2026-03-19,2
14749,117,4,2026-03-19,4
14750,124,4,2026-03-19,5
14751,130,4,2026-03-19,6
14752,85,4,2026-03-19,3
14753,242,4,2026-03-19,4
14754,113,4,2026-03-19,3
14755,112,4,2026-03-19,5
14756,192,4,2026-03-19,6
14757,72,4,2026-03-19,2
14758,134,4,2026-03-19,2
14759,102,4,2026-03-19,6
14760,231,4,2026-03-19,4
14761,214,4,2026-03-19,4
14762,217,4,2026-03-19,7
14763,49,4,2026-03-19,5
14764,203,4,2026-03-19,7
14765,179,4,2026-03-19,7
14766,7,4,2026-03-19,1
14767,104,4,2026-03-19,5
14768,81,4,2026-03-19,2
14769,125,4,2026-03-19,7
14770,44,4,2026-03-19,3
14771,48,4,2026-03-19,8
14772,67,4,2026-03-19,6
14773,83,4,2026-03-19,4
14774,143,4,2026-03-19,4
14775,148,4,2026-03-19,8
14776,71,4,2026-03-19,4
14777,64,4,2026-03-19,3
14778,293,4,2026-03-19,6
14779,221,4,2026-03-19,1
14780,101,4,2026-03-19,2
14781,296,4,2026-03-20,2
14782,113,4,2026-03-20,6
14783,65,4,2026-03-20,5
14784,242,4,2026-03-20,1
14785,148,4,2026-03-20,3
14786,125,4,2026-03-20,6
14787,179,4,2026-03-20,5
14788,279,4,2026-03-20,3
14789,180,4,2026-03-20,5
14790,298,4,2026-03-20,2
14791,201,4,2026-03-20,2
14792,227,4,2026-03-20,8
14793,81,4,2026-03-20,4
14794,72,4,2026-03-20,3
14795,240,4,2026-03-20,4
14796,19,4,2026-03-20,2
14797,248,4,2026-03-20,9
14798,107,4,2026-03-20,5
14799,158,4,2026-03-20,4
14800,192,4,2026-03-20,3
14801,102,4,2026-03-20,2
14802,117,4,2026-03-20,3
14803,156,4,2026-03-20,5
14804,134,4,2026-03-21,3
14805,248,4,2026-03-21,4
14806,124,4,2026-03-21,1
14807,85,4,2026-03-21,3
14808,34,4,2026-03-21,2
14809,69,4,2026-03-21,3
14810,181,4,2026-03-21,1
14811,14,4,2026-03-21,2
14812,153,4,2026-03-21,2
14813,193,4,2026-03-21,2
14814,158,4,2026-03-21,1
14815,185,4,2026-03-21,2
14816,214,4,2026-03-21,1
14817,25,4,2026-03-21,3
14818,143,4,2026-03-21,2
14819,294,4,2026-03-21,1
14820,130,4,2026-03-21,3
14821,129,4,2026-03-21,1
14822,203,4,2026-03-21,3
14823,64,4,2026-03-21,1
14824,112,4,2026-03-21,1
14825,94,4,2026-03-21,2
14826,17,4,2026-03-21,2
14827,179,4,2026-03-21,2
14828,154,4,2026-03-21,1
14829,62,4,2026-03-22,2
14830,113,4,2026-03-22,1
14831,134,4,2026-03-22,1
14832,12,4,2026-03-22,2
14833,117,4,2026-03-22,2
14834,217,4,2026-03-22,2
14835,2,4,2026-03-22,4
14836,138,4,2026-03-22,1
14837,285,4,2026-03-22,3
14838,153,4,2026-03-22,3
14839,155,4,2026-03-22,3
14840,49,4,2026-03-22,3
14841,185,4,2026-03-22,1
14842,72,4,2026-03-22,1
14843,67,4,2026-03-22,2
14844,20,4,2026-03-22,1
14845,14,4,2026-03-22,2
14846,40,4,2026-03-22,1
14847,143,4,2026-03-22,2
14848,240,4,2026-03-22,3
14849,124,4,2026-03-22,2
14850,83,4,2026-03-22,4
14851,100,4,2026-03-22,2
14852,164,4,2026-03-22,2
14853,148,4,2026-03-22,8
14854,203,4,2026-03-22,2
14855,192,4,2026-03-22,1
14856,300,4,2026-03-23,6
14857,83,4,2026-03-23,6
14858,71,4,2026-03-23,4
14859,134,4,2026-03-23,2
14860,43,4,2026-03-23,9
14861,15,4,2026-03-23,2
14862,227,4,2026-03-23,1
14863,81,4,2026-03-23,4
14864,242,4,2026-03-23,3
14865,203,4,2026-03-23,5
14866,113,4,2026-03-23,8
14867,89,4,2026-03-23,7
14868,167,4,2026-03-23,5
14869,64,4,2026-03-23,8
14870,295,4,2026-03-23,4
14871,134,4,2026-03-24,5
14872,101,4,2026-03-24,4
14873,219,4,2026-03-24,5
14874,300,4,2026-03-24,3
14875,298,4,2026-03-24,1
14876,46,4,2026-03-24,5
14877,179,4,2026-03-24,6
14878,155,4,2026-03-24,8
14879,167,4,2026-03-24,2
14880,240,4,2026-03-24,5
14881,12,4,2026-03-24,2
14882,270,4,2026-03-24,4
14883,294,4,2026-03-24,3
14884,185,4,2026-03-24,5
14885,47,4,2026-03-24,5
14886,7,4,2026-03-24,5
14887,297,4,2026-03-24,8
14888,70,4,2026-03-24,2
14889,34,4,2026-03-24,4
14890,19,4,2026-03-24,4
14891,124,4,2026-03-24,2
14892,72,4,2026-03-24,8
14893,156,4,2026-03-24,4
14894,292,4,2026-03-24,6
14895,135,4,2026-03-24,2
14896,125,4,2026-03-24,3
14897,212,4,2026-03-24,4
14898,234,4,2026-03-24,1
14899,2,4,2026-03-24,2
14900,246,4,2026-03-25,3
14901,212,4,2026-03-25,6
14902,12,4,2026-03-25,3
14903,217,4,2026-03-25,4
14904,134,4,2026-03-25,5
14905,298,4,2026-03-25,4
14906,94,4,2026-03-25,2
14907,17,4,2026-03-25,2
14908,49,4,2026-03-25,3
14909,102,4,2026-03-25,6
14910,43,4,2026-03-25,1
14911,56,4,2026-03-25,3
14912,154,4,2026-03-25,4
14913,81,4,2026-03-25,6
14914,19,4,2026-03-25,4
14915,181,4,2026-03-25,6
14916,92,4,2026-03-25,3
14917,130,4,2026-03-25,4
14918,134,4,2026-03-26,1
14919,69,4,2026-03-26,3
14920,46,4,2026-03-26,3
14921,153,4,2026-03-26,5
14922,102,4,2026-03-26,3
14923,64,4,2026-03-26,2
14924,240,4,2026-03-26,2
14925,101,4,2026-03-26,4
14926,158,4,2026-03-26,6
14927,71,4,2026-03-26,5
14928,164,4,2026-03-26,4
14929,221,4,2026-03-26,6
14930,113,4,2026-03-26,9
14931,47,4,2026-03-26,3
14932,100,4,2026-03-26,2
14933,89,4,2026-03-26,4
14934,173,4,2026-03-26,5
14935,246,4,2026-03-26,3
14936,15,4,2026-03-26,6
14937,43,4,2026-03-26,6
14938,104,4,2026-03-26,1
14939,81,4,2026-03-26,4
14940,7,4,2026-03-26,3
14941,34,4,2026-03-26,2
14942,154,4,2026-03-26,4
14943,219,4,2026-03-26,8
14944,49,4,2026-03-26,2
14945,67,4,2026-03-26,3
14946,20,4,2026-03-26,5
14947,294,4,2026-03-26,2
14948,47,4,2026-03-27,9
14949,153,4,2026-03-27,5
14950,161,4,2026-03-27,6
14951,94,4,2026-03-27,6
14952,84,4,2026-03-27,2
14953,64,4,2026-03-27,4
14954,117,4,2026-03-27,2
14955,14,4,2026-03-27,9
14956,234,4,2026-03-27,4
14957,12,4,2026-03-27,4
14958,70,4,2026-03-27,2
14959,158,4,2026-03-27,2
14960,201,4,2026-03-27,2
14961,192,4,2026-03-27,3
14962,43,4,2026-03-27,2
14963,295,4,2026-03-27,2
14964,213,4,2026-03-27,3
14965,113,4,2026-03-27,6
14966,56,4,2026-03-28,4
14967,217,4,2026-03-28,2
14968,212,4,2026-03-28,2
14969,134,4,2026-03-28,3
14970,20,4,2026-03-28,4
14971,161,4,2026-03-28,1
14972,17,4,2026-03-28,1
14973,64,4,2026-03-28,2
14974,89,4,2026-03-28,3
14975,173,4,2026-03-28,2
14976,129,4,2026-03-28,5
14977,85,4,2026-03-28,2
14978,13,4,2026-03-28,3
14979,102,4,2026-03-28,1
14980,279,4,2026-03-28,3
14981,297,4,2026-03-28,2
14982,104,4,2026-03-28,2
14983,213,4,2026-03-29,1
14984,14,4,2026-03-29,1
14985,130,4,2026-03-29,2
14986,83,4,2026-03-29,2
14987,185,4,2026-03-29,1
14988,221,4,2026-03-29,1
14989,181,4,2026-03-29,2
14990,219,4,2026-03-29,1
14991,167,4,2026-03-29,1
14992,240,4,2026-03-29,2
14993,285,4,2026-03-29,2
14994,294,4,2026-03-29,1
14995,134,4,2026-03-29,1
14996,156,4,2026-03-29,1
14997,279,4,2026-03-29,2
14998,201,4,2026-03-29,1
14999,48,4,2026-03-29,2
15000,248,4,2026-03-29,1
15001,292,4,2026-03-29,1
15002,104,4,2026-03-29,1
15003,64,4,2026-03-29,2
15004,47,4,2026-03-29,2
15005,242,4,2026-03-29,4
15006,12,4,2026-03-29,1
15007,225,4,2026-03-29,1
15008,69,4,2026-03-29,1
15009,158,4,2026-03-29,2
15010,148,4,2026-03-29,2
15011,40,4,2026-03-29,2
15012,143,4,2026-03-29,1
15013,40,4,2026-03-30,3
15014,81,4,2026-03-30,1
15015,295,4,2026-03-30,2
15016,104,4,2026-03-30,5
15017,212,4,2026-03-30,1
15018,15,4,2026-03-30,3
15019,148,4,2026-03-30,4
15020,201,4,2026-03-30,3
15021,112,4,2026-03-30,5
15022,270,4,2026-03-30,2
15023,193,4,2026-03-30,1
15024,279,4,2026-03-30,5
15025,213,4,2026-03-30,3
15026,181,4,2026-03-30,6
15027,129,4,2026-03-30,4
15028,221,4,2026-03-30,2
15029,298,4,2026-03-30,7
15030,93,4,2026-03-30,3
15031,293,4,2026-03-30,5
15032,84,4,2026-03-30,4
15033,161,4,2026-03-30,4
15034,155,4,2026-03-30,2
15035,130,4,2026-03-30,6
15036,242,4,2026-03-30,1
15037,154,4,2026-03-30,6
15038,296,4,2026-03-31,2
15039,85,4,2026-03-31,2
15040,225,4,2026-03-31,7
15041,7,4,2026-03-31,8
15042,69,4,2026-03-31,7
15043,72,4,2026-03-31,3
15044,285,4,2026-03-31,3
15045,240,4,2026-03-31,6
15046,204,4,2026-03-31,2
15047,248,4,2026-03-31,5
15048,297,4,2026-03-31,3
15049,227,4,2026-03-31,4
15050,245,4,2026-03-31,5
15051,83,4,2026-03-31,3
15052,14,4,2026-03-31,4
15053,153,4,2026-03-31,2
15054,217,4,2026-03-31,2
15055,25,4,2026-03-31,1
15056,219,4,2026-03-31,3
15057,293,4,2026-03-31,5
15058,158,4,2026-03-31,2
15059,300,4,2026-03-31,1
15060,201,4,2026-03-31,4
15061,93,4,2026-03-31,5
15062,112,4,2026-03-31,3
15063,154,4,2026-03-31,6
15064,81,4,2026-03-31,2
15065,34,4,2026-03-31,3
15066,294,4,2026-03-31,6
15067,129,4,2026-03-31,2
15068,114,4,2026-03-31,1
15069,102,4,2026-03-31,7
15070,213,4,2026-03-31,5
15071,242,4,2026-03-31,3
15072,48,4,2026-03-31,4
15073,203,4,2026-03-31,5
15074,246,4,2026-03-31,2
15075,69,4,2026-04-01,2
15076,143,4,2026-04-01,4
15077,130,4,2026-04-01,6
15078,13,4,2026-04-01,2
15079,148,4,2026-04-01,4
15080,19,4,2026-04-01,7
15081,300,4,2026-04-01,4
15082,245,4,2026-04-01,4
15083,46,4,2026-04-01,3
15084,62,4,2026-04-01,3
15085,180,4,2026-04-01,5
15086,298,4,2026-04-01,2
15087,213,4,2026-04-01,4
15088,203,4,2026-04-01,2
15089,12,4,2026-04-01,2
15090,44,4,2026-04-01,4
15091,89,4,2026-04-01,4
15092,158,4,2026-04-01,2
15093,93,4,2026-04-01,6
15094,225,4,2026-04-01,4
15095,217,4,2026-04-01,1
15096,100,4,2026-04-01,2
15097,67,4,2026-04-01,2
15098,92,4,2026-04-01,4
15099,292,4,2026-04-01,6
15100,201,4,2026-04-01,4
15101,117,4,2026-04-01,2
15102,248,4,2026-04-01,3
15103,138,4,2026-04-01,2
15104,15,4,2026-04-01,5
15105,164,4,2026-04-01,4
15106,280,4,2026-04-01,5
15107,227,4,2026-04-01,4
15108,70,4,2026-04-01,2
15109,240,4,2026-04-02,9
15110,83,4,2026-04-02,8
15111,47,4,2026-04-02,8
15112,44,4,2026-04-02,6
15113,221,4,2026-04-02,5
15114,296,4,2026-04-02,11
15115,201,4,2026-04-02,2
15116,217,4,2026-04-02,8
15117,148,4,2026-04-02,6
15118,227,4,2026-04-02,8
15119,298,4,2026-04-02,6
15120,155,4,2026-04-02,4
15121,231,4,2026-04-02,8
15122,300,4,2026-04-02,5
15123,25,4,2026-04-02,8
15124,56,4,2026-04-02,2
15125,129,4,2026-04-02,11
15126,242,4,2026-04-02,4
15127,173,4,2026-04-02,6
15128,46,4,2026-04-02,6
15129,167,4,2026-04-02,4
15130,245,4,2026-04-02,9
15131,20,4,2026-04-02,6
15132,143,4,2026-04-02,8
15133,203,4,2026-04-02,5
15134,294,4,2026-04-02,1
15135,181,4,2026-04-02,9
15136,292,4,2026-04-02,3
15137,92,4,2026-04-02,6
15138,104,4,2026-04-02,3
15139,193,4,2026-04-02,3
15140,70,4,2026-04-03,8
15141,300,4,2026-04-03,5
15142,2,4,2026-04-03,1
15143,234,4,2026-04-03,14
15144,265,4,2026-04-03,5
15145,270,4,2026-04-03,8
15146,164,4,2026-04-03,7
15147,153,4,2026-04-03,7
15148,20,4,2026-04-03,4
15149,25,4,2026-04-03,7
15150,83,4,2026-04-03,5
15151,295,4,2026-04-03,8
15152,161,4,2026-04-03,11
15153,293,4,2026-04-03,5
15154,34,4,2026-04-03,11
15155,181,4,2026-04-03,6
15156,280,4,2026-04-03,6
15157,285,4,2026-04-03,5
15158,19,4,2026-04-03,7
15159,117,4,2026-04-03,6
15160,155,4,2026-04-03,5
15161,296,4,2026-04-03,7
15162,7,4,2026-04-03,2
15163,85,4,2026-04-03,14
15164,130,4,2026-04-03,5
15165,89,4,2026-04-03,2
15166,279,4,2026-04-03,7
15167,180,4,2026-04-03,5
15168,203,4,2026-04-03,10
15169,40,4,2026-04-04,1
15170,113,4,2026-04-04,2
15171,285,4,2026-04-04,1
15172,292,4,2026-04-04,1
15173,14,4,2026-04-04,2
15174,104,4,2026-04-04,2
15175,71,4,2026-04-04,1
15176,69,4,2026-04-04,1
15177,201,4,2026-04-04,1
15178,83,4,2026-04-04,1
15179,102,4,2026-04-04,1
15180,279,4,2026-04-04,3
15181,227,4,2026-04-04,1
15182,173,4,2026-04-04,2
15183,213,4,2026-04-05,2
15184,270,4,2026-04-05,2
15185,49,4,2026-04-05,3
15186,148,4,2026-04-05,2
15187,155,4,2026-04-05,1
15188,174,4,2026-04-05,3
15189,201,4,2026-04-05,1
15190,117,4,2026-04-05,1
15191,84,4,2026-04-05,2
15192,44,4,2026-04-05,2
15193,113,4,2026-04-05,3
15194,94,4,2026-04-05,3
15195,295,4,2026-04-05,3
15196,67,4,2026-04-05,1
15197,12,4,2026-04-05,1
15198,231,4,2026-04-05,1
15199,2,4,2026-04-05,1
15200,135,4,2026-04-06,9
15201,112,4,2026-04-06,7
15202,185,4,2026-04-06,4
15203,285,4,2026-04-06,4
15204,203,4,2026-04-06,4
15205,85,4,2026-04-06,7
15206,15,4,2026-04-06,6
15207,294,4,2026-04-06,5
15208,167,4,2026-04-06,7
15209,81,4,2026-04-06,7
15210,221,4,2026-04-06,10
15211,192,4,2026-04-06,4
15212,227,4,2026-04-06,6
15213,297,4,2026-04-06,5
15214,138,4,2026-04-06,7
15215,104,4,2026-04-06,9
15216,92,4,2026-04-06,9
15217,48,4,2026-04-06,9
15218,293,4,2026-04-06,9
15219,173,4,2026-04-06,8
15220,246,4,2026-04-06,3
15221,69,4,2026-04-06,15
15222,201,4,2026-04-06,4
15223,114,4,2026-04-06,6
15224,298,4,2026-04-06,6
15225,93,4,2026-04-06,11
15226,292,4,2026-04-07,8
15227,107,4,2026-04-07,4
15228,129,4,2026-04-07,1
15229,83,4,2026-04-07,5
15230,174,4,2026-04-07,3
15231,124,4,2026-04-07,2
15232,113,4,2026-04-07,2
15233,212,4,2026-04-07,2
15234,65,4,2026-04-07,3
15235,13,4,2026-04-07,6
15236,161,4,2026-04-07,7
15237,81,4,2026-04-07,3
15238,85,4,2026-04-07,2
15239,49,4,2026-04-07,1
15240,114,4,2026-04-07,4
15241,240,4,2026-04-07,5
15242,179,4,2026-04-08,2
15243,81,4,2026-04-08,5
15244,158,4,2026-04-08,3
15245,164,4,2026-04-08,1
15246,242,4,2026-04-08,6
15247,154,4,2026-04-08,1
15248,143,4,2026-04-08,5
15249,43,4,2026-04-08,3
15250,13,4,2026-04-08,1
15251,46,4,2026-04-08,4
15252,7,4,2026-04-08,4
15253,69,4,2026-04-08,6
15254,84,4,2026-04-08,3
15255,181,4,2026-04-08,4
15256,292,4,2026-04-08,4
15257,285,4,2026-04-08,2
15258,240,4,2026-04-08,1
15259,156,4,2026-04-08,3
15260,174,4,2026-04-08,5
15261,47,4,2026-04-08,3
15262,148,4,2026-04-08,4
15263,65,4,2026-04-08,2
15264,44,4,2026-04-08,2
15265,138,4,2026-04-08,4
15266,125,4,2026-04-08,6
15267,155,4,2026-04-08,3
15268,89,4,2026-04-08,4
15269,192,4,2026-04-08,3
15270,156,4,2026-04-09,7
15271,14,4,2026-04-09,5
15272,234,4,2026-04-09,4
15273,179,4,2026-04-09,2
15274,81,4,2026-04-09,7
15275,174,4,2026-04-09,2
15276,221,4,2026-04-09,2
15277,92,4,2026-04-09,2
15278,203,4,2026-04-09,2
15279,7,4,2026-04-09,7
15280,49,4,2026-04-09,4
15281,292,4,2026-04-09,3
15282,93,4,2026-04-09,3
15283,185,4,2026-04-09,3
15284,72,4,2026-04-09,2
15285,2,4,2026-04-09,4
15286,279,4,2026-04-09,3
15287,46,4,2026-04-09,7
15288,43,4,2026-04-09,6
15289,167,4,2026-04-09,3
15290,62,4,2026-04-09,7
15291,25,4,2026-04-09,7
15292,296,4,2026-04-10,2
15293,67,4,2026-04-10,3
15294,117,4,2026-04-10,4
15295,107,4,2026-04-10,6
15296,112,4,2026-04-10,4
15297,46,4,2026-04-10,4
15298,161,4,2026-04-10,4
15299,20,4,2026-04-10,6
15300,294,4,2026-04-10,4
15301,185,4,2026-04-10,5
15302,298,4,2026-04-10,3
15303,104,4,2026-04-10,2
15304,81,4,2026-04-10,5
15305,113,4,2026-04-10,5
15306,293,4,2026-04-10,4
15307,219,4,2026-04-11,1
15308,100,4,2026-04-11,2
15309,114,4,2026-04-11,2
15310,84,4,2026-04-11,1
15311,246,4,2026-04-11,2
15312,47,4,2026-04-11,3
15313,181,4,2026-04-11,3
15314,225,4,2026-04-11,3
15315,40,4,2026-04-11,1
15316,242,4,2026-04-11,1
15317,124,4,2026-04-11,4
15318,161,4,2026-04-11,1
15319,293,4,2026-04-11,1
15320,158,4,2026-04-12,3
15321,217,4,2026-04-12,3
15322,94,4,2026-04-12,1
15323,153,4,2026-04-12,3
15324,270,4,2026-04-12,2
15325,25,4,2026-04-12,2
15326,203,4,2026-04-12,2
15327,173,4,2026-04-12,1
15328,234,4,2026-04-12,1
15329,112,4,2026-04-12,1
15330,114,4,2026-04-12,1
15331,17,4,2026-04-12,1
15332,293,4,2026-04-12,1
15333,240,4,2026-04-12,2
15334,124,4,2026-04-12,2
15335,135,4,2026-04-12,1
15336,20,4,2026-04-12,1
15337,280,4,2026-04-12,3
15338,248,4,2026-04-12,1
15339,138,4,2026-04-12,2
15340,92,4,2026-04-12,3
15341,84,4,2026-04-12,2
15342,204,4,2026-04-12,2
15343,101,4,2026-04-12,1
15344,64,4,2026-04-12,1
15345,130,4,2026-04-12,3
15346,221,4,2026-04-13,4
15347,83,4,2026-04-13,4
15348,17,4,2026-04-13,2
15349,240,4,2026-04-13,9
15350,300,4,2026-04-13,6
15351,47,4,2026-04-13,3
15352,214,4,2026-04-13,1
15353,279,4,2026-04-13,3
15354,245,4,2026-04-13,4
15355,43,4,2026-04-13,5
15356,234,4,2026-04-13,6
15357,135,4,2026-04-13,4
15358,231,4,2026-04-13,3
15359,92,4,2026-04-13,6
15360,292,4,2026-04-13,6
15361,295,4,2026-04-13,2
15362,212,4,2026-04-13,7
15363,155,4,2026-04-13,2
15364,161,4,2026-04-13,3
15365,248,4,2026-04-13,6
15366,285,4,2026-04-13,3
15367,2,4,2026-04-13,3
15368,173,4,2026-04-13,1
15369,298,4,2026-04-13,6
15370,193,4,2026-04-13,5
15371,104,4,2026-04-13,9
15372,242,4,2026-04-13,4
15373,20,4,2026-04-14,5
15374,89,4,2026-04-14,3
15375,125,4,2026-04-14,5
15376,231,4,2026-04-14,1
15377,292,4,2026-04-14,5
15378,297,4,2026-04-14,6
15379,104,4,2026-04-14,3
15380,117,4,2026-04-14,8
15381,43,4,2026-04-14,4
15382,214,4,2026-04-14,6
15383,14,4,2026-04-14,4
15384,81,4,2026-04-14,4
15385,65,4,2026-04-14,4
15386,242,4,2026-04-14,4
15387,285,4,2026-04-14,3
15388,219,4,2026-04-14,4
15389,2,4,2026-04-14,4
15390,17,4,2026-04-14,2
15391,154,4,2026-04-14,4
15392,280,4,2026-04-14,7
15393,167,4,2026-04-14,3
15394,293,4,2026-04-14,3
15395,161,4,2026-04-14,3
15396,292,4,2026-04-15,6
15397,293,4,2026-04-15,4
15398,148,4,2026-04-15,8
15399,231,4,2026-04-15,5
15400,227,4,2026-04-15,6
15401,295,4,2026-04-15,5
15402,201,4,2026-04-15,8
15403,114,4,2026-04-15,12
15404,46,4,2026-04-15,4
15405,125,4,2026-04-15,6
15406,49,4,2026-04-15,8
15407,167,4,2026-04-15,8
15408,221,4,2026-04-15,11
15409,44,4,2026-04-15,6
15410,225,4,2026-04-15,7
15411,71,4,2026-04-15,8
15412,179,4,2026-04-15,5
15413,193,4,2026-04-15,8
15414,104,4,2026-04-15,7
15415,240,4,2026-04-15,6
15416,70,4,2026-04-15,5
15417,72,4,2026-04-15,5
15418,192,4,2026-04-15,7
15419,201,4,2026-04-16,3
15420,44,4,2026-04-16,7
15421,102,4,2026-04-16,2
15422,72,4,2026-04-16,3
15423,43,4,2026-04-16,4
15424,292,4,2026-04-16,5
15425,49,4,2026-04-16,3
15426,93,4,2026-04-16,5
15427,204,4,2026-04-16,5
15428,13,4,2026-04-16,1
15429,155,4,2026-04-16,5
15430,94,4,2026-04-16,1
15431,112,4,2026-04-16,1
15432,242,4,2026-04-16,3
15433,69,4,2026-04-16,3
15434,34,4,2026-04-16,5
15435,100,4,2026-04-16,2
15436,153,4,2026-04-16,4
15437,180,4,2026-04-16,4
15438,67,4,2026-04-16,6
15439,221,4,2026-04-16,3
15440,280,4,2026-04-16,6
15441,117,4,2026-04-16,3
15442,81,4,2026-04-16,5
15443,138,4,2026-04-17,4
15444,85,4,2026-04-17,2
15445,25,4,2026-04-17,3
15446,242,4,2026-04-17,3
15447,213,4,2026-04-17,4
15448,158,4,2026-04-17,5
15449,300,4,2026-04-17,7
15450,107,4,2026-04-17,5
15451,156,4,2026-04-17,2
15452,40,4,2026-04-17,3
15453,43,4,2026-04-17,4
15454,117,4,2026-04-17,8
15455,153,4,2026-04-17,6
15456,174,4,2026-04-17,3
15457,227,4,2026-04-17,3
15458,217,4,2026-04-17,4
15459,19,4,2026-04-17,3
15460,34,4,2026-04-17,1
15461,113,4,2026-04-17,4
15462,280,4,2026-04-17,4
15463,219,4,2026-04-17,5
15464,179,4,2026-04-17,4
15465,214,4,2026-04-17,1
15466,148,4,2026-04-17,3
15467,112,4,2026-04-17,4
15468,203,4,2026-04-17,7
15469,193,4,2026-04-17,6
15470,94,4,2026-04-18,1
15471,138,4,2026-04-18,2
15472,15,4,2026-04-18,1
15473,49,4,2026-04-18,1
15474,134,4,2026-04-18,1
15475,135,4,2026-04-18,4
15476,112,4,2026-04-18,1
15477,231,4,2026-04-18,1
15478,212,4,2026-04-18,1
15479,158,4,2026-04-18,1
15480,67,4,2026-04-18,1
15481,72,4,2026-04-18,2
15482,213,4,2026-04-19,3
15483,134,4,2026-04-19,1
15484,231,4,2026-04-19,1
15485,174,4,2026-04-19,1
15486,143,4,2026-04-19,1
15487,298,4,2026-04-19,2
15488,100,4,2026-04-19,1
15489,25,4,2026-04-19,1
15490,15,4,2026-04-19,1
15491,135,4,2026-04-19,2
15492,296,4,2026-04-19,2
15493,56,4,2026-04-19,1
15494,47,4,2026-04-19,1
15495,300,4,2026-04-19,1
15496,161,4,2026-04-20,4
15497,102,4,2026-04-20,5
15498,64,4,2026-04-20,4
15499,89,4,2026-04-20,2
15500,143,4,2026-04-20,5
15501,193,4,2026-04-20,7
15502,240,4,2026-04-20,6
15503,156,4,2026-04-20,4
15504,107,4,2026-04-20,3
15505,296,4,2026-04-20,2
15506,100,4,2026-04-20,4
15507,34,4,2026-04-20,1
15508,298,4,2026-04-20,2
15509,167,4,2026-04-20,6
15510,129,4,2026-04-20,6
15511,227,4,2026-04-20,4
15512,135,4,2026-04-20,2
15513,270,4,2026-04-20,11
15514,93,4,2026-04-20,2
15515,295,4,2026-04-20,4
15516,20,4,2026-04-20,8
15517,113,4,2026-04-20,2
15518,293,4,2026-04-20,3
15519,203,4,2026-04-20,3
15520,72,4,2026-04-20,5
15521,181,4,2026-04-20,3
15522,217,4,2026-04-20,6
15523,94,4,2026-04-20,3
15524,148,4,2026-04-20,3
15525,138,4,2026-04-20,5
15526,185,4,2026-04-20,3
15527,158,4,2026-04-20,6
15528,112,4,2026-04-20,3
15529,124,4,2026-04-20,3
15530,225,4,2026-04-20,4
15531,214,4,2026-04-20,3
15532,173,4,2026-04-21,3
15533,47,4,2026-04-21,5
15534,129,4,2026-04-21,3
15535,148,4,2026-04-21,6
15536,114,4,2026-04-21,2
15537,161,4,2026-04-21,7
15538,125,4,2026-04-21,1
15539,214,4,2026-04-21,6
15540,93,4,2026-04-21,5
15541,43,4,2026-04-21,2
15542,297,4,2026-04-21,9
15543,56,4,2026-04-21,6
15544,293,4,2026-04-21,4
15545,227,4,2026-04-21,5
15546,72,4,2026-04-21,4
15547,85,4,2026-04-21,1
15548,71,4,2026-04-21,4
15549,248,4,2026-04-21,3
15550,83,4,2026-04-21,2
15551,48,4,2026-04-21,5
15552,155,4,2026-04-21,3
15553,49,4,2026-04-21,4
15554,64,4,2026-04-21,4
15555,221,4,2026-04-21,4
15556,34,4,2026-04-21,5
15557,17,4,2026-04-21,5
15558,70,4,2026-04-21,3
15559,248,4,2026-04-22,3
15560,225,4,2026-04-22,5
15561,107,4,2026-04-22,4
15562,40,4,2026-04-22,2
15563,181,4,2026-04-22,1
15564,246,4,2026-04-22,3
15565,213,4,2026-04-22,3
15566,92,4,2026-04-22,4
15567,265,4,2026-04-22,3
15568,203,4,2026-04-22,2
15569,49,4,2026-04-22,3
15570,204,4,2026-04-22,5
15571,62,4,2026-04-22,2
15572,143,4,2026-04-22,1
15573,167,4,2026-04-22,6
15574,117,4,2026-04-23,1
15575,143,4,2026-04-23,2
15576,125,4,2026-04-23,2
15577,19,4,2026-04-23,2
15578,62,4,2026-04-23,6
15579,212,4,2026-04-23,7
15580,240,4,2026-04-23,4
15581,100,4,2026-04-23,5
15582,2,4,2026-04-23,4
15583,221,4,2026-04-23,7
15584,174,4,2026-04-23,5
15585,246,4,2026-04-23,4
15586,44,4,2026-04-23,2
15587,225,4,2026-04-23,2
15588,7,4,2026-04-23,4
15589,94,4,2026-04-23,8
15590,65,4,2026-04-23,3
15591,280,4,2026-04-23,8
15592,85,4,2026-04-23,5
15593,248,4,2026-04-23,4
15594,49,4,2026-04-23,4
15595,179,4,2026-04-23,3
15596,113,4,2026-04-23,4
15597,245,4,2026-04-23,2
15598,20,4,2026-04-23,6
15599,231,4,2026-04-23,4
15600,40,4,2026-04-23,2
15601,81,4,2026-04-23,2
15602,112,4,2026-04-23,6
15603,204,4,2026-04-23,3
15604,56,4,2026-04-23,1
15605,83,4,2026-04-23,3
15606,17,4,2026-04-23,2
15607,296,4,2026-04-23,3
15608,164,4,2026-04-23,2
15609,193,4,2026-04-23,4
15610,154,4,2026-04-23,2
15611,180,4,2026-04-23,2
15612,70,4,2026-04-23,5
15613,112,4,2026-04-24,1
15614,46,4,2026-04-24,6
15615,156,4,2026-04-24,2
15616,65,4,2026-04-24,5
15617,124,4,2026-04-24,5
15618,100,4,2026-04-24,5
15619,155,4,2026-04-24,5
15620,138,4,2026-04-24,5
15621,101,4,2026-04-24,5
15622,71,4,2026-04-24,4
15623,213,4,2026-04-24,1
15624,135,4,2026-04-24,4
15625,47,4,2026-04-24,4
15626,17,4,2026-04-24,1
15627,153,4,2026-04-24,5
15628,173,4,2026-04-24,3
15629,185,4,2026-04-24,3
15630,246,4,2026-04-24,6
15631,192,4,2026-04-24,4
15632,43,4,2026-04-24,3
15633,179,4,2026-04-24,3
15634,293,4,2026-04-24,4
15635,204,4,2026-04-24,5
15636,125,4,2026-04-24,3
15637,295,4,2026-04-24,4
15638,85,4,2026-04-24,7
15639,212,4,2026-04-24,6
15640,56,4,2026-04-24,5
15641,280,4,2026-04-24,3
15642,294,4,2026-04-24,8
15643,248,4,2026-04-24,5
15644,300,4,2026-04-24,4
15645,19,4,2026-04-24,4
15646,84,4,2026-04-24,5
15647,102,4,2026-04-24,4
15648,67,4,2026-04-24,2
15649,72,4,2026-04-24,4
15650,221,4,2026-04-25,1
15651,135,4,2026-04-25,2
15652,20,4,2026-04-25,2
15653,143,4,2026-04-25,1
15654,295,4,2026-04-25,1
15655,227,4,2026-04-25,2
15656,293,4,2026-04-25,2
15657,294,4,2026-04-25,3
15658,179,4,2026-04-25,2
15659,100,4,2026-04-25,3
15660,117,4,2026-04-25,3
15661,2,4,2026-04-25,2
15662,69,4,2026-04-25,1
15663,56,4,2026-04-25,4
15664,161,4,2026-04-26,1
15665,167,4,2026-04-26,3
15666,219,4,2026-04-26,2
15667,102,4,2026-04-26,2
15668,83,4,2026-04-26,1
15669,114,4,2026-04-26,1
15670,214,4,2026-04-26,3
15671,64,4,2026-04-26,4
15672,62,4,2026-04-26,2
15673,180,4,2026-04-26,1
15674,174,4,2026-04-26,1
15675,213,4,2026-04-26,2
15676,296,4,2026-04-26,2
15677,212,4,2026-04-26,2
15678,173,4,2026-04-26,3
15679,69,4,2026-04-26,3
15680,297,4,2026-04-26,1
15681,49,4,2026-04-26,2
15682,155,4,2026-04-26,2
15683,101,4,2026-04-26,1
15684,135,4,2026-04-26,4
15685,173,4,2026-04-27,4
15686,44,4,2026-04-27,7
15687,295,4,2026-04-27,4
15688,112,4,2026-04-27,6
15689,7,4,2026-04-27,5
15690,143,4,2026-04-27,4
15691,179,4,2026-04-27,3
15692,148,4,2026-04-27,3
15693,240,4,2026-04-27,3
15694,84,4,2026-04-27,3
15695,19,4,2026-04-27,6
15696,298,4,2026-04-27,4
15697,56,4,2026-04-27,1
15698,83,4,2026-04-27,4
15699,71,4,2026-04-27,4
15700,231,4,2026-04-27,9
15701,101,4,2026-04-27,3
15702,219,4,2026-04-28,4
15703,107,4,2026-04-28,6
15704,234,4,2026-04-28,4
15705,13,4,2026-04-28,8
15706,25,4,2026-04-28,3
15707,173,4,2026-04-28,11
15708,204,4,2026-04-28,10
15709,70,4,2026-04-28,9
15710,7,4,2026-04-28,7
15711,43,4,2026-04-28,9
15712,44,4,2026-04-28,8
15713,293,4,2026-04-28,4
15714,227,4,2026-04-28,4
15715,101,4,2026-04-28,8
15716,71,4,2026-04-28,4
15717,154,4,2026-04-28,7
15718,297,4,2026-04-28,7
15719,72,4,2026-04-28,4
15720,64,4,2026-04-28,4
15721,114,4,2026-04-28,3
15722,92,4,2026-04-28,5
15723,181,4,2026-04-28,9
15724,158,4,2026-04-28,5
15725,62,4,2026-04-28,5
15726,231,4,2026-04-28,4
15727,129,4,2026-04-28,6
15728,65,4,2026-04-28,8
15729,174,4,2026-04-29,2
15730,15,4,2026-04-29,2
15731,84,4,2026-04-29,4
15732,102,4,2026-04-29,4
15733,279,4,2026-04-29,6
15734,242,4,2026-04-29,4
15735,48,4,2026-04-29,1
15736,107,4,2026-04-29,3
15737,20,4,2026-04-29,6
15738,113,4,2026-04-29,8
15739,227,4,2026-04-29,8
15740,298,4,2026-04-29,5
15741,296,4,2026-04-29,1
15742,71,4,2026-04-29,3
15743,164,4,2026-04-29,6
15744,64,4,2026-04-29,2
15745,225,4,2026-04-29,3
15746,181,4,2026-04-29,2
15747,130,4,2026-04-29,4
15748,158,4,2026-04-29,2
15749,221,4,2026-04-29,3
15750,69,4,2026-04-29,5
15751,300,4,2026-04-29,2
15752,47,4,2026-04-29,1
15753,204,4,2026-04-29,6
15754,65,4,2026-04-29,2
15755,92,4,2026-04-29,2
15756,161,4,2026-04-29,1
15757,285,4,2026-04-29,3
15758,214,4,2026-04-29,3
15759,34,4,2026-04-29,3
15760,40,4,2026-04-29,3
15761,44,4,2026-04-30,2
15762,246,4,2026-04-30,3
15763,69,4,2026-04-30,7
15764,14,4,2026-04-30,5
15765,71,4,2026-04-30,5
15766,117,4,2026-04-30,3
15767,2,4,2026-04-30,3
15768,296,4,2026-04-30,6
15769,25,4,2026-04-30,2
15770,83,4,2026-04-30,6
15771,185,4,2026-04-30,2
15772,300,4,2026-04-30,6
15773,72,4,2026-04-30,3
15774,7,4,2026-04-30,3
15775,217,4,2026-04-30,3
15776,20,4,2026-04-30,2
15777,72,4,2026-05-01,4
15778,174,4,2026-05-01,7
15779,219,4,2026-05-01,6
15780,14,4,2026-05-01,4
15781,265,4,2026-05-01,8
15782,156,4,2026-05-01,5
15783,7,4,2026-05-01,4
15784,125,4,2026-05-01,6
15785,19,4,2026-05-01,5
15786,34,4,2026-05-01,2
15787,280,4,2026-05-01,3
15788,134,4,2026-05-01,5
15789,15,4,2026-05-01,2
15790,240,4,2026-05-01,5
15791,89,4,2026-05-01,3
15792,248,4,2026-05-01,6
15793,138,4,2026-05-01,3
15794,104,4,2026-05-01,6
15795,294,4,2026-05-01,4
15796,204,4,2026-05-01,5
15797,180,4,2026-05-01,1
15798,65,4,2026-05-01,6
15799,179,4,2026-05-01,2
15800,69,4,2026-05-01,3
15801,67,4,2026-05-01,5
15802,62,4,2026-05-01,7
15803,12,4,2026-05-01,3
15804,161,4,2026-05-01,3
15805,221,4,2026-05-01,5
15806,70,4,2026-05-01,5
15807,300,4,2026-05-01,4
15808,117,4,2026-05-01,4
15809,164,4,2026-05-01,4
15810,46,4,2026-05-01,7
15811,192,4,2026-05-01,5
15812,124,4,2026-05-01,5
15813,102,4,2026-05-01,4
15814,92,4,2026-05-01,4
15815,214,4,2026-05-01,4
15816,270,4,2026-05-02,4
15817,14,4,2026-05-02,3
15818,214,4,2026-05-02,2
15819,17,4,2026-05-02,1
15820,112,4,2026-05-02,2
15821,185,4,2026-05-02,1
15822,65,4,2026-05-02,5
15823,279,4,2026-05-02,1
15824,294,4,2026-05-02,2
15825,280,4,2026-05-02,1
15826,71,4,2026-05-02,2
15827,83,4,2026-05-02,1
15828,298,4,2026-05-02,2
15829,100,4,2026-05-02,1
15830,69,4,2026-05-03,1
15831,70,4,2026-05-03,2
15832,17,4,2026-05-03,3
15833,34,4,2026-05-03,2
15834,125,4,2026-05-03,1
15835,2,4,2026-05-03,2
15836,93,4,2026-05-03,1
15837,227,4,2026-05-03,4
15838,265,4,2026-05-03,1
15839,203,4,2026-05-03,1
15840,212,4,2026-05-03,1
15841,300,4,2026-05-03,1
15842,130,4,2026-05-03,1
15843,100,4,2026-05-03,1
15844,231,4,2026-05-03,2
15845,19,4,2026-05-03,4
15846,280,4,2026-05-03,1
15847,7,4,2026-05-03,1
15848,49,4,2026-05-03,2
15849,204,4,2026-05-03,2
15850,104,4,2026-05-03,2
15851,240,4,2026-05-04,5
15852,65,4,2026-05-04,3
15853,167,4,2026-05-04,6
15854,148,4,2026-05-04,5
15855,295,4,2026-05-04,1
15856,84,4,2026-05-04,4
15857,203,4,2026-05-04,3
15858,19,4,2026-05-04,4
15859,246,4,2026-05-04,6
15860,46,4,2026-05-04,6
15861,135,4,2026-05-04,2
15862,49,4,2026-05-04,9
15863,231,4,2026-05-04,1
15864,155,4,2026-05-04,1
15865,12,4,2026-05-04,1
15866,158,4,2026-05-04,4
15867,102,4,2026-05-04,5
15868,300,4,2026-05-04,4
15869,14,4,2026-05-05,1
15870,2,4,2026-05-05,6
15871,113,4,2026-05-05,1
15872,181,4,2026-05-05,3
15873,296,4,2026-05-05,3
15874,135,4,2026-05-05,6
15875,153,4,2026-05-05,4
15876,174,4,2026-05-05,2
15877,25,4,2026-05-05,3
15878,298,4,2026-05-05,3
15879,300,4,2026-05-05,5
15880,217,4,2026-05-05,4
15881,44,4,2026-05-05,6
15882,70,4,2026-05-05,4
15883,67,4,2026-05-05,5
15884,93,4,2026-05-05,2
15885,294,4,2026-05-05,4
15886,193,4,2026-05-05,4
15887,7,4,2026-05-05,6
15888,280,4,2026-05-05,6
15889,89,4,2026-05-05,1
15890,219,4,2026-05-05,3
15891,167,4,2026-05-05,6
15892,227,4,2026-05-06,4
15893,67,4,2026-05-06,1
15894,180,4,2026-05-06,1
15895,117,4,2026-05-06,1
15896,158,4,2026-05-06,5
15897,297,4,2026-05-06,4
15898,47,4,2026-05-06,3
15899,94,4,2026-05-06,4
15900,161,4,2026-05-06,6
15901,280,4,2026-05-06,4
15902,245,4,2026-05-06,4
15903,43,4,2026-05-06,5
15904,156,4,2026-05-06,3
15905,100,4,2026-05-06,3
15906,181,4,2026-05-06,3
15907,204,4,2026-05-06,2
15908,293,4,2026-05-06,4
15909,135,4,2026-05-06,4
15910,89,4,2026-05-06,5
15911,101,4,2026-05-06,5
15912,20,4,2026-05-06,4
15913,125,4,2026-05-06,3
15914,34,4,2026-05-06,4
15915,225,4,2026-05-06,7
15916,294,4,2026-05-06,3
15917,81,4,2026-05-06,4
15918,153,4,2026-05-06,3
15919,167,4,2026-05-06,3
15920,56,4,2026-05-06,7
15921,48,4,2026-05-06,5
15922,40,4,2026-05-06,2
15923,240,4,2026-05-06,4
15924,124,4,2026-05-06,6
15925,112,4,2026-05-06,8
15926,292,4,2026-05-07,2
15927,25,4,2026-05-07,2
15928,94,4,2026-05-07,5
15929,234,4,2026-05-07,5
15930,34,4,2026-05-07,3
15931,221,4,2026-05-07,2
15932,62,4,2026-05-07,1
15933,92,4,2026-05-07,2
15934,212,4,2026-05-07,2
15935,164,4,2026-05-07,7
15936,285,4,2026-05-07,6
15937,114,4,2026-05-07,2
15938,161,4,2026-05-07,4
15939,248,4,2026-05-07,2
15940,124,4,2026-05-07,5
15941,153,4,2026-05-08,1
15942,46,4,2026-05-08,5
15943,83,4,2026-05-08,6
15944,295,4,2026-05-08,7
15945,43,4,2026-05-08,12
15946,100,4,2026-05-08,4
15947,173,4,2026-05-08,2
15948,296,4,2026-05-08,3
15949,217,4,2026-05-08,1
15950,130,4,2026-05-08,6
15951,294,4,2026-05-08,6
15952,148,4,2026-05-08,4
15953,47,4,2026-05-08,1
15954,214,4,2026-05-08,3
15955,7,4,2026-05-08,3
15956,94,4,2026-05-08,5
15957,93,4,2026-05-08,4
15958,203,4,2026-05-08,2
15959,242,4,2026-05-08,3
15960,154,4,2026-05-08,10
15961,102,4,2026-05-08,3
15962,15,4,2026-05-08,5
15963,85,4,2026-05-08,4
15964,161,4,2026-05-08,5
15965,158,4,2026-05-08,2
15966,14,4,2026-05-08,3
15967,135,4,2026-05-08,6
15968,101,4,2026-05-08,2
15969,265,4,2026-05-08,4
15970,70,4,2026-05-08,5
15971,185,4,2026-05-09,2
15972,248,4,2026-05-09,1
15973,158,4,2026-05-09,2
15974,81,4,2026-05-09,2
15975,102,4,2026-05-09,1
15976,64,4,2026-05-09,1
15977,201,4,2026-05-09,1
15978,138,4,2026-05-09,3
15979,285,4,2026-05-09,2
15980,129,4,2026-05-09,3
15981,46,4,2026-05-09,2
15982,83,4,2026-05-09,2
15983,143,4,2026-05-09,1
15984,245,4,2026-05-09,1
15985,62,4,2026-05-09,1
15986,19,4,2026-05-09,3
15987,294,4,2026-05-09,3
15988,25,4,2026-05-09,1
15989,221,4,2026-05-09,2
15990,280,4,2026-05-09,2
15991,135,4,2026-05-09,1
15992,300,4,2026-05-09,1
15993,15,4,2026-05-09,1
15994,17,4,2026-05-09,3
15995,293,4,2026-05-09,1
15996,20,4,2026-05-09,1
15997,70,4,2026-05-10,4
15998,67,4,2026-05-10,2
15999,248,4,2026-05-10,4
16000,155,4,2026-05-10,2
16001,34,4,2026-05-10,1
16002,295,4,2026-05-10,1
16003,293,4,2026-05-10,1
16004,101,4,2026-05-10,2
16005,279,4,2026-05-10,4
16006,44,4,2026-05-10,4
16007,265,4,2026-05-10,1
16008,40,4,2026-05-10,1
16009,300,4,2026-05-10,1
16010,102,4,2026-05-10,2
16011,113,4,2026-05-10,2
16012,125,4,2026-05-10,1
16013,17,4,2026-05-10,1
16014,158,4,2026-05-10,2
16015,130,4,2026-05-10,1
16016,100,4,2026-05-11,5
16017,212,4,2026-05-11,4
16018,298,4,2026-05-11,4
16019,17,4,2026-05-11,4
16020,295,4,2026-05-11,2
16021,297,4,2026-05-11,2
16022,72,4,2026-05-11,4
16023,129,4,2026-05-11,5
16024,117,4,2026-05-11,3
16025,173,4,2026-05-11,4
16026,156,4,2026-05-11,5
16027,71,4,2026-05-11,5
16028,164,4,2026-05-11,5
16029,12,4,2026-05-11,5
16030,270,4,2026-05-11,6
16031,158,4,2026-05-11,3
16032,89,4,2026-05-11,1
16033,219,4,2026-05-11,5
16034,2,4,2026-05-11,5
16035,47,4,2026-05-11,4
16036,85,4,2026-05-11,4
16037,161,4,2026-05-11,8
16038,94,4,2026-05-12,3
16039,25,4,2026-05-12,1
16040,240,4,2026-05-12,4
16041,49,4,2026-05-12,1
16042,19,4,2026-05-12,5
16043,72,4,2026-05-12,6
16044,83,4,2026-05-12,3
16045,89,4,2026-05-12,1
16046,231,4,2026-05-12,2
16047,155,4,2026-05-12,3
16048,292,4,2026-05-12,9
16049,153,4,2026-05-12,6
16050,20,4,2026-05-12,3
16051,203,4,2026-05-12,6
16052,64,4,2026-05-12,3
16053,130,4,2026-05-12,8
16054,44,4,2026-05-12,5
16055,71,4,2026-05-12,4
16056,167,4,2026-05-12,3
16057,280,4,2026-05-12,1
16058,156,4,2026-05-12,5
16059,265,4,2026-05-12,3
16060,300,4,2026-05-12,2
16061,212,4,2026-05-12,5
16062,174,4,2026-05-12,5
16063,46,4,2026-05-12,8
16064,158,4,2026-05-12,2
16065,92,4,2026-05-12,5
16066,227,4,2026-05-12,4
16067,248,4,2026-05-12,5
16068,270,4,2026-05-12,3
16069,179,4,2026-05-13,2
16070,48,4,2026-05-13,5
16071,72,4,2026-05-13,4
16072,40,4,2026-05-13,5
16073,203,4,2026-05-13,4
16074,143,4,2026-05-13,5
16075,298,4,2026-05-13,5
16076,19,4,2026-05-13,4
16077,134,4,2026-05-13,6
16078,296,4,2026-05-13,1
16079,295,4,2026-05-13,4
16080,46,4,2026-05-13,5
16081,167,4,2026-05-13,3
16082,93,4,2026-05-13,5
16083,285,4,2026-05-13,2
16084,101,4,2026-05-13,5
16085,181,4,2026-05-13,4
16086,113,4,2026-05-13,1
16087,14,4,2026-05-13,6
16088,217,4,2026-05-13,4
16089,100,4,2026-05-13,6
16090,64,4,2026-05-13,2
16091,112,4,2026-05-13,3
16092,125,4,2026-05-13,7
16093,148,4,2026-05-13,3
16094,185,4,2026-05-13,8
16095,104,4,2026-05-13,3
16096,67,4,2026-05-13,5
16097,107,4,2026-05-13,4
16098,292,4,2026-05-13,7
16099,227,4,2026-05-13,1
16100,117,4,2026-05-13,3
16101,85,4,2026-05-14,4
16102,56,4,2026-05-14,3
16103,174,4,2026-05-14,3
16104,248,4,2026-05-14,6
16105,104,4,2026-05-14,6
16106,167,4,2026-05-14,4
16107,70,4,2026-05-14,2
16108,83,4,2026-05-14,7
16109,285,4,2026-05-14,5
16110,43,4,2026-05-14,2
16111,245,4,2026-05-14,3
16112,294,4,2026-05-14,3
16113,7,4,2026-05-14,4
16114,101,4,2026-05-14,2
16115,48,4,2026-05-14,2
16116,270,4,2026-05-14,2
16117,25,4,2026-05-14,3
16118,296,4,2026-05-14,1
16119,84,4,2026-05-14,3
16120,201,4,2026-05-14,1
16121,161,4,2026-05-14,1
16122,93,4,2026-05-14,1
16123,94,4,2026-05-14,3
16124,300,4,2026-05-14,4
16125,179,4,2026-05-14,1
16126,17,4,2026-05-14,6
16127,155,4,2026-05-15,3
16128,164,4,2026-05-15,3
16129,43,4,2026-05-15,8
16130,270,4,2026-05-15,6
16131,112,4,2026-05-15,2
16132,84,4,2026-05-15,1
16133,246,4,2026-05-15,7
16134,14,4,2026-05-15,2
16135,134,4,2026-05-15,5
16136,248,4,2026-05-15,4
16137,65,4,2026-05-15,7
16138,214,4,2026-05-15,2
16139,62,4,2026-05-15,2
16140,15,4,2026-05-15,3
16141,71,4,2026-05-15,5
16142,125,4,2026-05-15,4
16143,92,4,2026-05-15,2
16144,234,4,2026-05-15,3
16145,48,4,2026-05-15,4
16146,89,4,2026-05-15,1
16147,25,4,2026-05-15,2
16148,201,4,2026-05-15,6
16149,93,4,2026-05-15,9
16150,213,4,2026-05-15,1
16151,193,4,2026-05-15,3
16152,114,4,2026-05-15,3
16153,83,4,2026-05-15,2
16154,135,4,2026-05-15,2
16155,185,4,2026-05-15,3
16156,143,4,2026-05-15,2
16157,225,4,2026-05-15,3
16158,17,4,2026-05-15,4
16159,100,4,2026-05-15,3
16160,295,4,2026-05-15,4
16161,129,4,2026-05-15,4
16162,221,4,2026-05-16,1
16163,180,4,2026-05-16,3
16164,294,4,2026-05-16,1
16165,138,4,2026-05-16,1
16166,124,4,2026-05-16,3
16167,164,4,2026-05-16,2
16168,7,4,2026-05-16,1
16169,113,4,2026-05-16,3
16170,114,4,2026-05-16,2
16171,248,4,2026-05-16,2
16172,154,4,2026-05-16,1
16173,84,4,2026-05-16,4
16174,2,4,2026-05-16,3
16175,48,4,2026-05-16,3
16176,129,4,2026-05-16,2
16177,193,4,2026-05-16,1
16178,203,4,2026-05-16,2
16179,225,4,2026-05-16,1
16180,245,4,2026-05-17,2
16181,214,4,2026-05-17,1
16182,193,4,2026-05-17,1
16183,234,4,2026-05-17,1
16184,70,4,2026-05-17,1
16185,203,4,2026-05-17,6
16186,112,4,2026-05-17,1
16187,25,4,2026-05-17,2
16188,180,4,2026-05-17,2
16189,7,4,2026-05-17,2
16190,83,4,2026-05-17,2
16191,84,4,2026-05-17,2
16192,153,4,2026-05-17,1
16193,43,4,2026-05-17,1
16194,154,4,2026-05-17,1
16195,201,4,2026-05-17,3
16196,285,4,2026-05-17,2
16197,300,4,2026-05-17,1
16198,219,4,2026-05-17,1
16199,125,4,2026-05-17,2
16200,270,4,2026-05-17,1
16201,12,4,2026-05-17,2
16202,143,4,2026-05-17,2
16203,292,4,2026-05-17,4
16204,212,4,2026-05-17,2
16205,217,4,2026-05-17,2
16206,64,4,2026-05-17,3
16207,113,4,2026-05-17,4
16208,72,4,2026-05-17,3
16209,101,4,2026-05-17,2
16210,295,4,2026-05-17,1
16211,242,4,2026-05-17,1
16212,89,4,2026-05-18,3
16213,13,4,2026-05-18,5
16214,203,4,2026-05-18,2
16215,279,4,2026-05-18,1
16216,219,4,2026-05-18,6
16217,158,4,2026-05-18,3
16218,134,4,2026-05-18,10
16219,293,4,2026-05-18,6
16220,294,4,2026-05-18,1
16221,124,4,2026-05-18,3
16222,104,4,2026-05-18,7
16223,15,4,2026-05-18,3
16224,153,4,2026-05-18,3
16225,129,4,2026-05-18,2
16226,143,4,2026-05-18,2
16227,296,4,2026-05-18,2
16228,180,4,2026-05-18,8
16229,217,4,2026-05-18,2
16230,117,4,2026-05-18,3
16231,280,4,2026-05-18,2
16232,34,4,2026-05-19,3
16233,101,4,2026-05-19,2
16234,113,4,2026-05-19,7
16235,298,4,2026-05-19,1
16236,293,4,2026-05-19,2
16237,71,4,2026-05-19,3
16238,62,4,2026-05-19,4
16239,64,4,2026-05-19,5
16240,180,4,2026-05-19,4
16241,85,4,2026-05-19,3
16242,20,4,2026-05-19,3
16243,214,4,2026-05-19,5
16244,17,4,2026-05-19,6
16245,154,4,2026-05-19,10
16246,143,4,2026-05-19,3
16247,295,4,2026-05-19,7
16248,92,4,2026-05-19,5
16249,15,4,2026-05-19,3
16250,67,4,2026-05-19,1
16251,102,4,2026-05-19,5
16252,117,4,2026-05-19,4
16253,44,4,2026-05-19,4
16254,65,4,2026-05-19,6
16255,161,4,2026-05-20,3
16256,101,4,2026-05-20,1
16257,148,4,2026-05-20,2
16258,47,4,2026-05-20,7
16259,293,4,2026-05-20,2
16260,43,4,2026-05-20,3
16261,180,4,2026-05-20,1
16262,15,4,2026-05-20,3
16263,134,4,2026-05-20,3
16264,69,4,2026-05-20,3
16265,167,4,2026-05-20,4
16266,221,4,2026-05-20,3
16267,135,4,2026-05-20,4
16268,158,4,2026-05-20,4
16269,213,4,2026-05-20,3
16270,294,4,2026-05-20,2
16271,296,4,2026-05-20,5
16272,7,4,2026-05-20,3
16273,214,4,2026-05-20,5
16274,174,4,2026-05-20,5
16275,125,4,2026-05-20,5
16276,19,4,2026-05-20,5
16277,130,4,2026-05-20,6
16278,240,4,2026-05-20,6
16279,143,4,2026-05-20,4
16280,179,4,2026-05-20,8
16281,20,4,2026-05-20,2
16282,65,4,2026-05-20,2
16283,56,4,2026-05-20,7
16284,295,4,2026-05-20,6
16285,217,4,2026-05-20,2
16286,245,4,2026-05-20,3
16287,270,4,2026-05-20,4
16288,84,4,2026-05-20,5
16289,81,4,2026-05-20,4
16290,12,4,2026-05-20,1
16291,148,4,2026-05-21,4
16292,48,4,2026-05-21,4
16293,217,4,2026-05-21,5
16294,203,4,2026-05-21,1
16295,185,4,2026-05-21,3
16296,219,4,2026-05-21,3
16297,117,4,2026-05-21,2
16298,43,4,2026-05-21,4
16299,20,4,2026-05-21,4
16300,92,4,2026-05-21,5
16301,294,4,2026-05-21,2
16302,56,4,2026-05-21,3
16303,193,4,2026-05-21,6
16304,279,4,2026-05-21,4
16305,179,4,2026-05-21,2
16306,83,4,2026-05-21,2
16307,300,4,2026-05-21,3
16308,62,4,2026-05-21,5
16309,102,4,2026-05-21,3
16310,71,4,2026-05-21,2
16311,156,4,2026-05-21,5
16312,193,4,2026-05-22,2
16313,297,4,2026-05-22,3
16314,161,4,2026-05-22,3
16315,62,4,2026-05-22,2
16316,20,4,2026-05-22,3
16317,14,4,2026-05-22,5
16318,84,4,2026-05-22,4
16319,153,4,2026-05-22,1
16320,285,4,2026-05-22,4
16321,234,4,2026-05-22,4
16322,300,4,2026-05-22,3
16323,85,4,2026-05-22,6
16324,231,4,2026-05-22,2
16325,155,4,2026-05-22,5
16326,242,4,2026-05-22,3
16327,114,4,2026-05-22,5
16328,298,4,2026-05-22,2
16329,213,4,2026-05-22,7
16330,270,4,2026-05-22,2
16331,49,4,2026-05-22,4
16332,17,4,2026-05-22,8
16333,46,4,2026-05-23,1
16334,94,4,2026-05-23,2
16335,48,4,2026-05-23,2
16336,185,4,2026-05-23,1
16337,100,4,2026-05-23,2
16338,180,4,2026-05-23,4
16339,248,4,2026-05-23,3
16340,47,4,2026-05-23,1
16341,70,4,2026-05-23,3
16342,298,4,2026-05-23,2
16343,295,4,2026-05-23,1
16344,297,4,2026-05-23,1
16345,72,4,2026-05-23,4
16346,125,4,2026-05-23,2
16347,12,4,2026-05-23,1
16348,231,4,2026-05-23,3
16349,71,4,2026-05-24,1
16350,124,4,2026-05-24,1
16351,179,4,2026-05-24,3
16352,25,4,2026-05-24,2
16353,217,4,2026-05-24,3
16354,234,4,2026-05-24,1
16355,104,4,2026-05-24,2
16356,93,4,2026-05-24,3
16357,65,4,2026-05-24,2
16358,193,4,2026-05-24,3
16359,2,4,2026-05-24,1
16360,248,4,2026-05-24,2
16361,148,4,2026-05-24,2
16362,285,4,2026-05-24,1
16363,154,4,2026-05-24,3
16364,89,4,2026-05-24,1
16365,13,4,2026-05-24,5
16366,129,4,2026-05-24,2
16367,81,4,2026-05-24,1
16368,294,4,2026-05-24,1
16369,219,4,2026-05-24,4
16370,161,4,2026-05-24,1
16371,46,4,2026-05-24,2
16372,180,4,2026-05-24,1
16373,167,4,2026-05-24,1
16374,14,4,2026-05-25,4
16375,158,4,2026-05-25,2
16376,89,4,2026-05-25,3
16377,19,4,2026-05-25,3
16378,65,4,2026-05-25,1
16379,71,4,2026-05-25,3
16380,297,4,2026-05-25,6
16381,49,4,2026-05-25,3
16382,85,4,2026-05-25,3
16383,212,4,2026-05-25,3
16384,20,4,2026-05-25,2
16385,112,4,2026-05-25,2
16386,81,4,2026-05-25,1
16387,40,4,2026-05-25,4
16388,67,4,2026-05-25,7
16389,203,4,2026-05-25,2
16390,117,4,2026-05-25,3
16391,185,4,2026-05-25,6
16392,234,4,2026-05-25,3
16393,164,4,2026-05-26,6
16394,107,4,2026-05-26,7
16395,89,4,2026-05-26,6
16396,93,4,2026-05-26,3
16397,154,4,2026-05-26,7
16398,193,4,2026-05-26,12
16399,292,4,2026-05-26,9
16400,113,4,2026-05-26,8
16401,138,4,2026-05-26,6
16402,62,4,2026-05-26,4
16403,69,4,2026-05-26,9
16404,201,4,2026-05-26,11
16405,173,4,2026-05-26,8
16406,25,4,2026-05-26,6
16407,125,4,2026-05-26,5
16408,214,4,2026-05-26,5
16409,203,4,2026-05-26,11
16410,85,4,2026-05-26,9
16411,153,4,2026-05-26,5
16412,130,4,2026-05-26,3
16413,44,4,2026-05-26,2
16414,279,4,2026-05-26,7
16415,40,4,2026-05-26,8
16416,134,4,2026-05-26,4
16417,71,4,2026-05-26,7
16418,185,4,2026-05-26,7
16419,112,4,2026-05-26,5
16420,143,4,2026-05-26,11
16421,240,4,2026-05-26,5
16422,43,4,2026-05-26,4
16423,285,4,2026-05-26,4
16424,129,4,2026-05-26,3
16425,270,4,2026-05-27,3
16426,294,4,2026-05-27,4
16427,295,4,2026-05-27,6
16428,135,4,2026-05-27,5
16429,130,4,2026-05-27,8
16430,143,4,2026-05-27,4
16431,154,4,2026-05-27,2
16432,19,4,2026-05-27,6
16433,193,4,2026-05-27,1
16434,62,4,2026-05-27,3
16435,203,4,2026-05-27,4
16436,179,4,2026-05-27,9
16437,64,4,2026-05-27,6
16438,167,4,2026-05-27,1
16439,292,4,2026-05-27,6
16440,219,4,2026-05-27,4
16441,89,4,2026-05-27,3
16442,15,4,2026-05-27,4
16443,2,4,2026-05-28,5
16444,71,4,2026-05-28,4
16445,72,4,2026-05-28,4
16446,293,4,2026-05-28,7
16447,203,4,2026-05-28,2
16448,107,4,2026-05-28,2
16449,13,4,2026-05-28,1
16450,193,4,2026-05-28,1
16451,65,4,2026-05-28,3
16452,292,4,2026-05-28,1
16453,227,4,2026-05-28,5
16454,225,4,2026-05-28,2
16455,94,4,2026-05-28,2
16456,12,4,2026-05-28,5
16457,212,4,2026-05-28,1
16458,117,4,2026-05-28,6
16459,164,4,2026-05-28,5
16460,295,4,2026-05-28,7
16461,214,4,2026-05-28,5
16462,143,4,2026-05-28,4
16463,43,4,2026-05-28,6
16464,242,4,2026-05-29,1
16465,124,4,2026-05-29,6
16466,70,4,2026-05-29,4
16467,270,4,2026-05-29,1
16468,48,4,2026-05-29,8
16469,203,4,2026-05-29,4
16470,161,4,2026-05-29,5
16471,285,4,2026-05-29,2
16472,134,4,2026-05-29,3
16473,138,4,2026-05-29,2
16474,300,4,2026-05-29,7
16475,49,4,2026-05-29,7
16476,65,4,2026-05-29,3
16477,179,4,2026-05-29,3
16478,20,4,2026-05-29,2
16479,94,4,2026-05-29,7
16480,56,4,2026-05-29,5
16481,174,4,2026-05-29,3
16482,107,4,2026-05-29,2
16483,85,4,2026-05-29,4
16484,181,4,2026-05-29,1
16485,101,4,2026-05-29,2
16486,297,4,2026-05-29,1
16487,292,4,2026-05-29,9
16488,92,4,2026-05-29,4
16489,245,4,2026-05-29,1
16490,158,4,2026-05-29,5
16491,25,4,2026-05-29,8
16492,279,4,2026-05-29,2
16493,294,4,2026-05-29,7
16494,295,4,2026-05-30,1
16495,280,4,2026-05-30,5
16496,156,4,2026-05-30,6
16497,279,4,2026-05-30,1
16498,100,4,2026-05-30,3
16499,124,4,2026-05-30,3
16500,293,4,2026-05-30,3
16501,164,4,2026-05-30,1
16502,85,4,2026-05-30,5
16503,143,4,2026-05-30,2
16504,93,4,2026-05-30,1
16505,114,4,2026-05-30,3
16506,180,4,2026-05-30,2
16507,185,4,2026-05-30,1
16508,112,4,2026-05-31,1
16509,181,4,2026-05-31,1
16510,192,4,2026-05-31,1
16511,135,4,2026-05-31,3
16512,34,4,2026-05-31,3
16513,138,4,2026-05-31,1
16514,46,4,2026-05-31,3
16515,294,4,2026-05-31,1
16516,130,4,2026-05-31,3
16517,295,4,2026-05-31,2
16518,219,4,2026-05-31,2
16519,40,4,2026-05-31,1
16520,25,4,2026-05-31,3
16521,193,4,2026-05-31,2
16522,44,4,2026-05-31,1
16523,179,4,2026-05-31,1
16524,47,4,2026-06-01,3
16525,292,4,2026-06-01,4
16526,117,4,2026-06-01,1
16527,19,4,2026-06-01,7
16528,179,4,2026-06-01,2
16529,203,4,2026-06-01,5
16530,242,4,2026-06-01,9
16531,193,4,2026-06-01,7
16532,64,4,2026-06-01,5
16533,113,4,2026-06-01,5
16534,148,4,2026-06-01,2
16535,107,4,2026-06-01,1
16536,104,4,2026-06-01,3
16537,265,4,2026-06-01,2
16538,114,4,2026-06-01,6
16539,102,4,2026-06-01,3
16540,280,4,2026-06-01,2
16541,89,4,2026-06-01,3
16542,231,4,2026-06-01,1
16543,158,4,2026-06-01,8
16544,7,4,2026-06-01,1
16545,72,4,2026-06-01,6
16546,164,4,2026-06-01,2
16547,84,4,2026-06-02,4
16548,94,4,2026-06-02,4
16549,19,4,2026-06-02,7
16550,221,4,2026-06-02,6
16551,219,4,2026-06-02,3
16552,14,4,2026-06-02,4
16553,92,4,2026-06-02,4
16554,148,4,2026-06-02,7
16555,93,4,2026-06-02,4
16556,138,4,2026-06-02,6
16557,234,4,2026-06-02,4
16558,173,4,2026-06-02,4
16559,279,4,2026-06-02,2
16560,81,4,2026-06-02,6
16561,129,4,2026-06-02,2
16562,217,4,2026-06-02,3
16563,71,4,2026-06-02,4
16564,43,4,2026-06-02,2
16565,294,4,2026-06-02,4
16566,134,4,2026-06-03,2
16567,279,4,2026-06-03,1
16568,285,4,2026-06-03,2
16569,104,4,2026-06-03,3
16570,70,4,2026-06-03,5
16571,212,4,2026-06-03,4
16572,130,4,2026-06-03,2
16573,19,4,2026-06-03,3
16574,64,4,2026-06-03,7
16575,214,4,2026-06-03,1
16576,83,4,2026-06-03,5
16577,81,4,2026-06-03,2
16578,101,4,2026-06-03,2
16579,12,4,2026-06-03,5
16580,246,4,2026-06-03,2
16581,25,4,2026-06-03,4
16582,40,4,2026-06-03,2
16583,71,4,2026-06-03,2
16584,203,4,2026-06-03,2
16585,154,4,2026-06-03,2
16586,295,4,2026-06-03,3
16587,15,4,2026-06-03,4
16588,280,4,2026-06-03,5
16589,117,4,2026-06-03,4
16590,181,4,2026-06-03,3
16591,221,4,2026-06-03,3
16592,67,4,2026-06-03,5
16593,112,4,2026-06-03,4
16594,104,4,2026-06-04,3
16595,285,4,2026-06-04,6
16596,56,4,2026-06-04,6
16597,2,4,2026-06-04,5
16598,15,4,2026-06-04,3
16599,245,4,2026-06-04,5
16600,117,4,2026-06-04,4
16601,240,4,2026-06-04,4
16602,297,4,2026-06-04,4
16603,193,4,2026-06-04,3
16604,101,4,2026-06-04,2
16605,19,4,2026-06-04,3
16606,69,4,2026-06-04,7
16607,148,4,2026-06-04,8
16608,174,4,2026-06-04,3
16609,167,4,2026-06-04,7
16610,40,4,2026-06-04,6
16611,192,4,2026-06-04,2
16612,138,4,2026-06-04,4
16613,227,4,2026-06-04,6
16614,71,4,2026-06-04,2
16615,93,4,2026-06-04,4
16616,85,4,2026-06-04,4
16617,280,4,2026-06-04,4
16618,25,4,2026-06-04,6
16619,129,4,2026-06-04,8
16620,46,4,2026-06-04,8
16621,248,4,2026-06-04,1
16622,83,4,2026-06-04,5
16623,212,4,2026-06-04,3
16624,102,4,2026-06-04,9
16625,72,4,2026-06-04,2
16626,114,4,2026-06-04,4
16627,155,4,2026-06-04,1
16628,17,4,2026-06-04,4
16629,34,4,2026-06-04,6
16630,124,4,2026-06-05,7
16631,279,4,2026-06-05,2
16632,94,4,2026-06-05,7
16633,13,4,2026-06-05,2
16634,153,4,2026-06-05,2
16635,64,4,2026-06-05,3
16636,214,4,2026-06-05,6
16637,231,4,2026-06-05,3
16638,19,4,2026-06-05,1
16639,48,4,2026-06-05,2
16640,117,4,2026-06-05,6
16641,69,4,2026-06-05,3
16642,293,4,2026-06-05,4
16643,114,4,2026-06-05,3
16644,125,4,2026-06-05,5
16645,72,4,2026-06-05,2
16646,242,4,2026-06-05,6
16647,102,4,2026-06-05,2
16648,130,4,2026-06-05,3
16649,245,4,2026-06-05,6
16650,84,4,2026-06-05,5
16651,70,4,2026-06-05,2
16652,225,4,2026-06-05,9
16653,204,4,2026-06-05,3
16654,93,4,2026-06-05,2
16655,240,4,2026-06-05,11
16656,221,4,2026-06-05,5
16657,201,4,2026-06-05,3
16658,100,4,2026-06-05,3
16659,295,4,2026-06-05,7
16660,280,4,2026-06-05,2
16661,7,4,2026-06-05,6
16662,43,4,2026-06-05,6
16663,179,4,2026-06-05,6
16664,265,4,2026-06-05,7
16665,219,4,2026-06-05,6
16666,46,4,2026-06-05,4
16667,245,4,2026-06-06,4
16668,101,4,2026-06-06,2
16669,124,4,2026-06-06,3
16670,192,4,2026-06-06,1
16671,100,4,2026-06-06,1
16672,34,4,2026-06-06,1
16673,70,4,2026-06-06,3
16674,155,4,2026-06-06,3
16675,89,4,2026-06-06,1
16676,48,4,2026-06-06,2
16677,92,4,2026-06-06,2
16678,234,4,2026-06-06,1
16679,47,4,2026-06-06,1
16680,227,4,2026-06-06,3
16681,17,4,2026-06-06,1
16682,81,4,2026-06-06,1
16683,62,4,2026-06-06,1
16684,193,4,2026-06-06,2
16685,231,4,2026-06-06,4
16686,112,4,2026-06-06,1
16687,185,4,2026-06-06,4
16688,25,4,2026-06-06,2
16689,174,4,2026-06-06,2
16690,93,4,2026-06-06,1
16691,56,4,2026-06-06,3
16692,48,4,2026-06-07,3
16693,130,4,2026-06-07,1
16694,7,4,2026-06-07,2
16695,143,4,2026-06-07,2
16696,227,4,2026-06-07,2
16697,193,4,2026-06-07,1
16698,49,4,2026-06-07,3
16699,173,4,2026-06-07,1
16700,56,4,2026-06-07,2
16701,155,4,2026-06-07,1
16702,292,4,2026-06-07,1
16703,17,4,2026-06-07,2
16704,285,4,2026-06-07,1
16705,164,4,2026-06-07,1
16706,219,4,2026-06-07,2
16707,43,4,2026-06-07,3
16708,203,4,2026-06-07,3
16709,201,4,2026-06-07,2
16710,114,4,2026-06-07,1
16711,156,4,2026-06-07,3
16712,83,4,2026-06-07,1
16713,85,4,2026-06-07,2
16714,300,4,2026-06-07,2
16715,213,4,2026-06-07,2
16716,25,4,2026-06-07,2
16717,180,4,2026-06-07,2
16718,92,4,2026-06-07,3
16719,154,4,2026-06-07,1
16720,67,4,2026-06-07,2
16721,295,4,2026-06-07,1
16722,158,4,2026-06-08,4
16723,161,4,2026-06-08,4
16724,242,4,2026-06-08,3
16725,85,4,2026-06-08,1
16726,34,4,2026-06-08,7
16727,72,4,2026-06-08,4
16728,93,4,2026-06-08,3
16729,114,4,2026-06-08,3
16730,143,4,2026-06-08,3
16731,217,4,2026-06-08,1
16732,174,4,2026-06-08,3
16733,292,4,2026-06-08,5
16734,300,4,2026-06-08,5
16735,285,4,2026-06-08,3
16736,214,4,2026-06-08,3
16737,225,4,2026-06-08,6
16738,101,4,2026-06-08,1
16739,296,4,2026-06-08,3
16740,154,4,2026-06-08,6
16741,81,4,2026-06-08,4
16742,25,4,2026-06-08,4
16743,100,4,2026-06-08,8
16744,201,4,2026-06-08,4
16745,107,4,2026-06-08,1
16746,15,4,2026-06-08,4
16747,138,4,2026-06-08,3
16748,212,4,2026-06-09,2
16749,112,4,2026-06-09,2
16750,67,4,2026-06-09,5
16751,114,4,2026-06-09,2
16752,135,4,2026-06-09,4
16753,125,4,2026-06-09,8
16754,62,4,2026-06-09,2
16755,154,4,2026-06-09,3
16756,181,4,2026-06-09,6
16757,214,4,2026-06-09,3
16758,161,4,2026-06-09,1
16759,56,4,2026-06-09,6
16760,227,4,2026-06-09,5
16761,148,4,2026-06-09,5
16762,231,4,2026-06-09,6
16763,70,4,2026-06-09,6
16764,270,4,2026-06-09,5
16765,156,4,2026-06-09,3
16766,7,4,2026-06-09,4
16767,217,4,2026-06-09,1
16768,129,4,2026-06-09,2
16769,167,4,2026-06-09,6
16770,298,4,2026-06-09,2
16771,280,4,2026-06-09,5
16772,84,4,2026-06-09,4
16773,17,4,2026-06-09,7
16774,130,4,2026-06-09,2
16775,138,4,2026-06-09,5
16776,173,4,2026-06-09,1
16777,71,4,2026-06-09,4
16778,48,4,2026-06-09,3
16779,83,4,2026-06-10,5
16780,158,4,2026-06-10,6
16781,19,4,2026-06-10,3
16782,102,4,2026-06-10,4
16783,48,4,2026-06-10,8
16784,179,4,2026-06-10,5
16785,297,4,2026-06-10,3
16786,56,4,2026-06-10,2
16787,234,4,2026-06-10,4
16788,154,4,2026-06-10,6
16789,221,4,2026-06-10,3
16790,245,4,2026-06-10,1
16791,185,4,2026-06-10,2
16792,193,4,2026-06-10,6
16793,203,4,2026-06-10,3
16794,12,4,2026-06-10,7
16795,84,4,2026-06-10,5
16796,40,4,2026-06-10,6
16797,43,4,2026-06-10,7
16798,153,4,2026-06-10,6
16799,124,4,2026-06-10,2
16800,14,4,2026-06-10,4
16801,89,4,2026-06-10,3
16802,72,4,2026-06-10,4
16803,85,4,2026-06-10,3
16804,107,4,2026-06-10,4
16805,7,4,2026-06-10,4
16806,47,4,2026-06-10,4
16807,92,4,2026-06-10,3
16808,134,4,2026-06-10,4
16809,70,4,2026-06-11,3
16810,155,4,2026-06-11,6
16811,217,4,2026-06-11,4
16812,161,4,2026-06-11,6
16813,138,4,2026-06-11,2
16814,245,4,2026-06-11,3
16815,65,4,2026-06-11,6
16816,242,4,2026-06-11,4
16817,181,4,2026-06-11,5
16818,89,4,2026-06-11,9
16819,212,4,2026-06-11,1
16820,156,4,2026-06-11,2
16821,293,4,2026-06-11,5
16822,129,4,2026-06-11,3
16823,14,4,2026-06-11,3
16824,104,4,2026-06-11,3
16825,83,4,2026-06-11,3
16826,246,4,2026-06-11,2
16827,204,4,2026-06-11,4
16828,219,4,2026-06-11,3
16829,295,4,2026-06-11,4
16830,101,4,2026-06-11,3
16831,84,4,2026-06-11,3
16832,64,4,2026-06-11,3
16833,7,4,2026-06-11,6
16834,153,4,2026-06-11,5
16835,12,4,2026-06-11,4
16836,213,4,2026-06-11,3
16837,285,4,2026-06-11,5
16838,173,4,2026-06-11,5
16839,180,4,2026-06-11,6
16840,124,4,2026-06-11,1
16841,47,4,2026-06-12,3
16842,85,4,2026-06-12,1
16843,12,4,2026-06-12,3
16844,92,4,2026-06-12,4
16845,134,4,2026-06-12,9
16846,214,4,2026-06-12,1
16847,297,4,2026-06-12,3
16848,34,4,2026-06-12,3
16849,227,4,2026-06-12,4
16850,124,4,2026-06-12,6
16851,292,4,2026-06-12,7
16852,107,4,2026-06-12,1
16853,296,4,2026-06-12,1
16854,201,4,2026-06-12,4
16855,213,4,2026-06-12,1
16856,138,4,2026-06-12,2
16857,85,4,2026-06-13,2
16858,217,4,2026-06-13,1
16859,62,4,2026-06-13,1
16860,214,4,2026-06-13,1
16861,117,4,2026-06-13,3
16862,156,4,2026-06-13,1
16863,181,4,2026-06-13,3
16864,248,4,2026-06-13,2
16865,280,4,2026-06-13,1
16866,43,4,2026-06-13,3
16867,292,4,2026-06-13,1
16868,83,4,2026-06-13,1
16869,134,4,2026-06-13,2
16870,203,4,2026-06-13,1
16871,154,4,2026-06-13,1
16872,107,4,2026-06-13,1
16873,34,4,2026-06-13,1
16874,2,4,2026-06-13,2
16875,138,4,2026-06-13,1
16876,70,4,2026-06-13,4
16877,213,4,2026-06-13,1
16878,7,4,2026-06-13,2
16879,92,4,2026-06-13,4
16880,217,4,2026-06-14,4
16881,43,4,2026-06-14,1
16882,185,4,2026-06-14,1
16883,69,4,2026-06-14,1
16884,214,4,2026-06-14,2
16885,154,4,2026-06-14,3
16886,129,4,2026-06-14,2
16887,161,4,2026-06-14,4
16888,221,4,2026-06-14,2
16889,279,4,2026-06-14,2
16890,12,4,2026-06-14,2
16891,100,4,2026-06-14,3
16892,72,4,2026-06-14,3
16893,71,4,2026-06-14,2
16894,158,4,2026-06-14,1
16895,246,4,2026-06-14,1
16896,64,4,2026-06-14,1
16897,92,4,2026-06-14,2
16898,193,4,2026-06-14,2
16899,48,4,2026-06-15,5
16900,153,4,2026-06-15,2
16901,293,4,2026-06-15,4
16902,71,4,2026-06-15,2
16903,219,4,2026-06-15,4
16904,231,4,2026-06-15,3
16905,225,4,2026-06-15,3
16906,113,4,2026-06-15,4
16907,298,4,2026-06-15,4
16908,65,4,2026-06-15,7
16909,148,4,2026-06-15,3
16910,104,4,2026-06-15,2
16911,227,4,2026-06-15,1
16912,161,4,2026-06-15,4
16913,135,4,2026-06-15,2
16914,72,4,2026-06-15,3
16915,242,4,2026-06-15,6
16916,294,4,2026-06-15,1
16917,64,4,2026-06-15,2
16918,217,4,2026-06-15,6
16919,214,4,2026-06-15,5
16920,47,4,2026-06-15,2
16921,100,4,2026-06-15,6
16922,270,4,2026-06-15,3
16923,124,4,2026-06-15,1
16924,285,4,2026-06-15,5
16925,107,4,2026-06-15,3
16926,155,4,2026-06-15,5
16927,101,4,2026-06-15,4
16928,245,4,2026-06-15,3
16929,13,4,2026-06-15,5
16930,204,4,2026-06-15,6
16931,46,4,2026-06-15,1
16932,153,4,2026-06-16,4
16933,296,4,2026-06-16,3
16934,81,4,2026-06-16,2
16935,112,4,2026-06-16,3
16936,148,4,2026-06-16,3
16937,107,4,2026-06-16,3
16938,234,4,2026-06-16,2
16939,248,4,2026-06-16,3
16940,292,4,2026-06-16,5
16941,285,4,2026-06-16,3
16942,92,4,2026-06-16,6
16943,231,4,2026-06-16,4
16944,113,4,2026-06-16,6
16945,48,4,2026-06-16,4
16946,213,4,2026-06-16,7
16947,181,4,2026-06-16,2
16948,129,4,2026-06-16,7
16949,154,4,2026-06-16,5
16950,43,4,2026-06-16,4
16951,135,4,2026-06-16,2
16952,185,4,2026-06-16,3
16953,64,4,2026-06-16,1
16954,44,4,2026-06-16,7
16955,214,4,2026-06-16,4
16956,67,4,2026-06-16,1
16957,49,4,2026-06-16,5
16958,71,4,2026-06-17,3
16959,185,4,2026-06-17,1
16960,94,4,2026-06-17,6
16961,17,4,2026-06-17,5
16962,217,4,2026-06-17,3
16963,174,4,2026-06-17,5
16964,92,4,2026-06-17,3
16965,245,4,2026-06-17,2
16966,225,4,2026-06-17,4
16967,112,4,2026-06-17,2
16968,193,4,2026-06-17,6
16969,12,4,2026-06-17,4
16970,85,4,2026-06-17,5
16971,179,4,2026-06-17,1
16972,212,4,2026-06-17,5
16973,242,4,2026-06-17,2
16974,84,4,2026-06-17,4
16975,34,4,2026-06-17,1
16976,129,4,2026-06-17,4
16977,203,4,2026-06-17,6
16978,214,4,2026-06-17,2
16979,298,4,2026-06-17,5
16980,295,4,2026-06-17,2
16981,248,4,2026-06-17,7
16982,246,4,2026-06-17,3
16983,292,4,2026-06-17,5
16984,225,4,2026-06-18,3
16985,44,4,2026-06-18,3
16986,130,4,2026-06-18,3
16987,85,4,2026-06-18,3
16988,279,4,2026-06-18,4
16989,221,4,2026-06-18,3
16990,89,4,2026-06-18,2
16991,69,4,2026-06-18,3
16992,180,4,2026-06-18,4
16993,167,4,2026-06-18,2
16994,296,4,2026-06-18,5
16995,46,4,2026-06-18,5
16996,134,4,2026-06-18,5
16997,294,4,2026-06-18,6
16998,92,4,2026-06-18,6
16999,297,4,2026-06-18,3
17000,153,4,2026-06-18,6
17001,43,4,2026-06-18,2
17002,2,4,2026-06-18,4
17003,56,4,2026-06-18,4
17004,15,4,2026-06-18,5
17005,49,4,2026-06-18,6
17006,164,4,2026-06-18,4
17007,34,4,2026-06-18,4
17008,112,4,2026-06-18,1
17009,217,4,2026-06-18,8
17010,17,4,2026-06-18,1
17011,240,4,2026-06-18,2
17012,62,4,2026-06-18,6
17013,295,4,2026-06-18,8
17014,47,4,2026-06-18,4
17015,270,4,2026-06-18,2
17016,114,4,2026-06-18,2
17017,70,4,2026-06-18,5
17018,245,4,2026-06-19,2
17019,296,4,2026-06-19,8
17020,270,4,2026-06-19,5
17021,248,4,2026-06-19,5
17022,193,4,2026-06-19,3
17023,125,4,2026-06-19,4
17024,135,4,2026-06-19,1
17025,81,4,2026-06-19,2
17026,217,4,2026-06-19,5
17027,234,4,2026-06-19,3
17028,227,4,2026-06-19,2
17029,19,4,2026-06-19,5
17030,181,4,2026-06-19,3
17031,212,4,2026-06-19,5
17032,240,4,2026-06-19,5
17033,221,4,2026-06-19,3
17034,65,4,2026-06-19,2
17035,64,4,2026-06-19,6
17036,40,4,2026-06-19,2
17037,70,4,2026-06-19,2
17038,201,4,2026-06-19,5
17039,113,4,2026-06-19,9
17040,138,4,2026-06-19,4
17041,156,4,2026-06-19,1
17042,174,4,2026-06-19,3
17043,203,4,2026-06-19,1
17044,148,4,2026-06-19,5
17045,44,4,2026-06-20,2
17046,213,4,2026-06-20,1
17047,71,4,2026-06-20,2
17048,40,4,2026-06-20,5
17049,265,4,2026-06-20,2
17050,83,4,2026-06-20,2
17051,47,4,2026-06-20,1
17052,180,4,2026-06-20,2
17053,193,4,2026-06-20,2
17054,81,4,2026-06-20,1
17055,94,4,2026-06-20,1
17056,174,4,2026-06-20,2
17057,130,4,2026-06-20,4
17058,102,4,2026-06-20,1
17059,155,4,2026-06-20,1
17060,296,4,2026-06-20,3
17061,134,4,2026-06-20,2
17062,49,4,2026-06-20,1
17063,234,4,2026-06-20,2
17064,113,4,2026-06-21,2
17065,138,4,2026-06-21,2
17066,242,4,2026-06-21,5
17067,164,4,2026-06-21,1
17068,248,4,2026-06-21,1
17069,295,4,2026-06-21,2
17070,85,4,2026-06-21,1
17071,56,4,2026-06-21,2
17072,46,4,2026-06-21,1
17073,71,4,2026-06-21,2
17074,72,4,2026-06-22,2
17075,225,4,2026-06-22,5
17076,94,4,2026-06-22,2
17077,174,4,2026-06-22,3
17078,34,4,2026-06-22,5
17079,245,4,2026-06-22,4
17080,71,4,2026-06-22,1
17081,285,4,2026-06-22,6
17082,19,4,2026-06-22,2
17083,113,4,2026-06-22,3
17084,231,4,2026-06-22,2
17085,295,4,2026-06-22,4
17086,114,4,2026-06-22,3
17087,13,4,2026-06-22,4
17088,47,4,2026-06-22,3
17089,296,4,2026-06-22,3
17090,89,4,2026-06-22,8
17091,203,4,2026-06-23,3
17092,270,4,2026-06-23,3
17093,293,4,2026-06-23,4
17094,92,4,2026-06-23,5
17095,155,4,2026-06-23,4
17096,295,4,2026-06-23,5
17097,179,4,2026-06-23,1
17098,297,4,2026-06-23,7
17099,34,4,2026-06-23,1
17100,125,4,2026-06-23,4
17101,298,4,2026-06-23,6
17102,173,4,2026-06-23,4
17103,296,4,2026-06-23,5
17104,234,4,2026-06-23,8
17105,219,4,2026-06-23,5
17106,14,4,2026-06-23,3
17107,43,4,2026-06-23,8
17108,64,4,2026-06-23,2
17109,72,4,2026-06-23,2
17110,174,4,2026-06-23,5
17111,280,4,2026-06-23,1
17112,158,4,2026-06-23,1
17113,44,4,2026-06-23,5
17114,153,4,2026-06-23,9
17115,124,4,2026-06-23,7
17116,81,4,2026-06-23,4
17117,143,4,2026-06-24,7
17118,155,4,2026-06-24,7
17119,47,4,2026-06-24,13
17120,201,4,2026-06-24,8
17121,49,4,2026-06-24,2
17122,34,4,2026-06-24,6
17123,71,4,2026-06-24,7
17124,93,4,2026-06-24,6
17125,94,4,2026-06-24,15
17126,12,4,2026-06-24,8
17127,245,4,2026-06-24,13
17128,181,4,2026-06-24,9
17129,117,4,2026-06-24,12
17130,65,4,2026-06-24,7
17131,62,4,2026-06-24,7
17132,285,4,2026-06-24,9
17133,203,4,2026-06-24,5
17134,112,4,2026-06-24,6
17135,185,4,2026-06-25,2
17136,242,4,2026-06-25,6
17137,156,4,2026-06-25,9
17138,89,4,2026-06-25,10
17139,217,4,2026-06-25,2
17140,83,4,2026-06-25,12
17141,153,4,2026-06-25,8
17142,300,4,2026-06-25,9
17143,293,4,2026-06-25,5
17144,173,4,2026-06-25,2
17145,138,4,2026-06-25,6
17146,143,4,2026-06-25,3
17147,245,4,2026-06-25,4
17148,292,4,2026-06-25,2
17149,94,4,2026-06-25,5
17150,129,4,2026-06-25,7
17151,214,4,2026-06-25,7
17152,85,4,2026-06-25,5
17153,34,4,2026-06-25,6
17154,124,4,2026-06-25,8
17155,117,4,2026-06-25,11
17156,134,4,2026-06-25,3
17157,231,4,2026-06-25,9
17158,161,4,2026-06-25,8
17159,265,4,2026-06-25,4
17160,246,4,2026-06-25,8
17161,14,4,2026-06-26,6
17162,300,4,2026-06-26,2
17163,85,4,2026-06-26,4
17164,34,4,2026-06-26,3
17165,65,4,2026-06-26,5
17166,104,4,2026-06-26,4
17167,173,4,2026-06-26,5
17168,81,4,2026-06-26,1
17169,102,4,2026-06-26,6
17170,174,4,2026-06-26,6
17171,17,4,2026-06-26,7
17172,167,4,2026-06-26,3
17173,130,4,2026-06-26,7
17174,161,4,2026-06-26,3
17175,12,4,2026-06-26,4
17176,107,4,2026-06-26,5
17177,93,4,2026-06-26,13
17178,20,4,2026-06-26,3
17179,89,4,2026-06-26,5
17180,265,4,2026-06-26,3
17181,156,4,2026-06-26,4
17182,56,4,2026-06-26,2
17183,164,4,2026-06-26,3
17184,155,4,2026-06-26,7
17185,83,4,2026-06-26,8
17186,100,4,2026-06-26,7
17187,181,4,2026-06-26,3
17188,70,4,2026-06-26,1
17189,40,4,2026-06-27,1
17190,25,4,2026-06-27,1
17191,155,4,2026-06-27,3
17192,64,4,2026-06-27,4
17193,246,4,2026-06-27,4
17194,138,4,2026-06-27,2
17195,43,4,2026-06-27,1
17196,300,4,2026-06-27,1
17197,204,4,2026-06-27,4
17198,72,4,2026-06-27,3
17199,69,4,2026-06-27,1
17200,213,4,2026-06-27,4
17201,17,4,2026-06-27,1
17202,100,4,2026-06-27,1
17203,125,4,2026-06-27,1
17204,296,4,2026-06-27,3
17205,221,4,2026-06-27,3
17206,107,4,2026-06-27,1
17207,185,4,2026-06-27,2
17208,101,4,2026-06-27,1
17209,89,4,2026-06-27,5
17210,154,4,2026-06-27,2
17211,173,4,2026-06-27,1
17212,65,4,2026-06-27,6
17213,161,4,2026-06-27,1
17214,34,4,2026-06-27,1
17215,156,4,2026-06-27,1
17216,193,4,2026-06-27,1
17217,225,4,2026-06-27,1
17218,7,4,2026-06-27,1
17219,14,4,2026-06-27,2
17220,214,4,2026-06-27,1
17221,285,4,2026-06-28,3
17222,101,4,2026-06-28,4
17223,12,4,2026-06-28,2
17224,138,4,2026-06-28,3
17225,117,4,2026-06-28,1
17226,185,4,2026-06-28,4
17227,234,4,2026-06-28,2
17228,161,4,2026-06-28,3
17229,231,4,2026-06-28,2
17230,240,4,2026-06-28,2
17231,114,4,2026-06-28,3
17232,148,4,2026-06-28,2
17233,245,4,2026-06-28,2
17234,102,4,2026-06-28,3
17235,143,4,2026-06-29,10
17236,270,4,2026-06-29,2
17237,227,4,2026-06-29,5
17238,69,4,2026-06-29,5
17239,231,4,2026-06-29,4
17240,245,4,2026-06-29,2
17241,67,4,2026-06-29,6
17242,234,4,2026-06-29,6
17243,112,4,2026-06-29,4
17244,279,4,2026-06-29,1
17245,34,4,2026-06-29,3
17246,117,4,2026-06-29,4
17247,179,4,2026-06-29,5
17248,14,4,2026-06-29,5
17249,158,4,2026-06-29,8
17250,125,4,2026-06-29,2
17251,164,4,2026-06-29,2
17252,173,4,2026-06-29,4
17253,296,4,2026-06-29,6
17254,192,4,2026-06-29,8
17255,93,4,2026-06-29,2
17256,193,4,2026-06-29,6
17257,130,4,2026-06-29,4
17258,300,4,2026-06-29,6
17259,154,4,2026-06-29,2
17260,181,4,2026-06-29,4
17261,203,4,2026-06-29,5
